create database king_county_metro
use king_county_metro

drop table if exists agency
CREATE TABLE agency (
    agency_id INT NOT NULL PRIMARY KEY IDENTITY(1, 1),
    agency_name VARCHAR(50) NOT NULL,
    agency_phone VARCHAR(15) not null
);


-- Ticket Table
drop table if exists ticket
CREATE TABLE ticket (
    ticket_id INT NOT NULL PRIMARY KEY IDENTITY(1, 1),
    agency_id INT not null,
    cost DECIMAL(4, 2) NOT NULL
);


-- Rider Table
drop table if exists rider
CREATE TABLE rider (
    rider_id INT NOT NULL PRIMARY KEY IDENTITY(1, 1),
    rider_firstname VARCHAR(255) NOT NULL,
    rider_lastname VARCHAR(255) NOT NULL,
    rider_contact_number varchar(10) not null
);

-- Rider_Ticket Table
drop table if exists rider_ticket
CREATE TABLE rider_ticket (
    rider_ticket_id int NOT NULL PRIMARY KEY IDENTITY(1, 1),
    ticket_id INT not null,
    rider_id INT not null 
);


-- Routes Table
drop table if exists routes
CREATE TABLE routes (
    route_id INT NOT NULL PRIMARY KEY IDENTITY(1, 1),
    agency_id INT not null,
    route_short_name VARCHAR(50) not null,
    route_desc VARCHAR(255) not null, 
);


-- Stations Table
drop table if exists stations
CREATE TABLE stations (
    stations_id INT NOT NULL PRIMARY KEY IDENTITY(1, 1),
    stations_street VARCHAR(255) NOT NULL,
);

-- Route_Stations Table
drop table if exists route_stations
CREATE TABLE route_stations (
    route_stations_id INT NOT NULL PRIMARY KEY IDENTITY(1, 1),
    route_id INT not null,
    stations_id INT not null
);


-- Buses Table
drop table if exists buses
CREATE TABLE buses (
    bus_id INT NOT NULL PRIMARY KEY IDENTITY(1, 1),
    bus_type VARCHAR(50) NOT NULL,
    bus_driver_id INT not null
);


-- Bus_Driver Table
drop table if exists bus_driver
CREATE TABLE bus_driver (
    bus_driver_id INT NOT NULL PRIMARY KEY IDENTITY(1, 1),
    bus_driver_firstname VARCHAR(100) NOT NULL,
    bus_driver_lastname VARCHAR(100) NOT NULL
);

-- Trip_Details Table
drop table if exists trip_details
CREATE TABLE trip_details (
    trip_detail_id INT NOT NULL PRIMARY KEY IDENTITY(1, 1),
    bus_id INT not null,
    route_id INT not null,
    rider_id INT not null,
    trip_start_time DATETIME NOT NULL,
    trip_end_time DATETIME NOT NULL
);




--Insert data
SET IDENTITY_INSERT agency on
INSERT INTO agency(agency_id,agency_name,agency_phone)
VALUES
    (1,'Metro Transit','206-553-3000')
    ,(40,'Sound Transit','1-888-889-6368')
    ,(23,'City of Seattle','206-684-7623');
SET IDENTITY_INSERT agency off

SET IDENTITY_INSERT ticket on
INSERT INTO ticket(ticket_id,agency_id,cost) 
VALUES
    (300,1,0)
    ,(100,1,0)
    ,(101,1,2.75)
    ,(110,1,2.75)
    ,(305,1,4.75)
    ,(501,40,3.25)
    ,(502,40,3.25)
    ,(700,1,4.75)
    ,(701,1,5.5)
    ,(900,1,2.5)
    ,(915,23,2.25);
SET IDENTITY_INSERT ticket off

SET IDENTITY_INSERT rider on
INSERT INTO rider(rider_id,rider_firstname,rider_lastname,rider_contact_number) 
VALUES
    (1,'Jon','Neilus',8649126452)
    ,(2,'Yorgos','Priestnall',1835882561)
    ,(3,'Xerxes','Gorch',8904739363)
    ,(4,'Holli','Petracci',7831795753)
    ,(5,'Jackie','Broinlich',4401452000)
    ,(6,'Guillema','Grabb',9454943420)
    ,(7,'Lyda','Goodsir',3388458576)
    ,(8,'Yoko','O''Cuddie',9525825887)
    ,(9,'Bern','Tures',4186795513)
    ,(10,'Mariska','Harbison',9162240060)
    ,(11,'Salomon','Wrangle',1821245812)
    ,(12,'Milicent','Libbie',9587294837)
    ,(13,'Eba','Brownlow',2729889064)
    ,(14,'Emelyne','Rickerby',8582546405)
    ,(15,'Putnem','Tie',4218813261)
    ,(16,'Stanislaw','Steffans',6177380659)
    ,(17,'Stefania','Winspear',4296357605)
    ,(18,'Pietra','Lenthall',9607771636)
    ,(19,'Tate','Craw',9442598273)
    ,(20,'Dal','Ibbetson',9271394008)
    ,(21,'Emmalynne','d''Escoffier',2257137691)
    ,(22,'Cally','Vonderdell',4252675576)
    ,(23,'Jeanie','Seiter',3953681243)
    ,(24,'Storm','MacLoughlin',5465006582)
    ,(25,'Audi','Ripsher',7311310101)
    ,(26,'Ezechiel','Aplin',9694006236)
    ,(27,'Vaughan','Murrow',4564819666)
    ,(28,'Linnie','Thom',8169254686)
    ,(29,'Celinda','Schutt',7184253669)
    ,(30,'Addy','Abrashkov',1697386864)
    ,(31,'Kean','Wainer',2458566035)
    ,(32,'Brooks','Lalonde',2932646419)
    ,(33,'Dur','Hruska',1002518439)
    ,(34,'Remy','Suston',2148238719)
    ,(35,'Judon','Swannick',1485606790)
    ,(36,'Brandais','Bozier',1627309033)
    ,(37,'Tandy','Rawsthorne',3902965948)
    ,(38,'Clementius','Chewter',4069031050)
    ,(39,'Darrick','Cottrill',9588350678)
    ,(40,'Garwin','Miles',1547062882)
    ,(41,'Oliver','O'' Sullivan',2799779230)
    ,(42,'Hewie','Tart',1188889523)
    ,(43,'Pail','Beatens',6921747934)
    ,(44,'Saxe','Balding',9107588069)
    ,(45,'Maximo','Carnock',3242054571)
    ,(46,'Elly','Barrington',8546425142)
    ,(47,'Effie','Petken',1637045715)
    ,(48,'Kizzee','Manvell',7288566809)
    ,(49,'Sada','Barke',1006348792)
    ,(50,'Leonore','Saffin',5371055784)
    ,(51,'Stormie','Grigolli',9091202366)
    ,(52,'Kristal','Doddemeade',5097368347)
    ,(53,'Lorrin','Avesque',4191327434)
    ,(54,'Aurelie','Watman',8833527889)
    ,(55,'Byran','Branton',4768752130)
    ,(56,'Adelbert','Birks',3155729002)
    ,(57,'Carissa','Ovenell',7725060760)
    ,(58,'Juli','Spawton',7787951491)
    ,(59,'Tim','Stocker',9625458101)
    ,(60,'Rhys','Eisikovitsh',8174108473)
    ,(61,'Regen','Shortcliffe',9817753690)
    ,(62,'Zenia','Plank',5349453362)
    ,(63,'Ciro','Tabourin',1501446898)
    ,(64,'Joni','Roy',4168563005)
    ,(65,'Gabey','Solesbury',8802908385)
    ,(66,'Guido','Majury',5462533160)
    ,(67,'Lauritz','Darker',6991182334)
    ,(68,'Cissiee','Tidy',8737637311)
    ,(69,'Karin','Vassar',4671683635)
    ,(70,'Ninon','Ziemecki',1445756586)
    ,(71,'Guglielmo','Coffee',7573984153)
    ,(72,'Lilla','Snoad',5184273986)
    ,(73,'Teador','Wartonby',2347141492)
    ,(74,'Rainer','Redemile',3631353950)
    ,(75,'Ashely','Conkay',1574734169)
    ,(76,'Charissa','Orkney',8954967553)
    ,(77,'Shani','Crow',7271531132)
    ,(78,'Bertie','Palle',2754466374)
    ,(79,'Zelig','Lutzmann',9853029883)
    ,(80,'Kip','Tireman',3827785774)
    ,(81,'Carlen','Nassy',1073668812)
    ,(82,'Gloriana','Wegman',7664739404)
    ,(83,'Linell','Meakin',6744486684)
    ,(84,'Marcel','Popplewell',5711464683)
    ,(85,'Scott','Toffel',1753969920)
    ,(86,'Sherill','Margrem',9682846057)
    ,(87,'Geoffry','Neath',9792382434)
    ,(88,'Jayme','Buist',2955770881)
    ,(89,'Monte','Rides',8647773788)
    ,(90,'Haley','Townley',3624362030)
    ,(91,'Carrol','Poundford',7411168799)
    ,(92,'Krystalle','Besemer',2136940294)
    ,(93,'Thacher','Anwell',8867370665)
    ,(94,'Phip','Reddell',2718476907)
    ,(95,'Salomi','Prinett',1364743358)
    ,(96,'Johann','Cassin',2214772119)
    ,(97,'Carney','Leeves',7355145685)
    ,(98,'Ginnifer','Dyble',2362223710)
    ,(99,'Hadria','Duckerin',4646409564)
    ,(100,'Tanya','Speechley',3829447376)
    ,(101,'Fernando','Acres',5904905550)
    ,(102,'Tammie','Bogges',6321540081)
    ,(103,'Bunni','McKeggie',4122674151)
    ,(104,'Bendite','Agostini',5497773102)
    ,(105,'Yvor','Rupp',3605742708)
    ,(106,'Kassandra','Hanhard',4438440798)
    ,(107,'Oralie','McNaughton',4723065843)
    ,(108,'Bonnibelle','Tippler',3755818381)
    ,(109,'Augie','Sackur',5457027185)
    ,(110,'Edgard','Blaymires',1433206821)
    ,(111,'Doralynne','Frie',1719736893)
    ,(112,'Nolie','Simon',1879958678)
    ,(113,'Rickie','Stell',4458812499)
    ,(114,'Yovonnda','Brolan',9065773775)
    ,(115,'Catie','Arthars',4217057662)
    ,(116,'Tess','Cockill',3735721406)
    ,(117,'Corbett','Alexsandrovich',9561879991)
    ,(118,'Stearne','Sparrowe',3915809403)
    ,(119,'Frances','Creffield',4758646886)
    ,(120,'Opalina','Egre',6901424820)
    ,(121,'Cortney','Middle',2903880471)
    ,(122,'Heddie','Spilsburie',2216535289)
    ,(123,'Tedmund','Cavendish',7396476057)
    ,(124,'Zacharias','Boniface',9059344748)
    ,(125,'Blinni','Elcock',1184786028)
    ,(126,'Laural','Pamphilon',2963923264)
    ,(127,'Jerrylee','Frackiewicz',8218917613)
    ,(128,'Loutitia','Spensly',7535461060)
    ,(129,'Winifred','Abdy',8292772326)
    ,(130,'Cristie','Nyland',1986757775)
    ,(131,'Devonna','Defty',5189743532)
    ,(132,'Kristo','Camfield',8256168788)
    ,(133,'Nicolais','Arnull',1331668822)
    ,(134,'Elwood','Batrip',9595073418)
    ,(135,'Bennie','Broseman',4118194200)
    ,(136,'Korie','Baulk',2741562493)
    ,(137,'Latashia','Buddington',7451588953)
    ,(138,'Kimberly','Stainburn',2899320803)
    ,(139,'Ashlen','Trahair',1816402456)
    ,(140,'Selina','Patmore',4808149427)
    ,(141,'Ashlee','Beever',1542423365)
    ,(142,'Daisi','Glander',5178567719)
    ,(143,'Wallis','Worsnip',3475407547)
    ,(144,'Lesya','Houndson',1281083097)
    ,(145,'Georgi','Lemanu',7972718760)
    ,(146,'Delano','Scade',2241452088)
    ,(147,'Shay','Fenich',7695416828)
    ,(148,'Jorie','Aggs',1968570574)
    ,(149,'Vonni','Adderson',7836395167)
    ,(150,'Ase','Petruk',1913491828)
    ,(151,'Lexine','Whereat',5092263824)
    ,(152,'Gerladina','Shillington',2982300415)
    ,(153,'Janna','Belshaw',1205816745)
    ,(154,'Tansy','Attfield',1673515294)
    ,(155,'Alistair','Tomkys',4688019697)
    ,(156,'Wernher','Plaid',3836724172)
    ,(157,'Letizia','Biswell',4357943020)
    ,(158,'Salome','Claibourn',7141595109)
    ,(159,'Merrel','Overlow',9912631329)
    ,(160,'Rubie','But',5174563448)
    ,(161,'Terry','Boller',4281360192)
    ,(162,'Joela','Elwel',5758966387)
    ,(163,'Aleece','O'' Brian',4091850959)
    ,(164,'Lancelot','Kibard',8331938677)
    ,(165,'Windham','Bartozzi',8093602265)
    ,(166,'Rance','Alexandersen',6852512942)
    ,(167,'Tommie','Ambroziak',7912605416)
    ,(168,'Darleen','Cornau',3248971928)
    ,(169,'Daisi','Guinane',2603569312)
    ,(170,'Zuzana','Simek',2277955912)
    ,(171,'Norry','Gomer',8741939903)
    ,(172,'Nariko','Bruinemann',6013160391)
    ,(173,'Simeon','Arbon',8152057049)
    ,(174,'Mallory','Muino',6094549286)
    ,(175,'Lyndel','Harsnep',4992619089)
    ,(176,'Pamella','Van Geffen',7204589554)
    ,(177,'Nance','Todaro',6551688501)
    ,(178,'Clementine','Decaze',3511745141)
    ,(179,'Shawn','Greenwood',3443948066)
    ,(180,'Vernice','Cossell',2189611143)
    ,(181,'Jenny','Fiddy',1423366787)
    ,(182,'Lucy','Moncrieffe',1018770312)
    ,(183,'Westley','O''Caherny',9396953319)
    ,(184,'Lanie','Sidney',6118671049)
    ,(185,'Matthus','De Angelis',1565195457)
    ,(186,'Fabe','Pickles',8167926901)
    ,(187,'Ursala','Alywen',9591317601)
    ,(188,'Lonnie','Robard',3658678108)
    ,(189,'Sarajane','Steane',2876873318)
    ,(190,'Fanchette','Slowgrave',6626668204)
    ,(191,'Putnem','Murtimer',9762617134)
    ,(192,'Chrystel','Cecchi',2016696508)
    ,(193,'Dewie','Petters',7396920804)
    ,(194,'Yankee','Erdely',7947126292)
    ,(195,'Arvin','Dorian',9599437108)
    ,(196,'Billy','Kemble',4239749702)
    ,(197,'Karleen','Rabbet',5464578112)
    ,(198,'Ethelyn','Francesc',1235221518)
    ,(199,'Traci','Gallichan',2288894071)
    ,(200,'Carlyle','Peirce',2792075093)
    ,(201,'Georas','Wyldbore',5869020516)
    ,(202,'Orrin','Treace',2987908139)
    ,(203,'Dov','Scotney',8018970117)
    ,(204,'Dasie','Wilkennson',5096928067)
    ,(205,'Ania','Monelle',6156150494)
    ,(206,'Mathias','Deller',8133477781)
    ,(207,'Gran','Wiggans',9619802689)
    ,(208,'Wynn','Nuscha',7874557264)
    ,(209,'Launce','Warrillow',4682160077)
    ,(210,'Jodie','Malim',4072895912)
    ,(211,'Victoria','Wreakes',3746342945)
    ,(212,'Morry','Laterza',5717914942)
    ,(213,'Tanhya','Kennady',5093392540)
    ,(214,'Dayna','Guwer',7664034075)
    ,(215,'Kermie','Drage',5426423118)
    ,(216,'Franny','Cobden',6453141844)
    ,(217,'Lavinie','Woodruff',7216051587)
    ,(218,'Abe','Clapham',6756511820)
    ,(219,'Goldy','Capp',9655930347)
    ,(220,'Robinson','Fransemai',4392414406)
    ,(221,'Leonardo','Inglese',2655874185)
    ,(222,'Nancy','Trighton',8173141795)
    ,(223,'Minerva','Liveley',1387689264)
    ,(224,'Phillip','Sammars',9536923903)
    ,(225,'Giselle','Lyste',3529648016)
    ,(226,'Glennie','Matanin',8932598550)
    ,(227,'Jackie','Cauthra',3801223872)
    ,(228,'Vale','Andriveaux',8469726536)
    ,(229,'Starla','Thistleton',2929719905)
    ,(230,'Ives','Das',9401358844)
    ,(231,'Davin','Tedahl',5413520137)
    ,(232,'Lorita','Shard',3353110147)
    ,(233,'Lebbie','McGahey',4275106277)
    ,(234,'Brad','Toman',6984311146)
    ,(235,'Laural','Daburn',5468415212)
    ,(236,'Christian','Brunsen',2457195003)
    ,(237,'Obadiah','Dedham',6551219906)
    ,(238,'Moreen','Bearne',4077516896)
    ,(239,'Bethina','Danaher',2168011149)
    ,(240,'Lenci','Draayer',8302432657)
    ,(241,'Nate','Ritchley',4974448721)
    ,(242,'Alberta','Coch',5257968650)
    ,(243,'Amargo','Shallo',7148607173)
    ,(244,'Rochella','Dosedale',8986044515)
    ,(245,'Harrietta','Natwick',2091270153)
    ,(246,'Lydon','Walkey',6776378404)
    ,(247,'Vergil','Hambidge',9006729283)
    ,(248,'Anabelle','Bonas',6759738478)
    ,(249,'Jeffy','Broose',4141099814)
    ,(250,'Quill','Adacot',9178602485)
    ,(251,'Alexine','Chatenet',3344094589)
    ,(252,'Jakob','Sutton',4273525566)
    ,(253,'Pierson','Pargiter',3133228056)
    ,(254,'Alejandrina','Tadgell',5712888289)
    ,(255,'Noe','MacFadden',9347068233)
    ,(256,'Devy','Rich',8322616054)
    ,(257,'Heath','Exroll',2723870530)
    ,(258,'Devin','Habbert',2633623992)
    ,(259,'Ronny','Keetch',3075833636)
    ,(260,'Jacintha','Ashburne',6104017525)
    ,(261,'Rosmunda','Bodiam',6823989381)
    ,(262,'Joeann','Creaser',3283860266)
    ,(263,'Paxon','Coners',2261482717)
    ,(264,'Jareb','McCleverty',5393050783)
    ,(265,'Ricard','Boissieux',1597848266)
    ,(266,'Perri','Carlyle',6911506604)
    ,(267,'Natalie','Frickey',1612755674)
    ,(268,'Mario','Caris',2728755179)
    ,(269,'Sena','Bennellick',6475659236)
    ,(270,'Ethelin','Marqyes',6548555588)
    ,(271,'Woodie','Bris',4589016267)
    ,(272,'Lief','Symones',7148719578)
    ,(273,'Ricard','Prince',4852522769)
    ,(274,'Shaw','Tureville',8797073982)
    ,(275,'Sharlene','Kubu',4232152090)
    ,(276,'Mellie','Stayte',5168947529)
    ,(277,'Kenyon','Goodrick',8343620540)
    ,(278,'Boone','McEwen',1123750487)
    ,(279,'Hedvige','Trollope',1331466762)
    ,(280,'Keir','Heare',4357718683)
    ,(281,'Paulette','Kimmel',3941916796)
    ,(282,'Jasmin','Blasoni',8562998215)
    ,(283,'Koo','McFeat',3101217942)
    ,(284,'Mendy','Yegorchenkov',2569281965)
    ,(285,'Odele','Graysmark',2346606151)
    ,(286,'Gan','Aldersea',6895956428)
    ,(287,'Sharona','Gallymore',5406331679)
    ,(288,'Thurstan','Pellman',5841251500)
    ,(289,'Ame','Lambden',1679423891)
    ,(290,'Linnell','Wormstone',8824581541)
    ,(291,'Onfroi','Franscioni',7569200182)
    ,(292,'Peggi','Bachelar',8797821960)
    ,(293,'Greta','Moffatt',6822629400)
    ,(294,'Flin','Ceresa',9421773449)
    ,(295,'Eugene','Dykes',8307141768)
    ,(296,'Georgia','Hazel',8482106100)
    ,(297,'Goddart','Sushams',5011375789)
    ,(298,'Othilie','Gilbeart',2252112510)
    ,(299,'Lu','Doale',2887968560)
    ,(300,'Beverie','Espasa',2011663707)
    ,(301,'Walt','McQuilliam',8602149711)
    ,(302,'Ollie','Brosius',1649916126)
    ,(303,'Arlinda','Cottage',5565334732)
    ,(304,'Wallache','Blackaller',8165676222)
    ,(305,'Evelin','Jacquemy',2344651070)
    ,(306,'Halsy','Muirhead',3589296515)
    ,(307,'Sheffy','Gueny',2964209470)
    ,(308,'Kassie','McIlhatton',3774942723)
    ,(309,'Reidar','O''Bradain',1864902979)
    ,(310,'Vannie','Becket',2527436323)
    ,(311,'Merrilee','Hayball',2651322804)
    ,(312,'Nappie','Stenner',4429895684)
    ,(313,'Modestine','Feifer',8194440985)
    ,(314,'Dalston','Goadby',3197726660)
    ,(315,'Nicole','Oldroyde',5407603936)
    ,(316,'Aindrea','Huertas',9147824867)
    ,(317,'Raphael','Gauchier',4878244632)
    ,(318,'Esma','Ragless',1033236929)
    ,(319,'Wayland','Pelfer',1949989264)
    ,(320,'Cherilynn','Cadman',9013369872)
    ,(321,'Miranda','Burnett',3118518447)
    ,(322,'Hashim','Sheffield',9512073547)
    ,(323,'Gabby','Muriel',9671051580)
    ,(324,'Rochell','Woolens',2895526793)
    ,(325,'Joelly','Esbrook',6181191899)
    ,(326,'Tyler','Marrian',4425241642)
    ,(327,'Jamie','Cayle',4752535213)
    ,(328,'Maxie','Hagergham',6296528717)
    ,(329,'Kerstin','Stripling',4717485603)
    ,(330,'Borg','Capstake',1856606906)
    ,(331,'Garth','Beals',9795707733)
    ,(332,'Kean','Dowty',8089081087)
    ,(333,'Ferris','Antao',4581289810)
    ,(334,'Marci','Altoft',3937218222)
    ,(335,'Ellerey','Laughton',8206395595)
    ,(336,'Heidie','Klaesson',6919807951)
    ,(337,'Philomena','Sabate',1879271881)
    ,(338,'Ellwood','Breyt',7484191040)
    ,(339,'Adelind','De Hoogh',5394851281)
    ,(340,'Bab','Debell',7335457890)
    ,(341,'Babbette','Engeham',4841395587)
    ,(342,'Hilario','Keam',8235373736)
    ,(343,'Ansell','McGaw',9665732726)
    ,(344,'Alex','Tomik',3935111528)
    ,(345,'Gaylord','Naseby',4196845132)
    ,(346,'Sarita','Beany',2687331415)
    ,(347,'Somerset','Leemans',6337033254)
    ,(348,'Katheryn','Gossipin',2146611764)
    ,(349,'Sarene','Gaitley',2008339370)
    ,(350,'Hercules','Fuentes',3853258525)
    ,(351,'Valentine','Korda',7975201974)
    ,(352,'Andria','Ettels',9792578274)
    ,(353,'Adolphe','Hoogendorp',9449933060)
    ,(354,'Eloisa','Reede',4633177690)
    ,(355,'Timmi','Berick',6346580513)
    ,(356,'Sandie','Richter',2443578968)
    ,(357,'Maddi','Ferrarin',6906200265)
    ,(358,'Constanta','Malpas',8123531824)
    ,(359,'Scottie','Michie',1558783003)
    ,(360,'Ozzy','Ritmeyer',6403608164)
    ,(361,'Katheryn','Croxton',4238866591)
    ,(362,'Margarita','Landon',4141841629)
    ,(363,'Kelwin','Byrd',6543375563)
    ,(364,'Binni','Faust',5124634774)
    ,(365,'Nappie','De Bruyn',1246691022)
    ,(366,'Barney','Brandassi',3782912999)
    ,(367,'Bartlet','Dober',6943596150)
    ,(368,'Cati','Cockney',1208398976)
    ,(369,'Morgana','Goodhew',9344545646)
    ,(370,'Stephanus','Casement',8205092817)
    ,(371,'Camey','Olivas',1991657117)
    ,(372,'Nikaniki','Cumbers',2472493545)
    ,(373,'Jammie','Cassedy',9779119080)
    ,(374,'Verge','Klagge',2707115282)
    ,(375,'Ketti','Neilan',4448408142)
    ,(376,'Lila','Knapman',5292087512)
    ,(377,'Glynn','Castiglio',8122747593)
    ,(378,'Mata','Banaszkiewicz',9875638437)
    ,(379,'Veronica','Tattershall',7027497159)
    ,(380,'Artemis','Crookshank',9365651693)
    ,(381,'Quill','Rosengren',7835181350)
    ,(382,'Burk','Leijs',2835922528)
    ,(383,'Hetti','Sundin',4587534741)
    ,(384,'Andreana','Rahill',4319885994)
    ,(385,'Casie','Edgworth',8811274401)
    ,(386,'Chadd','Kment',8613929868)
    ,(387,'Robbin','Atcock',2665750338)
    ,(388,'Shantee','Huxster',6986502170)
    ,(389,'Emilia','Partridge',4219304402)
    ,(390,'Elfreda','Smeath',8243615750)
    ,(391,'Nikolai','Balden',6558641751)
    ,(392,'Ninette','Softley',7613021328)
    ,(393,'Adeline','Croydon',5065786250)
    ,(394,'North','Moxham',7478320759)
    ,(395,'Norby','Legon',7114460024)
    ,(396,'Amalee','Breston',2796156169)
    ,(397,'Eli','Harbour',1944575571)
    ,(398,'Tannie','Tregunna',9731224545)
    ,(399,'Jeri','Steinor',6505032374)
    ,(400,'Derrek','Kingcote',5135679782)
    ,(401,'Granny','Simanek',3836601334)
    ,(402,'Terrye','Mackie',2227215172)
    ,(403,'Kiersten','Cescoti',8592124951)
    ,(404,'Hyacinthe','Lipp',5442473277)
    ,(405,'Nadia','Lates',9402515023)
    ,(406,'Willa','Dockreay',8341835254)
    ,(407,'Reilly','Golthorpp',6901642369)
    ,(408,'Falito','Klimkowski',1139167442)
    ,(409,'Reidar','Orrom',2724472169)
    ,(410,'Ginni','Whightman',4487492477)
    ,(411,'Melloney','Walczak',2309309894)
    ,(412,'Godwin','Pauleau',1053785714)
    ,(413,'Hayley','Vosse',5503503418)
    ,(414,'Cele','Hacaud',1898469631)
    ,(415,'Nevins','O''Curneen',8437792420)
    ,(416,'Silvester','Huet',5508333021)
    ,(417,'Jemima','Stevens',1549224200)
    ,(418,'Ninnetta','Duggleby',5176503186)
    ,(419,'Joycelin','Ogilvie',9217687039)
    ,(420,'El','Mattheeuw',7202948097)
    ,(421,'Blancha','Francesch',2315856665)
    ,(422,'Leon','Mourbey',8473923137)
    ,(423,'Feodor','Le Teve',4512946734)
    ,(424,'Rodrigo','Lavery',3415722654)
    ,(425,'Way','Croot',6272605216)
    ,(426,'Odelle','Willmer',1929030917)
    ,(427,'Caye','Druitt',6306578347)
    ,(428,'Thekla','Mixon',2024437744)
    ,(429,'Ozzy','Chelnam',1932896064)
    ,(430,'Dewitt','Esslemont',3894232067)
    ,(431,'Englebert','GiacobbiniJacob',8582992172)
    ,(432,'Ealasaid','Cejka',4705199134)
    ,(433,'Stacie','Norres',8741653892)
    ,(434,'Peter','Madeley',9037925707)
    ,(435,'Sonnie','Lidgley',7492160791)
    ,(436,'Margy','Swadling',8993790318)
    ,(437,'Esteban','Martensen',6811776195)
    ,(438,'Paolo','McIlmorow',8534850129)
    ,(439,'Irena','Dooney',8797219970)
    ,(440,'Agretha','Beig',3712744098)
    ,(441,'Renault','Fedoronko',3974439986)
    ,(442,'Thatch','Bartczak',2257021015)
    ,(443,'Waly','Narrie',1551752168)
    ,(444,'Dayna','Bainbrigge',3845995166)
    ,(445,'Alfons','Curteis',5107150381)
    ,(446,'Ahmed','O''Lenane',4665526641)
    ,(447,'Chico','Lathey',7352897307)
    ,(448,'Wayne','Blackham',7778973565)
    ,(449,'Randall','Massard',3862814590)
    ,(450,'Pyotr','Harmston',6865427568)
    ,(451,'Elvyn','Temby',4404171960)
    ,(452,'Inna','McCalister',1418265438)
    ,(453,'Lindi','Budgett',3784633135)
    ,(454,'Wilona','Blondell',5399900092)
    ,(455,'Camella','Clinch',6344020998)
    ,(456,'Kandace','Mains',9718679299)
    ,(457,'Libby','Annon',2492274563)
    ,(458,'Antone','MacBey',1442569404)
    ,(459,'Elliott','Rendall',6632319450)
    ,(460,'Luise','Dearn',9329555065)
    ,(461,'Rudy','Roper',8392068428)
    ,(462,'Armando','Kavanagh',6285700013)
    ,(463,'Agustin','Paniman',1883753307)
    ,(464,'Llywellyn','McGenn',7508474527)
    ,(465,'Masha','Gwynn',3259403283)
    ,(466,'Carl','Feak',4179795206)
    ,(467,'Elwira','Demaid',7109581839)
    ,(468,'Rosaline','Trussler',4124017488)
    ,(469,'Jeannette','Santori',5943985716)
    ,(470,'Malva','Kamiyama',3896948719)
    ,(471,'Darice','Josefson',5561118848)
    ,(472,'Stanislaus','McVicar',5122288953)
    ,(473,'Tammy','Ellsbury',3001727685)
    ,(474,'Krispin','McGawn',4366945268)
    ,(475,'Maryl','Pieter',8627485492)
    ,(476,'Darelle','Ellesworth',2434869442)
    ,(477,'Joelly','Cosgry',6348639941)
    ,(478,'Nicholle','Jarry',2614496821)
    ,(479,'Powell','Hartropp',5209660836)
    ,(480,'Allix','Joist',7354434962)
    ,(481,'Delinda','Reape',2026729165)
    ,(482,'Edwina','Edmand',4075759354)
    ,(483,'Reed','Bickers',8735119572)
    ,(484,'Kenyon','Mackie',2864957846)
    ,(485,'Ken','Bodechon',2488573228)
    ,(486,'Seymour','Ells',8282740948)
    ,(487,'Julissa','Bellham',8106048026)
    ,(488,'Matthieu','Hayers',8869527542)
    ,(489,'Cort','Audas',8531217857)
    ,(490,'Anthe','Hassell',5876183580)
    ,(491,'Ganny','Pyrah',6464343724)
    ,(492,'Rhona','Waddingham',1952765459)
    ,(493,'Stanislaw','Spours',2914107802)
    ,(494,'Babara','Hanselman',1831225300)
    ,(495,'Truda','Cleevely',6705105948)
    ,(496,'Neil','Siemianowicz',8585128185)
    ,(497,'Dietrich','Tincey',6159386858)
    ,(498,'Ash','Bissell',3731404655)
    ,(499,'Bertie','Degenhardt',2648336231)
    ,(500,'Mort','Tipling',9584785352)
    ,(501,'Liam','Whitlow',2947063338)
    ,(502,'Gael','Casterton',6067920920)
    ,(503,'Katrina','Tott',2708770114)
    ,(504,'Kyle','Tylor',4922425761)
    ,(505,'Etienne','Brazier',6353398794)
    ,(506,'Carmencita','Wendover',6844027520)
    ,(507,'Grazia','Gronaver',3058744622)
    ,(508,'Goraud','Itscowicz',9062086712)
    ,(509,'Desiri','Waller',8129765210)
    ,(510,'Salomone','Calafate',1076525281)
    ,(511,'Crissy','Schubbert',4841898292)
    ,(512,'Cointon','Wrigley',1553171511)
    ,(513,'Meriel','Antonacci',4434581313)
    ,(514,'Rania','Desouza',7242716081)
    ,(515,'Bourke','McIlheran',8596963017)
    ,(516,'Charla','Arpur',5647619021)
    ,(517,'Kiri','Loadwick',4527885748)
    ,(518,'Mayer','Fone',9914498543)
    ,(519,'Garey','Cruickshanks',5766822402)
    ,(520,'Jaquelin','Meriott',6297178672)
    ,(521,'Noella','Pleven',9607850048)
    ,(522,'Prue','Dykas',8009006000)
    ,(523,'Virgil','Amberg',8125812792)
    ,(524,'Merlina','Blint',6979181488)
    ,(525,'Berne','Geldart',7039113547)
    ,(526,'Justino','Kupker',2449353969)
    ,(527,'Aurel','Hukin',6896270745)
    ,(528,'Ortensia','Yukhnin',1108901229)
    ,(529,'Derk','Ramsdale',1219590689)
    ,(530,'Abrahan','Stoves',2854215333)
    ,(531,'Zsa zsa','Burbudge',9693754640)
    ,(532,'Leopold','Okie',6135172703)
    ,(533,'Oralle','Jagels',6867649144)
    ,(534,'Bentlee','L''Homme',4644633094)
    ,(535,'Antonius','Postan',2098872581)
    ,(536,'Ambrosius','Sidebotton',2907309915)
    ,(537,'Jefferson','McClenan',1028217510)
    ,(538,'Hollis','Lifsey',8522829194)
    ,(539,'Claudetta','Ganforth',9321685448)
    ,(540,'Renate','Aiskrigg',5912507135)
    ,(541,'Jobey','Irvin',4504657934)
    ,(542,'Hazel','McGlade',6819806304)
    ,(543,'Nanine','Colquitt',1845765222)
    ,(544,'Audrye','Lingard',8144689472)
    ,(545,'Che','Sherr',5244462471)
    ,(546,'Debi','Strettle',2107228292)
    ,(547,'Hanna','Sturdey',7067389213)
    ,(548,'Kirbie','Preddy',3656189640)
    ,(549,'Dominic','Wattinham',9745642565)
    ,(550,'Sol','Paeckmeyer',4847641232)
    ,(551,'Cindra','Hiner',7637119484)
    ,(552,'Willy','Oke',5855512063)
    ,(553,'Lucina','Probets',3294585938)
    ,(554,'Angelico','Denisyuk',3419390945)
    ,(555,'Moise','Danne',9381591350)
    ,(556,'Jereme','Pastor',3162544129)
    ,(557,'Rudiger','Pandie',9946855806)
    ,(558,'Milty','Gregor',5232376157)
    ,(559,'Jillene','Tewkesberrie',3463333598)
    ,(560,'Loralyn','Toms',9835685950)
    ,(561,'Melamie','Woodley',9436892568)
    ,(562,'Rosalia','Lucchi',8663182130)
    ,(563,'Feliks','Ebunoluwa',3076515429)
    ,(564,'Stacy','Lamberts',8556826311)
    ,(565,'Natal','Comer',5195755924)
    ,(566,'Alexandros','Everist',1812830704)
    ,(567,'Archambault','Hasard',4182335438)
    ,(568,'Jo ann','Wedderburn',8557376780)
    ,(569,'Teddi','Oxbe',5278890144)
    ,(570,'Sophronia','Papen',1856957949)
    ,(571,'Joyann','de Cullip',7842745152)
    ,(572,'Arlene','Chipping',2157791666)
    ,(573,'Bud','Beddow',5069478383)
    ,(574,'Marc','Blaylock',1032204870)
    ,(575,'Louisette','Surfleet',5517149238)
    ,(576,'Casie','Burmingham',1276262093)
    ,(577,'Gretta','Roches',7698663431)
    ,(578,'Justinian','Guerreru',2825835148)
    ,(579,'Gipsy','Lightwing',6209266995)
    ,(580,'Zia','McTurk',2326949244)
    ,(581,'Philbert','Fanner',9041896816)
    ,(582,'Doreen','Stickins',4134591682)
    ,(583,'Rickie','Coviello',4047422404)
    ,(584,'Tracy','Mateos',6841260766)
    ,(585,'Claudianus','Benardeau',9083137659)
    ,(586,'Angel','Clabburn',9189654793)
    ,(587,'Glenn','Castellet',8922609734)
    ,(588,'Storm','Dymoke',1436821352)
    ,(589,'Shem','Vasilenko',8482074955)
    ,(590,'Jeffry','Rand',6183584107)
    ,(591,'Adel','Cutforth',6975780964)
    ,(592,'Saxon','Leyband',9375441263)
    ,(593,'Wallie','Ruddiman',9953214162)
    ,(594,'Claudette','Dowty',7205426563)
    ,(595,'Ezequiel','Falconbridge',8892623430)
    ,(596,'Jessee','Meddick',3708225258)
    ,(597,'Jeanie','Wornham',6077051585)
    ,(598,'Mitchell','Bazoche',1365246316)
    ,(599,'Tiffie','Alelsandrowicz',8387400614)
    ,(600,'Devora','Hubbucke',3147719721)
    ,(601,'Lark','O''Dougherty',5841539124)
    ,(602,'Walt','Trench',4629697884)
    ,(603,'Elroy','Thornhill',8129199977)
    ,(604,'Shaughn','Leipelt',7115563488)
    ,(605,'Fallon','Iwaszkiewicz',2762935003)
    ,(606,'Hadlee','Le Lievre',2819826410)
    ,(607,'Lesly','Howis',3513464072)
    ,(608,'Edgardo','Petters',9582755930)
    ,(609,'Garrott','Guess',2045663835)
    ,(610,'Beniamino','Niland',4107319962)
    ,(611,'Fidela','Moreno',2566246184)
    ,(612,'Kahaleel','Bearblock',6172231324)
    ,(613,'Laina','Schistl',2894987574)
    ,(614,'Farlie','Thomazet',9753383214)
    ,(615,'Sherm','Millward',9487268444)
    ,(616,'Benedick','Haydock',3973741867)
    ,(617,'Binny','Rowbottom',7073019593)
    ,(618,'Angelique','Gleave',1619743975)
    ,(619,'Karen','Pfaffe',4879999881)
    ,(620,'Winfield','Sabatini',1001852544)
    ,(621,'Ajay','Cathel',9349036519)
    ,(622,'Glad','Mattheus',1161319505)
    ,(623,'Jenna','Aish',1953997510)
    ,(624,'Daloris','Yelden',8209965898)
    ,(625,'Elmer','Gloster',5061789072)
    ,(626,'Ruddy','Fulk',1481810925)
    ,(627,'Mersey','Brugmann',9894332261)
    ,(628,'Jennilee','Etuck',5816989676)
    ,(629,'Joseph','Matiasek',9956195155)
    ,(630,'Jolynn','Willcott',7527379569)
    ,(631,'Brice','Muffin',3985150609)
    ,(632,'Norma','Geggus',6267795700)
    ,(633,'Dyane','Najara',8324300913)
    ,(634,'Ninette','Meads',1786807479)
    ,(635,'Karry','Biesty',3552646525)
    ,(636,'Vikky','Congreve',8529343762)
    ,(637,'Bentley','Oblein',5686757726)
    ,(638,'Noemi','Erasmus',9477580090)
    ,(639,'Vanni','Lygo',9144368529)
    ,(640,'Armstrong','Bannister',9262545858)
    ,(641,'Mureil','Santacrole',1535804720)
    ,(642,'Pietra','Penelli',3176001383)
    ,(643,'Marieann','Pash',8953201303)
    ,(644,'Zola','Lapre',7618901978)
    ,(645,'Kaye','Farnill',7847059001)
    ,(646,'Kain','Paddy',1209031726)
    ,(647,'Zsa zsa','Snoddon',8516933694)
    ,(648,'Pascal','O''Malley',4346584984)
    ,(649,'Agatha','Roj',8188147143)
    ,(650,'Vincent','Bleby',1169344197)
    ,(651,'Thane','Barraclough',4839044134)
    ,(652,'Trix','Joddins',4686831966)
    ,(653,'Wendell','Lung',9614521853)
    ,(654,'Carolee','Soar',5502445654)
    ,(655,'Julie','Dakhov',6897060550)
    ,(656,'Elinor','Bythway',4988379360)
    ,(657,'Magdalene','MacCoveney',5097590053)
    ,(658,'Omar','Jeandel',2963155968)
    ,(659,'Darb','Necrews',5931549821)
    ,(660,'Norbert','Berrygun',6229098187)
    ,(661,'Allyce','Daniells',4295377318)
    ,(662,'Dale','Erik',7212887861)
    ,(663,'Guilbert','Easby',1976177865)
    ,(664,'Hatty','Blackader',7509965435)
    ,(665,'Herta','Evill',1423075266)
    ,(666,'Karole','Penticost',9366807214)
    ,(667,'Riccardo','McGrann',9661618014)
    ,(668,'Brynne','Garber',7734801400)
    ,(669,'Valentine','Witcher',2841774637)
    ,(670,'Waneta','Chetwind',4473664968)
    ,(671,'Samantha','Karlicek',3214886677)
    ,(672,'Lombard','Plumptre',2604727610)
    ,(673,'Hugibert','Couve',7761389475)
    ,(674,'Donovan','Druce',8713709155)
    ,(675,'Celene','Ainscough',4827305031)
    ,(676,'Annmaria','Payne',1812562873)
    ,(677,'Antony','Ferrino',4008245126)
    ,(678,'Patricio','Dempster',9163374097)
    ,(679,'Thurston','Dansey',6591228156)
    ,(680,'Horton','Tieman',9597999165)
    ,(681,'Eliot','Tonbye',3924493895)
    ,(682,'Jeremias','Cudihy',4041310262)
    ,(683,'Frazer','Sabbins',5164662253)
    ,(684,'Justen','Origan',6144873871)
    ,(685,'Roby','Banham',3511339832)
    ,(686,'Rollie','Mundle',9619402370)
    ,(687,'Elmer','Emilien',4472174330)
    ,(688,'Carilyn','Benitez',3966979996)
    ,(689,'Bonnie','Petrello',4003342827)
    ,(690,'Amy','Posselwhite',6751478436)
    ,(691,'Kitty','Gier',6833328929)
    ,(692,'Stanly','Pim',9454159127)
    ,(693,'Glory','Plitz',6044667469)
    ,(694,'Shawn','Van Der Hoog',6192877253)
    ,(695,'Fredericka','Jelphs',5279256237)
    ,(696,'Jemimah','Borkin',2862249336)
    ,(697,'Robbert','Grummitt',9262626974)
    ,(698,'Nancee','Batey',6176320830)
    ,(699,'Noni','Damant',4487126475)
    ,(700,'Ysabel','Wharram',2191719544)
    ,(701,'Marge','De Clairmont',4283369808)
    ,(702,'Cozmo','Dellenty',6126641576)
    ,(703,'Marcelle','Bernhard',3931048907)
    ,(704,'Gates','Fitzroy',1808174798)
    ,(705,'Gabrielle','Laurenson',8284740409)
    ,(706,'Edgard','Audsley',8106863054)
    ,(707,'Matthaeus','Rude',2341063658)
    ,(708,'Ariadne','Base',2842955833)
    ,(709,'Jamey','Sterke',5463936156)
    ,(710,'Skelly','Burrass',8327357440)
    ,(711,'Lanita','Tweddle',1476448567)
    ,(712,'Iorgos','Milby',7953002245)
    ,(713,'Von','Monshall',2754286435)
    ,(714,'Idette','Bish',2628401041)
    ,(715,'Germain','McGeown',1175195195)
    ,(716,'Bari','Mattingson',5662358999)
    ,(717,'Corny','Spira',1532163749)
    ,(718,'Elinore','Kapelhoff',4839499654)
    ,(719,'Emory','MacLachlan',9196827751)
    ,(720,'Erhard','Vasic',8831147447)
    ,(721,'Fred','Simon',5975700096)
    ,(722,'Minette','Roux',1016501525)
    ,(723,'Arthur','Latter',9954415487)
    ,(724,'Huntlee','McKilroe',7689959329)
    ,(725,'Winne','Longbone',6723183043)
    ,(726,'Benji','Loud',4236790937)
    ,(727,'Christan','Ordish',7057918775)
    ,(728,'Herschel','Woodyeare',1852213005)
    ,(729,'Alane','Pray',9374207638)
    ,(730,'Fionnula','Bread',5314929098)
    ,(731,'Alano','Cowles',4314716670)
    ,(732,'Siouxie','Padfield',3024270597)
    ,(733,'Bartram','Remmer',1782633641)
    ,(734,'Kristi','Lebourn',5025910192)
    ,(735,'Danit','Ruusa',2182459699)
    ,(736,'Marilee','Downse',8465778211)
    ,(737,'Peterus','Dusey',9103547161)
    ,(738,'Cale','Tomasino',6959952576)
    ,(739,'Eugene','Keaysell',6371152289)
    ,(740,'Adoree','Stuttard',6271294529)
    ,(741,'Nelson','Dilloway',6462168520)
    ,(742,'Delbert','Cope',2979390181)
    ,(743,'Milka','Edmead',9227493915)
    ,(744,'Andreana','Tench',4565722261)
    ,(745,'Chrotoem','Stiven',3184703972)
    ,(746,'Sorcha','Coleridge',6281614434)
    ,(747,'Upton','Hamlington',3171191885)
    ,(748,'Kamila','Blackboro',7998331089)
    ,(749,'Karolina','Kimmings',2611022559)
    ,(750,'Iona','McJury',6594665153)
    ,(751,'Roderic','Bonnette',8593694809)
    ,(752,'Garvin','Bletso',3955276202)
    ,(753,'Leone','Madner',6141073624)
    ,(754,'Shannah','Raccio',3777041814)
    ,(755,'Wilton','Munnings',9949096479)
    ,(756,'Gibb','Janny',1307952331)
    ,(757,'Rosamond','Georgeot',8376234530)
    ,(758,'Sherlock','Jedrachowicz',8592460807)
    ,(759,'Kristofer','Vowells',8751846712)
    ,(760,'Marie-ann','Folbigg',4839122025)
    ,(761,'Forest','Toretta',3646006405)
    ,(762,'Kaiser','Suggey',4494291971)
    ,(763,'Gail','Ife',8123796531)
    ,(764,'Erma','Milland',2127066474)
    ,(765,'Hebert','Howells',7572708201)
    ,(766,'Beltran','Clibbery',3593281686)
    ,(767,'Reinold','Osmund',1534772881)
    ,(768,'Thedric','Epinay',3314089935)
    ,(769,'Genny','Corstan',9848317731)
    ,(770,'Catherine','Dunstan',9353061583)
    ,(771,'Edna','Corck',5651675266)
    ,(772,'Rodi','Bern',9288224884)
    ,(773,'Caroljean','Dimitrijevic',7134010659)
    ,(774,'Marty','de Zamora',2853416394)
    ,(775,'Faustina','Tavernor',4203714853)
    ,(776,'Henry','Gant',2237906089)
    ,(777,'Micky','While',9359311235)
    ,(778,'Pammi','Lillie',6344763841)
    ,(779,'Felita','Carus',9136535914)
    ,(780,'Mead','Castleton',5735613447)
    ,(781,'Freda','Audry',4274543839)
    ,(782,'Zak','Lilleyman',4078524162)
    ,(783,'Jocelin','Jarrard',9664277819)
    ,(784,'Jabez','Comins',5064694568)
    ,(785,'Edward','June',9374628068)
    ,(786,'Milo','Merrydew',6077282706)
    ,(787,'Everett','Clapp',4066146952)
    ,(788,'Thorstein','Durbann',7241734110)
    ,(789,'Danit','Stollsteimer',5279685553)
    ,(790,'Clementius','Fiddiman',2815231858)
    ,(791,'Joby','Cheeseman',2694346910)
    ,(792,'Laney','Staley',9762079466)
    ,(793,'Tildy','Coleson',6571410362)
    ,(794,'Ailbert','Biswell',5439279017)
    ,(795,'Elisabet','Fellenor',7347136261)
    ,(796,'Alphard','Longhirst',6485744604)
    ,(797,'Fairfax','Armstead',2192639537)
    ,(798,'Marylynne','Fairlem',8216071698)
    ,(799,'Smith','Dorey',5259313931)
    ,(800,'Hershel','Lauthian',4492903696)
    ,(801,'Kipp','Wrightam',3323898262)
    ,(802,'Hermann','Dodsley',6135274380)
    ,(803,'Dion','Ferrillio',7996503791)
    ,(804,'Cheston','Boatright',9485612226)
    ,(805,'Hadria','Finby',4081644445)
    ,(806,'Kasey','Harmar',7572839326)
    ,(807,'Andrey','Avrahamy',7236096999)
    ,(808,'Sibilla','Daughton',8745946491)
    ,(809,'Antonella','Dyte',6128778634)
    ,(810,'Mathias','Yallop',8457843048)
    ,(811,'Ivory','Arpin',4646529995)
    ,(812,'Shurlock','Aliman',9647188688)
    ,(813,'Aili','Bowbrick',3527704356)
    ,(814,'Ferdinanda','Hendriks',4254361005)
    ,(815,'Gregg','Hannan',2756393689)
    ,(816,'Orelie','Woodeson',4791440111)
    ,(817,'Glen','Proffer',8529052425)
    ,(818,'Angelita','Howler',7029226066)
    ,(819,'Demetre','Sinkin',9585583758)
    ,(820,'Dyanna','Skirvane',8478846230)
    ,(821,'Margery','Tieman',4602784047)
    ,(822,'Cam','Crockatt',5103157836)
    ,(823,'Washington','Kempson',2849734828)
    ,(824,'Clemens','MacMarcuis',6026601453)
    ,(825,'Vergil','Causbey',7967088382)
    ,(826,'Tim','Fonquernie',5171177233)
    ,(827,'Binky','Whillock',8024552605)
    ,(828,'Umeko','Parmiter',6234814193)
    ,(829,'Clarinda','Fardon',4757657212)
    ,(830,'Genevra','Sinott',6845828090)
    ,(831,'Robbert','Girhard',3469328777)
    ,(832,'Randy','Moehle',8435617477)
    ,(833,'Byrle','Kingstne',8449531094)
    ,(834,'Lulu','Maydwell',3651584068)
    ,(835,'Lola','Talby',8931987983)
    ,(836,'Marleen','Warden',7477325376)
    ,(837,'Aila','Penvarden',8682866506)
    ,(838,'Bunnie','Nowell',2615507832)
    ,(839,'Kermy','Bottrell',5408378034)
    ,(840,'Sallie','Parkes',8827072921)
    ,(841,'Halsy','Terris',5795891222)
    ,(842,'Beitris','Fosdike',5126825896)
    ,(843,'Reider','Haggarth',9946982905)
    ,(844,'Georgeanna','Speed',4639187641)
    ,(845,'Jasen','Robarts',6481823367)
    ,(846,'Jewelle','Hadcock',1673697972)
    ,(847,'Gawain','Sexon',3718519589)
    ,(848,'Else','Meo',4746481652)
    ,(849,'Clarence','Redsull',2046450113)
    ,(850,'Marti','Attwood',1785955227)
    ,(851,'Hesther','Charle',4261807985)
    ,(852,'Goran','Tomney',5818536722)
    ,(853,'Bunni','Dahlen',7706838649)
    ,(854,'Micheline','Domniney',2604507121)
    ,(855,'Althea','Passingham',1006984006)
    ,(856,'Maurine','Cantos',6815931781)
    ,(857,'Silvain','Simanek',4772955431)
    ,(858,'Nil','Maycey',3644245850)
    ,(859,'Sonni','Winder',1407869697)
    ,(860,'Dayna','Dunne',4986140810)
    ,(861,'Keeley','Echalier',7282304224)
    ,(862,'Aeriel','Durrington',1074325603)
    ,(863,'Hatty','O''Heffernan',6283386828)
    ,(864,'Deane','Gurry',7037050618)
    ,(865,'Dolorita','Tewkesberry',7705259182)
    ,(866,'Mari','Allin',3426687504)
    ,(867,'Josselyn','Casaccia',3111255822)
    ,(868,'Teresa','Gutowski',3567510946)
    ,(869,'Dolli','Clough',6037485953)
    ,(870,'Rozele','Risson',3662317399)
    ,(871,'Nance','Bumpas',5995324518)
    ,(872,'Lise','Bendig',6461596945)
    ,(873,'Preston','Shwalbe',3766122764)
    ,(874,'Jolie','Mulqueeny',8452464865)
    ,(875,'Hallie','McGeouch',7743560744)
    ,(876,'Tawsha','Radolf',9526194317)
    ,(877,'Clayson','Agget',6172547068)
    ,(878,'Fabio','Ziemens',8214637811)
    ,(879,'Celka','Highton',3432396438)
    ,(880,'Emelita','Myderscough',3183725626)
    ,(881,'Arline','Briddle',3673924892)
    ,(882,'Marieann','Forker',7985509851)
    ,(883,'Emmaline','Tully',2539091821)
    ,(884,'Brant','Keohane',5392000296)
    ,(885,'Kelcey','Bowlands',7078344492)
    ,(886,'Mable','Breens',4214200530)
    ,(887,'Morey','Hallwood',3148805002)
    ,(888,'Broderic','Iveson',5685371248)
    ,(889,'Monro','Chainey',8436207552)
    ,(890,'Alister','Samwayes',2592680031)
    ,(891,'Dyanne','Sharman',6161851489)
    ,(892,'Susie','Farnaby',2896788870)
    ,(893,'Bette','Starzaker',4439750445)
    ,(894,'Tabina','Daw',2885555039)
    ,(895,'Joline','Morley',7681462688)
    ,(896,'Karl','Tapsell',5737973674)
    ,(897,'Eldridge','Whordley',8877833134)
    ,(898,'Norrie','Calvie',3302148710)
    ,(899,'Germana','Cunniam',6898201947)
    ,(900,'Ardenia','Pessler',4369945475)
    ,(901,'Glennis','Pactat',4328882023)
    ,(902,'Pepito','Colson',4676755563)
    ,(903,'Jocko','de Banke',5553370950)
    ,(904,'Cammy','Linebarger',6833940280)
    ,(905,'Kaela','Lockier',9775119376)
    ,(906,'Carri','Andre',1762086938)
    ,(907,'Lottie','Joint',2137016169)
    ,(908,'Kiley','Gransden',2641569570)
    ,(909,'Emmey','Rabier',2347388985)
    ,(910,'Correy','Josuweit',6067063143)
    ,(911,'Myrvyn','Fidell',9253154966)
    ,(912,'Eartha','Cantwell',3965520435)
    ,(913,'Bevin','Swindell',4389081869)
    ,(914,'Hedwig','Crum',6421920845)
    ,(915,'Alfreda','Hawe',3812671225)
    ,(916,'Jocko','Nutbean',8369017769)
    ,(917,'Worden','Everwin',8538920356)
    ,(918,'Romola','Grestie',9225242230)
    ,(919,'Ali','O'' Loughran',2559834280)
    ,(920,'Bill','Portal',6935044651)
    ,(921,'Emelda','Starking',4921343096)
    ,(922,'Timmy','Postill',1805059773)
    ,(923,'Frayda','Howgill',3297511586)
    ,(924,'Rowen','Benadette',5563973306)
    ,(925,'Shurwood','Switzer',4453430617)
    ,(926,'Muire','Wheater',4898014989)
    ,(927,'Corabel','Baselli',5935862267)
    ,(928,'Valentijn','Storrar',8959577167)
    ,(929,'Kingsley','Flaherty',1628056666)
    ,(930,'Hugues','Fowler',9652089229)
    ,(931,'Angelo','Aldie',2119581994)
    ,(932,'Filippo','Dwelly',7271985273)
    ,(933,'Sasha','Kirman',9651958979)
    ,(934,'Janis','Duncklee',8598424777)
    ,(935,'Shaun','McNee',7319321850)
    ,(936,'Brooke','Pick',2874992079)
    ,(937,'Cointon','Spraging',3466156896)
    ,(938,'Jemie','Agass',1903304461)
    ,(939,'Ashla','Dunkerly',9625004298)
    ,(940,'Grady','Freddi',7752328256)
    ,(941,'Roarke','Baroux',8777920523)
    ,(942,'Cordie','Torrese',1868507012)
    ,(943,'Raoul','Tapin',7237832862)
    ,(944,'Thorn','Landon',8678798967)
    ,(945,'Jo-anne','Allred',6889783134)
    ,(946,'Evvy','Baddeley',4164305589)
    ,(947,'Herrick','Greenhalf',2169179339)
    ,(948,'Lainey','Frankling',6849035690)
    ,(949,'Terrill','Polak',3326547247)
    ,(950,'Dina','Vel',6397111535)
    ,(951,'Lorena','Rigate',1088333231)
    ,(952,'Lida','Cowing',2489801260)
    ,(953,'Iosep','Varah',3394985349)
    ,(954,'Viv','Spencley',9498100857)
    ,(955,'Crosby','Fannin',1062777807)
    ,(956,'Billy','Garlinge',9666576767)
    ,(957,'Anastassia','Crysell',5282304402)
    ,(958,'Umeko','Cranmer',9955441728)
    ,(959,'Thadeus','Winfindale',1452798775)
    ,(960,'Trixie','Hearns',8153796547)
    ,(961,'Ingunna','Roelofsen',6706091228)
    ,(962,'Nelli','Friedank',2289168192)
    ,(963,'Welsh','Marages',4658644811)
    ,(964,'Alix','York',9826902613)
    ,(965,'Mohandas','Autie',9734609487)
    ,(966,'Korry','Kindell',4314134422)
    ,(967,'Gaultiero','Padgham',8009090078)
    ,(968,'Cooper','Summerrell',4242193791)
    ,(969,'Hermie','Eynaud',6434948036)
    ,(970,'Jolyn','Parkyn',6712092343)
    ,(971,'Neala','McCathay',7026323856)
    ,(972,'Mort','Hackforth',9058238984)
    ,(973,'Leta','Jolly',5937699995)
    ,(974,'Val','Twinterman',2985419305)
    ,(975,'Shanie','Mcwhinney',9622203835)
    ,(976,'Rhetta','Oldridge',6274175289)
    ,(977,'Astra','McGuirk',7722292940)
    ,(978,'Maryjo','O''Codihie',1205493573)
    ,(979,'Ericka','Bridgett',6357586648)
    ,(980,'Ramsay','Kimberley',1521489006)
    ,(981,'Georgi','Drynan',6598618995)
    ,(982,'Eward','Jollands',7223967969)
    ,(983,'Rosamund','Bydaway',8822406532)
    ,(984,'Rocky','Lauder',4018554472)
    ,(985,'Adrian','Alpin',9958336972)
    ,(986,'Nial','Elsbury',3404414438)
    ,(987,'Crawford','Shrubb',1795425382)
    ,(988,'Lyda','Wikey',4186912038)
    ,(989,'Joey','Blakesley',6339218650)
    ,(990,'Khalil','Stroband',9304703205)
    ,(991,'Emelita','Troucher',5911183401)
    ,(992,'Orazio','Mioni',7137942476)
    ,(993,'Enos','Adamthwaite',9845887835)
    ,(994,'Vivianna','Giraldez',4923576002)
    ,(995,'Allister','McAneny',9253991992)
    ,(996,'Raddie','Seale',7978780250)
    ,(997,'Otto','Brame',2758067532)
    ,(998,'Morten','Benettolo',6252344758)
    ,(999,'Bren','Crallan',3543737566)
    ,(1000,'Wittie','Presdee',1524499192);
SET IDENTITY_INSERT rider off

SET IDENTITY_INSERT rider_ticket on
INSERT INTO rider_ticket(rider_ticket_id,ticket_id,rider_id) 
VALUES
    (1,700,585)
    ,(2,915,76)
    ,(3,305,504)
    ,(4,300,588)
    ,(5,300,943)
    ,(6,305,42)
    ,(7,700,14)
    ,(8,900,879)
    ,(9,110,129)
    ,(10,101,898)
    ,(11,501,990)
    ,(12,300,50)
    ,(13,300,490)
    ,(14,701,321)
    ,(15,305,738)
    ,(16,701,732)
    ,(17,100,450)
    ,(18,305,439)
    ,(19,700,150)
    ,(20,305,565)
    ,(21,501,434)
    ,(22,900,747)
    ,(23,915,545)
    ,(24,305,538)
    ,(25,501,139)
    ,(26,701,8)
    ,(27,305,467)
    ,(28,701,778)
    ,(29,110,137)
    ,(30,502,496)
    ,(31,305,319)
    ,(32,101,837)
    ,(33,900,347)
    ,(34,305,215)
    ,(35,300,918)
    ,(36,915,560)
    ,(37,700,73)
    ,(38,305,701)
    ,(39,501,165)
    ,(40,701,172)
    ,(41,110,595)
    ,(42,110,114)
    ,(43,915,137)
    ,(44,101,542)
    ,(45,915,339)
    ,(46,100,723)
    ,(47,300,182)
    ,(48,900,703)
    ,(49,701,570)
    ,(50,502,879)
    ,(51,502,983)
    ,(52,305,732)
    ,(53,701,617)
    ,(54,100,94)
    ,(55,100,8)
    ,(56,700,120)
    ,(57,915,285)
    ,(58,502,921)
    ,(59,305,242)
    ,(60,700,486)
    ,(61,305,264)
    ,(62,915,818)
    ,(63,110,643)
    ,(64,101,825)
    ,(65,915,829)
    ,(66,501,680)
    ,(67,701,813)
    ,(68,700,724)
    ,(69,101,373)
    ,(70,502,749)
    ,(71,915,620)
    ,(72,502,789)
    ,(73,900,799)
    ,(74,701,355)
    ,(75,300,690)
    ,(76,700,460)
    ,(77,110,22)
    ,(78,305,219)
    ,(79,501,180)
    ,(80,900,556)
    ,(81,700,299)
    ,(82,502,915)
    ,(83,110,225)
    ,(84,300,533)
    ,(85,701,405)
    ,(86,900,252)
    ,(87,100,767)
    ,(88,915,772)
    ,(89,701,295)
    ,(90,305,752)
    ,(91,501,420)
    ,(92,305,336)
    ,(93,305,796)
    ,(94,701,519)
    ,(95,300,594)
    ,(96,900,745)
    ,(97,501,291)
    ,(98,700,159)
    ,(99,502,769)
    ,(100,501,88)
    ,(101,501,505)
    ,(102,900,474)
    ,(103,101,83)
    ,(104,915,725)
    ,(105,305,884)
    ,(106,305,340)
    ,(107,101,332)
    ,(108,502,448)
    ,(109,701,346)
    ,(110,100,427)
    ,(111,305,85)
    ,(112,701,667)
    ,(113,502,289)
    ,(114,915,824)
    ,(115,701,245)
    ,(116,502,673)
    ,(117,101,584)
    ,(118,700,19)
    ,(119,100,461)
    ,(120,300,740)
    ,(121,700,766)
    ,(122,305,8)
    ,(123,700,548)
    ,(124,915,842)
    ,(125,701,236)
    ,(126,700,780)
    ,(127,305,61)
    ,(128,502,361)
    ,(129,100,245)
    ,(130,501,869)
    ,(131,501,34)
    ,(132,305,868)
    ,(133,701,171)
    ,(134,502,760)
    ,(135,101,748)
    ,(136,300,658)
    ,(137,501,485)
    ,(138,100,863)
    ,(139,300,406)
    ,(140,915,867)
    ,(141,700,699)
    ,(142,501,27)
    ,(143,502,592)
    ,(144,110,208)
    ,(145,502,843)
    ,(146,110,307)
    ,(147,701,587)
    ,(148,110,55)
    ,(149,915,663)
    ,(150,502,144)
    ,(151,501,16)
    ,(152,501,625)
    ,(153,300,366)
    ,(154,300,394)
    ,(155,501,97)
    ,(156,101,439)
    ,(157,110,492)
    ,(158,900,574)
    ,(159,101,264)
    ,(160,700,554)
    ,(161,501,56)
    ,(162,900,753)
    ,(163,502,687)
    ,(164,502,105)
    ,(165,915,481)
    ,(166,502,368)
    ,(167,700,998)
    ,(168,915,325)
    ,(169,100,149)
    ,(170,300,290)
    ,(171,502,658)
    ,(172,100,209)
    ,(173,701,91)
    ,(174,501,495)
    ,(175,501,344)
    ,(176,501,323)
    ,(177,300,74)
    ,(178,300,425)
    ,(179,700,861)
    ,(180,100,941)
    ,(181,101,756)
    ,(182,915,21)
    ,(183,502,78)
    ,(184,100,636)
    ,(185,300,736)
    ,(186,700,453)
    ,(187,915,523)
    ,(188,700,116)
    ,(189,305,349)
    ,(190,701,891)
    ,(191,502,628)
    ,(192,502,726)
    ,(193,101,801)
    ,(194,501,974)
    ,(195,100,507)
    ,(196,305,677)
    ,(197,701,687)
    ,(198,300,170)
    ,(199,110,515)
    ,(200,501,24)
    ,(201,110,595)
    ,(202,700,733)
    ,(203,305,827)
    ,(204,701,704)
    ,(205,700,45)
    ,(206,101,829)
    ,(207,701,765)
    ,(208,502,509)
    ,(209,502,728)
    ,(210,101,811)
    ,(211,900,861)
    ,(212,300,903)
    ,(213,100,381)
    ,(214,700,153)
    ,(215,305,868)
    ,(216,305,621)
    ,(217,700,301)
    ,(218,305,683)
    ,(219,100,330)
    ,(220,502,362)
    ,(221,501,492)
    ,(222,100,481)
    ,(223,701,714)
    ,(224,100,388)
    ,(225,305,562)
    ,(226,110,324)
    ,(227,300,983)
    ,(228,915,229)
    ,(229,701,676)
    ,(230,100,689)
    ,(231,502,139)
    ,(232,100,467)
    ,(233,100,154)
    ,(234,300,267)
    ,(235,101,433)
    ,(236,915,793)
    ,(237,700,449)
    ,(238,501,712)
    ,(239,502,990)
    ,(240,110,272)
    ,(241,915,243)
    ,(242,502,876)
    ,(243,101,769)
    ,(244,502,997)
    ,(245,700,536)
    ,(246,300,458)
    ,(247,300,414)
    ,(248,300,103)
    ,(249,501,457)
    ,(250,305,389)
    ,(251,900,69)
    ,(252,305,624)
    ,(253,700,654)
    ,(254,100,615)
    ,(255,501,612)
    ,(256,501,366)
    ,(257,300,211)
    ,(258,700,582)
    ,(259,900,632)
    ,(260,701,590)
    ,(261,502,927)
    ,(262,915,800)
    ,(263,501,127)
    ,(264,300,327)
    ,(265,915,438)
    ,(266,305,904)
    ,(267,100,718)
    ,(268,110,838)
    ,(269,300,403)
    ,(270,501,940)
    ,(271,701,740)
    ,(272,110,828)
    ,(273,501,529)
    ,(274,700,971)
    ,(275,110,350)
    ,(276,100,415)
    ,(277,900,954)
    ,(278,300,516)
    ,(279,915,702)
    ,(280,700,745)
    ,(281,110,475)
    ,(282,502,495)
    ,(283,701,195)
    ,(284,501,431)
    ,(285,900,693)
    ,(286,502,623)
    ,(287,305,931)
    ,(288,300,821)
    ,(289,100,223)
    ,(290,501,834)
    ,(291,100,622)
    ,(292,502,850)
    ,(293,915,362)
    ,(294,900,826)
    ,(295,110,248)
    ,(296,110,470)
    ,(297,915,486)
    ,(298,915,559)
    ,(299,900,912)
    ,(300,900,701)
    ,(301,900,755)
    ,(302,700,710)
    ,(303,915,509)
    ,(304,501,229)
    ,(305,101,242)
    ,(306,110,230)
    ,(307,300,281)
    ,(308,501,769)
    ,(309,915,949)
    ,(310,101,255)
    ,(311,305,904)
    ,(312,305,560)
    ,(313,900,356)
    ,(314,915,315)
    ,(315,900,782)
    ,(316,501,294)
    ,(317,502,521)
    ,(318,300,705)
    ,(319,915,26)
    ,(320,100,875)
    ,(321,900,98)
    ,(322,701,956)
    ,(323,300,997)
    ,(324,502,67)
    ,(325,700,31)
    ,(326,700,178)
    ,(327,305,129)
    ,(328,100,552)
    ,(329,300,184)
    ,(330,502,146)
    ,(331,300,876)
    ,(332,100,964)
    ,(333,900,367)
    ,(334,501,368)
    ,(335,305,468)
    ,(336,502,861)
    ,(337,101,939)
    ,(338,900,617)
    ,(339,300,446)
    ,(340,700,33)
    ,(341,700,128)
    ,(342,300,522)
    ,(343,700,693)
    ,(344,502,294)
    ,(345,501,675)
    ,(346,300,546)
    ,(347,110,317)
    ,(348,300,650)
    ,(349,915,540)
    ,(350,701,248)
    ,(351,305,873)
    ,(352,305,288)
    ,(353,502,552)
    ,(354,900,71)
    ,(355,101,133)
    ,(356,502,443)
    ,(357,300,721)
    ,(358,305,622)
    ,(359,915,998)
    ,(360,915,987)
    ,(361,305,152)
    ,(362,101,741)
    ,(363,100,769)
    ,(364,305,495)
    ,(365,300,57)
    ,(366,502,776)
    ,(367,915,435)
    ,(368,300,997)
    ,(369,305,234)
    ,(370,701,126)
    ,(371,110,260)
    ,(372,700,542)
    ,(373,501,195)
    ,(374,700,331)
    ,(375,101,220)
    ,(376,700,567)
    ,(377,101,736)
    ,(378,101,747)
    ,(379,101,417)
    ,(380,305,257)
    ,(381,915,327)
    ,(382,101,966)
    ,(383,305,884)
    ,(384,305,798)
    ,(385,300,624)
    ,(386,900,665)
    ,(387,100,60)
    ,(388,101,564)
    ,(389,501,167)
    ,(390,502,544)
    ,(391,915,560)
    ,(392,900,186)
    ,(393,502,388)
    ,(394,110,568)
    ,(395,100,703)
    ,(396,502,412)
    ,(397,100,845)
    ,(398,915,581)
    ,(399,101,548)
    ,(400,305,570)
    ,(401,101,862)
    ,(402,100,4)
    ,(403,915,691)
    ,(404,305,332)
    ,(405,700,636)
    ,(406,900,856)
    ,(407,502,881)
    ,(408,300,303)
    ,(409,701,66)
    ,(410,915,46)
    ,(411,100,17)
    ,(412,110,419)
    ,(413,101,29)
    ,(414,700,481)
    ,(415,915,211)
    ,(416,305,687)
    ,(417,300,947)
    ,(418,101,771)
    ,(419,305,587)
    ,(420,501,653)
    ,(421,915,626)
    ,(422,700,90)
    ,(423,100,373)
    ,(424,900,656)
    ,(425,915,945)
    ,(426,700,909)
    ,(427,100,589)
    ,(428,101,985)
    ,(429,110,828)
    ,(430,110,614)
    ,(431,701,821)
    ,(432,305,60)
    ,(433,110,476)
    ,(434,900,741)
    ,(435,100,726)
    ,(436,100,834)
    ,(437,501,206)
    ,(438,101,512)
    ,(439,101,449)
    ,(440,305,430)
    ,(441,305,238)
    ,(442,501,201)
    ,(443,305,737)
    ,(444,915,227)
    ,(445,700,811)
    ,(446,501,967)
    ,(447,915,584)
    ,(448,101,308)
    ,(449,300,687)
    ,(450,502,896)
    ,(451,502,255)
    ,(452,305,437)
    ,(453,300,232)
    ,(454,101,202)
    ,(455,101,384)
    ,(456,101,20)
    ,(457,100,799)
    ,(458,110,257)
    ,(459,700,998)
    ,(460,101,636)
    ,(461,305,213)
    ,(462,501,289)
    ,(463,700,646)
    ,(464,305,145)
    ,(465,300,910)
    ,(466,900,375)
    ,(467,305,15)
    ,(468,305,777)
    ,(469,900,744)
    ,(470,501,448)
    ,(471,305,311)
    ,(472,900,735)
    ,(473,305,504)
    ,(474,110,638)
    ,(475,502,999)
    ,(476,900,331)
    ,(477,305,290)
    ,(478,110,107)
    ,(479,305,940)
    ,(480,110,517)
    ,(481,110,356)
    ,(482,701,449)
    ,(483,110,278)
    ,(484,501,527)
    ,(485,101,937)
    ,(486,900,308)
    ,(487,100,72)
    ,(488,100,524)
    ,(489,305,893)
    ,(490,700,939)
    ,(491,900,866)
    ,(492,305,82)
    ,(493,502,912)
    ,(494,502,405)
    ,(495,502,263)
    ,(496,110,76)
    ,(497,700,232)
    ,(498,502,465)
    ,(499,502,160)
    ,(500,300,94)
    ,(501,101,790)
    ,(502,300,655)
    ,(503,305,323)
    ,(504,915,90)
    ,(505,501,997)
    ,(506,300,823)
    ,(507,915,998)
    ,(508,701,675)
    ,(509,501,316)
    ,(510,900,359)
    ,(511,502,151)
    ,(512,101,802)
    ,(513,110,833)
    ,(514,900,305)
    ,(515,300,241)
    ,(516,305,249)
    ,(517,101,152)
    ,(518,701,952)
    ,(519,300,204)
    ,(520,501,304)
    ,(521,100,659)
    ,(522,502,529)
    ,(523,305,322)
    ,(524,101,638)
    ,(525,700,351)
    ,(526,305,827)
    ,(527,502,469)
    ,(528,502,911)
    ,(529,701,683)
    ,(530,100,673)
    ,(531,501,836)
    ,(532,100,612)
    ,(533,300,192)
    ,(534,100,381)
    ,(535,110,616)
    ,(536,700,263)
    ,(537,305,993)
    ,(538,101,948)
    ,(539,900,360)
    ,(540,101,5)
    ,(541,300,106)
    ,(542,300,248)
    ,(543,700,386)
    ,(544,502,67)
    ,(545,305,320)
    ,(546,305,90)
    ,(547,915,338)
    ,(548,701,881)
    ,(549,501,732)
    ,(550,300,86)
    ,(551,915,73)
    ,(552,100,324)
    ,(553,101,314)
    ,(554,110,863)
    ,(555,100,190)
    ,(556,110,952)
    ,(557,305,303)
    ,(558,100,623)
    ,(559,100,712)
    ,(560,300,283)
    ,(561,501,595)
    ,(562,502,910)
    ,(563,900,699)
    ,(564,101,288)
    ,(565,110,95)
    ,(566,110,83)
    ,(567,900,453)
    ,(568,900,769)
    ,(569,900,597)
    ,(570,100,772)
    ,(571,900,528)
    ,(572,100,515)
    ,(573,900,526)
    ,(574,305,964)
    ,(575,502,81)
    ,(576,915,956)
    ,(577,305,336)
    ,(578,305,719)
    ,(579,110,594)
    ,(580,700,434)
    ,(581,100,239)
    ,(582,110,216)
    ,(583,701,417)
    ,(584,101,368)
    ,(585,110,474)
    ,(586,300,196)
    ,(587,701,185)
    ,(588,101,691)
    ,(589,701,539)
    ,(590,900,685)
    ,(591,100,408)
    ,(592,501,825)
    ,(593,305,477)
    ,(594,300,542)
    ,(595,700,891)
    ,(596,900,111)
    ,(597,501,775)
    ,(598,300,604)
    ,(599,101,550)
    ,(600,110,384)
    ,(601,915,720)
    ,(602,915,566)
    ,(603,300,677)
    ,(604,900,951)
    ,(605,300,74)
    ,(606,305,541)
    ,(607,305,585)
    ,(608,900,708)
    ,(609,300,463)
    ,(610,501,83)
    ,(611,100,329)
    ,(612,110,724)
    ,(613,501,180)
    ,(614,110,553)
    ,(615,900,175)
    ,(616,700,439)
    ,(617,100,772)
    ,(618,101,564)
    ,(619,900,203)
    ,(620,502,573)
    ,(621,700,754)
    ,(622,305,187)
    ,(623,305,260)
    ,(624,501,148)
    ,(625,300,946)
    ,(626,502,52)
    ,(627,100,360)
    ,(628,700,162)
    ,(629,915,89)
    ,(630,100,893)
    ,(631,100,664)
    ,(632,305,472)
    ,(633,110,53)
    ,(634,100,305)
    ,(635,701,239)
    ,(636,900,952)
    ,(637,100,409)
    ,(638,300,288)
    ,(639,701,787)
    ,(640,900,624)
    ,(641,110,377)
    ,(642,305,894)
    ,(643,101,921)
    ,(644,300,906)
    ,(645,110,989)
    ,(646,300,818)
    ,(647,100,464)
    ,(648,700,687)
    ,(649,110,258)
    ,(650,701,235)
    ,(651,100,484)
    ,(652,501,828)
    ,(653,300,599)
    ,(654,300,499)
    ,(655,900,427)
    ,(656,100,6)
    ,(657,502,466)
    ,(658,110,341)
    ,(659,501,287)
    ,(660,501,780)
    ,(661,110,106)
    ,(662,300,378)
    ,(663,700,150)
    ,(664,300,415)
    ,(665,700,112)
    ,(666,101,38)
    ,(667,701,577)
    ,(668,110,718)
    ,(669,101,635)
    ,(670,700,818)
    ,(671,501,318)
    ,(672,915,740)
    ,(673,701,948)
    ,(674,110,167)
    ,(675,110,984)
    ,(676,502,57)
    ,(677,300,407)
    ,(678,502,480)
    ,(679,110,322)
    ,(680,701,555)
    ,(681,701,292)
    ,(682,502,988)
    ,(683,300,755)
    ,(684,101,333)
    ,(685,305,89)
    ,(686,300,645)
    ,(687,110,798)
    ,(688,502,532)
    ,(689,502,47)
    ,(690,700,392)
    ,(691,701,4)
    ,(692,701,535)
    ,(693,101,575)
    ,(694,101,140)
    ,(695,900,14)
    ,(696,900,141)
    ,(697,701,786)
    ,(698,305,761)
    ,(699,305,991)
    ,(700,110,920)
    ,(701,502,609)
    ,(702,300,874)
    ,(703,700,602)
    ,(704,900,34)
    ,(705,300,742)
    ,(706,100,508)
    ,(707,502,632)
    ,(708,305,987)
    ,(709,100,112)
    ,(710,915,743)
    ,(711,305,573)
    ,(712,501,187)
    ,(713,501,482)
    ,(714,915,360)
    ,(715,100,528)
    ,(716,501,884)
    ,(717,305,182)
    ,(718,701,393)
    ,(719,915,117)
    ,(720,915,525)
    ,(721,900,197)
    ,(722,101,64)
    ,(723,110,349)
    ,(724,305,79)
    ,(725,100,742)
    ,(726,300,759)
    ,(727,305,143)
    ,(728,501,383)
    ,(729,110,814)
    ,(730,300,834)
    ,(731,110,63)
    ,(732,701,186)
    ,(733,101,26)
    ,(734,915,248)
    ,(735,700,988)
    ,(736,701,636)
    ,(737,701,69)
    ,(738,305,734)
    ,(739,300,948)
    ,(740,915,131)
    ,(741,700,55)
    ,(742,900,49)
    ,(743,110,694)
    ,(744,900,950)
    ,(745,300,881)
    ,(746,700,576)
    ,(747,700,173)
    ,(748,100,902)
    ,(749,900,913)
    ,(750,502,988)
    ,(751,100,939)
    ,(752,502,427)
    ,(753,101,996)
    ,(754,100,130)
    ,(755,100,629)
    ,(756,701,272)
    ,(757,110,585)
    ,(758,101,885)
    ,(759,300,317)
    ,(760,100,138)
    ,(761,110,121)
    ,(762,110,117)
    ,(763,101,45)
    ,(764,110,686)
    ,(765,915,502)
    ,(766,701,822)
    ,(767,300,567)
    ,(768,300,88)
    ,(769,305,820)
    ,(770,300,655)
    ,(771,900,909)
    ,(772,101,756)
    ,(773,305,683)
    ,(774,501,612)
    ,(775,915,312)
    ,(776,502,641)
    ,(777,915,87)
    ,(778,110,638)
    ,(779,502,279)
    ,(780,300,820)
    ,(781,101,576)
    ,(782,100,991)
    ,(783,100,145)
    ,(784,305,17)
    ,(785,502,433)
    ,(786,300,521)
    ,(787,701,9)
    ,(788,101,713)
    ,(789,101,685)
    ,(790,502,331)
    ,(791,700,519)
    ,(792,100,401)
    ,(793,501,619)
    ,(794,915,898)
    ,(795,305,979)
    ,(796,110,802)
    ,(797,100,688)
    ,(798,305,808)
    ,(799,110,177)
    ,(800,900,174)
    ,(801,100,838)
    ,(802,110,498)
    ,(803,101,485)
    ,(804,300,221)
    ,(805,700,756)
    ,(806,701,36)
    ,(807,101,896)
    ,(808,110,510)
    ,(809,700,703)
    ,(810,915,638)
    ,(811,501,356)
    ,(812,501,905)
    ,(813,501,804)
    ,(814,305,52)
    ,(815,700,619)
    ,(816,900,51)
    ,(817,101,73)
    ,(818,701,794)
    ,(819,900,602)
    ,(820,900,698)
    ,(821,101,859)
    ,(822,305,134)
    ,(823,501,926)
    ,(824,100,333)
    ,(825,101,189)
    ,(826,700,570)
    ,(827,701,724)
    ,(828,300,162)
    ,(829,900,522)
    ,(830,502,841)
    ,(831,305,836)
    ,(832,502,928)
    ,(833,110,105)
    ,(834,300,362)
    ,(835,100,346)
    ,(836,101,411)
    ,(837,915,603)
    ,(838,900,387)
    ,(839,305,945)
    ,(840,100,515)
    ,(841,501,88)
    ,(842,900,56)
    ,(843,110,173)
    ,(844,502,249)
    ,(845,100,679)
    ,(846,101,401)
    ,(847,915,72)
    ,(848,100,707)
    ,(849,502,893)
    ,(850,915,256)
    ,(851,305,191)
    ,(852,502,673)
    ,(853,900,773)
    ,(854,700,832)
    ,(855,101,854)
    ,(856,100,50)
    ,(857,110,121)
    ,(858,110,878)
    ,(859,305,584)
    ,(860,300,94)
    ,(861,900,155)
    ,(862,305,649)
    ,(863,701,60)
    ,(864,900,275)
    ,(865,101,329)
    ,(866,110,923)
    ,(867,701,360)
    ,(868,915,163)
    ,(869,915,535)
    ,(870,305,326)
    ,(871,101,499)
    ,(872,701,915)
    ,(873,300,373)
    ,(874,700,858)
    ,(875,501,219)
    ,(876,701,476)
    ,(877,300,568)
    ,(878,110,104)
    ,(879,300,873)
    ,(880,100,654)
    ,(881,300,364)
    ,(882,701,226)
    ,(883,502,683)
    ,(884,305,672)
    ,(885,900,399)
    ,(886,305,800)
    ,(887,300,761)
    ,(888,101,327)
    ,(889,501,781)
    ,(890,915,620)
    ,(891,100,190)
    ,(892,300,814)
    ,(893,300,520)
    ,(894,915,888)
    ,(895,501,989)
    ,(896,900,518)
    ,(897,305,710)
    ,(898,110,257)
    ,(899,101,824)
    ,(900,502,102)
    ,(901,502,128)
    ,(902,305,247)
    ,(903,900,713)
    ,(904,100,252)
    ,(905,700,353)
    ,(906,915,39)
    ,(907,501,513)
    ,(908,101,149)
    ,(909,915,176)
    ,(910,701,254)
    ,(911,100,266)
    ,(912,915,600)
    ,(913,915,314)
    ,(914,701,845)
    ,(915,101,887)
    ,(916,502,323)
    ,(917,300,833)
    ,(918,101,604)
    ,(919,701,13)
    ,(920,100,961)
    ,(921,100,5)
    ,(922,101,45)
    ,(923,300,798)
    ,(924,701,44)
    ,(925,502,737)
    ,(926,305,141)
    ,(927,915,876)
    ,(928,915,926)
    ,(929,305,182)
    ,(930,700,322)
    ,(931,915,343)
    ,(932,915,933)
    ,(933,110,3)
    ,(934,502,664)
    ,(935,701,17)
    ,(936,700,251)
    ,(937,100,139)
    ,(938,502,810)
    ,(939,700,692)
    ,(940,110,431)
    ,(941,502,192)
    ,(942,110,596)
    ,(943,915,237)
    ,(944,701,495)
    ,(945,100,256)
    ,(946,502,550)
    ,(947,900,351)
    ,(948,915,244)
    ,(949,700,947)
    ,(950,501,365)
    ,(951,915,76)
    ,(952,305,308)
    ,(953,305,62)
    ,(954,300,303)
    ,(955,900,53)
    ,(956,305,450)
    ,(957,915,439)
    ,(958,300,44)
    ,(959,110,753)
    ,(960,900,242)
    ,(961,101,59)
    ,(962,100,213)
    ,(963,305,913)
    ,(964,700,198)
    ,(965,501,178)
    ,(966,501,42)
    ,(967,701,150)
    ,(968,701,244)
    ,(969,700,548)
    ,(970,700,39)
    ,(971,502,337)
    ,(972,100,869)
    ,(973,701,355)
    ,(974,305,113)
    ,(975,915,847)
    ,(976,305,171)
    ,(977,502,974)
    ,(978,701,11)
    ,(979,701,767)
    ,(980,101,965)
    ,(981,700,684)
    ,(982,700,30)
    ,(983,101,247)
    ,(984,110,9)
    ,(985,305,215)
    ,(986,110,390)
    ,(987,100,291)
    ,(988,501,428)
    ,(989,501,520)
    ,(990,900,726)
    ,(991,700,97)
    ,(992,900,116)
    ,(993,100,508)
    ,(994,900,146)
    ,(995,700,737)
    ,(996,101,568)
    ,(997,502,597)
    ,(998,110,527)
    ,(999,915,376)
    ,(1000,501,633);
SET IDENTITY_INSERT rider_ticket off

SET IDENTITY_INSERT routes on
INSERT INTO routes(route_id,agency_id,route_short_name,route_desc)
VALUES
    (100001,1,'1','Kinnear - Downtown Seattle')
    ,(100002,1,'10','Capitol Hill - Downtown Seattle')
    ,(100003,1,'101','Renton Transit Center - Downtown Seattle')
    ,(100004,1,'105','Renton Highlands - Renton Transit Center')
    ,(100005,1,'106','Renton Transit Center - Skyway - Downtown Seattle')
    ,(100006,1,'107','Renton Transit Center - Rainier Beach')
    ,(100009,1,'11','Madison Park - Capitol Hill - Downtown Seattle')
    ,(100011,1,'111','Lake Kathleen - Downtown Seattle')
    ,(100012,1,'113','Shorewood - Downtown Seattle')
    ,(100016,1,'118','Tahlequah - Vashon - Downtown Seattle')
    ,(100017,1,'119','Dockton - Vashon - Downtown Seattle')
    ,(100018,1,'12','Interlaken Park - Capitol Hill - Downtown Seattle')
    ,(100023,1,'124','Tukwila International Blvd Sta - Downtown Seattle')
    ,(100024,1,'125','Westwood Vill - S Seattle Coll - Downtown Seattle')
    ,(100026,1,'128','Southcenter - Alaska Junction - Admiral District')
    ,(100028,1,'13','Seattle Pacific - Downtown Seattle')
    ,(100030,1,'131','Burien TC - Georgetown - Downtown Seattle')
    ,(100031,1,'132','Burien TC - South Park - Downtown Seattle')
    ,(100039,1,'14','Mt Baker - Downtown Seattle')
    ,(100042,1,'148','Fairwood - Renton Transit Center')
    ,(100045,1,'150','Kent Station - Southcenter - Downtown Seattle')
    ,(100048,1,'153','Kent Sounder Station - Renton Transit Center')
    ,(100060,1,'168','Maple Valley - Kent Sounder Station')
    ,(100062,1,'17','Loyal Heights-Sunset Hill-Ballard-Downtown Seattle')
    ,(100068,1,'177','Federal Way S 320th P&R - Downtown Seattle')
    ,(100072,1,'181','Twin Lakes P&R - Auburn Station - Green River Coll')
    ,(100073,1,'182','Northeast Tacoma - Federal Way TC')
    ,(100074,1,'183','Federal Way TC - Star Lake - Kent Station')
    ,(100078,1,'187','Federal Way - Twin Lakes')
    ,(100089,1,'2','West Queen Anne - Downtown Seattle - Madrona Park')
    ,(100099,1,'208','North Bend - Issaquah Transit Center')
    ,(100101,1,'21','Arbor Heights-Westwood Village-Downtown Seattle')
    ,(100104,1,'212','Eastgate P&R - Downtown Seattle')
    ,(100111,1,'22','Westwood Villge-Shorewood-Gatewood-Alaska Junction')
    ,(100113,1,'221','Education Hill - Crossroads - Eastgate')
    ,(100132,1,'24','West Magnolia - Downtown Seattle')
    ,(100133,1,'240','Bellevue Transit Center - Renton Transit Center')
    ,(100136,1,'245','Kirkland Transit Center - Crossroads - Factoria')
    ,(100137,1,'246','Eastgate P&R-Somerset-Bellevue TC-Clyde Hill')
    ,(100139,1,'249','Overlake - South Bellevue Station')
    ,(100146,1,'255','Totem Lake TC-Kirkand TC-UW Link Sta-Univ Dist')
    ,(100148,1,'257','Brickyard P&R - Downtown Seattle')
    ,(100160,1,'269','Issaquah Transit Center - Overlake P&R')
    ,(100161,1,'27','Colman Park - Downtown Seattle')
    ,(100162,1,'271','Issaquah - University District')
    ,(100169,1,'28','Whittier Heights - Fremont - Downtown Seattle')
    ,(100173,1,'3','Summit - Downtown Seattle - Madrona')
    ,(100177,1,'303','Aurora Village - Northgate Station - First Hill')
    ,(100184,1,'31','Children''s Hospital - Fremont - Central Magnolia')
    ,(100186,1,'311','Woodinville - Downtown Seattle')
    ,(100193,1,'32','Children''s Hospital - Fremont -Seattle Center West')
    ,(100194,1,'33','Discovery Park - Downtown Seattle')
    ,(100196,1,'331','Shoreline Comm Coll-Aurora Village TC-Kenmore P&R')
    ,(100202,1,'345','Shoreline South/148th Station - Northgate Station')
    ,(100203,1,'346','Aurora Village TC - Shoreline South/148th Station')
    ,(100205,1,'348','Richmond Beach - Shoreline North - Northgate')
    ,(100210,1,'36','Othello Station - Beacon Hill - Downtown Seattle')
    ,(100214,1,'372','UW/Cascadia College - University District')
    ,(100219,1,'4','East Queen Anne - Downtown Seattle - Judkins Park')
    ,(100223,1,'43','Univ Dist-Montlake-Capitol Hill-Downtown Seattle')
    ,(100224,1,'44','Ballard - Montlake')
    ,(100225,1,'45','Loyal Heights - University District')
    ,(100228,1,'48','Mt Baker - University District')
    ,(100229,1,'5','Shoreline CC - Greenwood - Seattle')
    ,(100230,1,'50','West Seattle - SODO - Beacon Hill - Columbia City')
    ,(100232,40,'522','Woodinville - Roosevelt Link Station')
    ,(100236,40,'545','Redmond - Seattle')
    ,(100239,40,'550','Bellevue - Seattle')
    ,(100240,40,'554','Issaquah - Seattle')
    ,(100242,1,'56','Alki - Admiral District - Downtown Seattle')
    ,(100246,1,'57','Alaska Junction - Genesee Hill - Admiral District')
    ,(100249,1,'60','Westwood Village - Georgetown - Broadway')
    ,(100252,1,'62','Sand Point - Green Lake - Downtown Seattle')
    ,(100254,1,'65','Lake City  - University District')
    ,(100259,1,'67','Northgate - Roosevelt - University District')
    ,(100263,1,'7','Prentice St - Rainier Beach - Downtown Seattle')
    ,(100264,1,'70','University District - Eastlake - Downtown Seattle')
    ,(100269,1,'75','Northgate - Lake City - Sand Point - Univ District')
    ,(100272,1,'773','Seacrest Park - West Seattle Junction')
    ,(100275,1,'8','Seattle Center - Capitol Hill - Rainier Beach')
    ,(100289,1,'9','Rainier Beach - Columbia City - Broadway')
    ,(100290,1,'901','Mirror Lake - Federal Way TC')
    ,(100292,1,'903','Twin Lakes - Federal Way TC')
    ,(100297,1,'914','Downtown Kent - Kent East Hill')
    ,(100300,1,'917','Pacific - Algona - Auburn Station')
    ,(100336,1,'973','Water Taxi: West Seattle - Downtown Seattle')
    ,(100337,1,'975','Water Taxi: Vashon Island - Downtown Seattle')
    ,(100340,23,'South Lake Union Streetcar','Streetcar: Fairview/Aloha - Westlake/McGraw')
    ,(100341,1,'982','Bear Creek P&R - Lakeside School')
    ,(100344,1,'986','Kirkland - Lakeside School')
    ,(100345,1,'987','Rainier Beach - Lakeside School')
    ,(100346,1,'988','Madrona - Lakeside School')
    ,(100347,1,'989','Eastgate - Lakeside School')
    ,(100447,1,'49','Univ District - Broadway - Downtown Seattle')
    ,(100451,40,'556','Issaquah-University District')
    ,(100459,1,'218','Issaquah Highlands - Downtown Seattle')
    ,(100473,1,'981','Lakeside School - Houghton P&R')
    ,(100481,1,'775','Seacrest Park - Admiral District - Alki')
    ,(100487,1,'102','Fairwood - Downtown Seattle')
    ,(100489,1,'156','Southcenter - SeaTac - Des Moines - Highline Coll')
    ,(100495,1,'193','Federal Way S 320th P&R-Federal Way TC-First Hill')
    ,(100496,1,'930','Kingsgate P&R - Redmond Town Center')
    ,(100511,40,'542','Redmond - University District')
    ,(100512,1,'A Line','Federal Way TC - SeaTac - Tukwila Intl Blvd Sta')
    ,(102548,1,'B Line','Redmond TC - Overlake TC - Bellevue TC')
    ,(102552,1,'226','Eastgate P&R-Crossroads-Overlake-Bellevue TC')
    ,(102554,1,'241','Eastgate P&R - Bellevue Transit Center')
    ,(102555,1,'893','Forbes Crk - Kirkland - Lk WA HS')
    ,(102557,1,'915','Enumclaw - Auburn Station')
    ,(102561,1,'907','Enumclaw - Renton TC')
    ,(102574,1,'40','Northgte-Ballard-Fremont-Westlake-Downtown Seattle')
    ,(102576,1,'C Line','Valley St/Fairview Av N - SW Barton St/26 Av SW')
    ,(102581,1,'D Line','Blue Ridge/Crown Hill - Ballard - Downtown Seattle')
    ,(102593,1,'906','Fairwood - Southcenter - Tukwila Sounder Station')
    ,(102615,1,'E Line','Aurora Village Transit Center - Downtown Seattle')
    ,(102619,1,'F Line','Burien TC - Tukwila Intl Blvd Sta - Renton Landing')
    ,(102628,1,'895','Ardmore Park - Lake WA HS')
    ,(102634,1,'630','So Mercer Island - First Hill - Downtown Seattle')
    ,(102636,1,'631','Gregory Heights - Burien Transit Center')
    ,(102638,23,'First Hill Streetcar','Streetcar: Pioneer Square - Capitol Hill')
    ,(102647,1,'635','Des Moines Marina District - Angle Lake Station')
    ,(102652,1,'204','S Mercer Island-Island Crest Way-Mercer Island P&R')
    ,(102653,1,'224','Duvall - Redmond Transit Center')
    ,(102698,1,'Duvall-Monroe Shuttle','Duvall - Monroe Shuttle')
    ,(102699,1,'SVT','No. Bend-Snoqualmie-Fall City-Carnation-Duvall')
    ,(102701,1,'225','Kenmore - Totem Lake TC - Overlake')
    ,(102702,1,'239','UW/Cascadia Coll - Totem Lake TC - Kirkland TC')
    ,(102703,1,'231','Woodinville - Brickyard - Juanita - Kirkland TC')
    ,(102704,1,'250','Avondale -  Redmond TC - Kirkland TC - Bellevue TC')
    ,(102705,1,'230','North Creek - Bothell - Juanita - Kirkland TC')
    ,(102715,1,'162','Lake Meridean P&R - Downtown Seattle')
    ,(102717,1,'165','Green River College - Kent - Des Moines - Burien')
    ,(102718,1,'184','Auburn Station - White River Junction')
    ,(102719,1,'161','Burien - Kent Station')
    ,(102720,1,'160','Renton TC - Kent Station - Auburn Station')
    ,(102729,1,'322','Kenmore P&R - 12 Av/E Terrace St')
    ,(102732,1,'79','Greenlake - University District')
    ,(102734,40,'566','Auburn - Redmond')
    ,(102736,1,'H Line','Burien TC - Westwood Village - Downtown Seattle')
    ,(102744,1,'365','Northgate Station - Shoreline Link Stations')
    ,(102745,1,'G Line','Madison Valley - Downtown Seattle')
    ,(102746,1,'333','Shoreline South/148 - Mountlake Terrace Station')
    ,(102747,1,'61','Lake City - Northgate - Greenwood');
SET IDENTITY_INSERT routes off

SET IDENTITY_INSERT stations on
INSERT INTO stations(stations_id,stations_street) 
VALUES
    (100,'1st Ave & Spring St')
    ,(10005,'40th Ave NE & NE 51st St')
    ,(10010,'NE 55th St & 39th Ave NE')
    ,(10020,'NE 55th St & 37th Ave NE')
    ,(10030,'NE 55th St & 35th Ave NE')
    ,(10040,'NE 55th St & 33rd Ave NE')
    ,(10050,'NE 55th St & 30th Ave NE')
    ,(10060,'NE 55th St & 27th Ave NE')
    ,(10070,'NE 55th St & 25th Ave NE')
    ,(10083,'Ravenna Ave NE & Ravenna Pl NE')
    ,(101,'Spring St & 3rd Ave')
    ,(1010,'Howell St & Minor Ave')
    ,(10100,'NE Ravenna Blvd & Park Rd NE')
    ,(10110,'20th Ave NE & NE 55th St')
    ,(10120,'20th Ave NE & NE 52nd St')
    ,(10130,'NE 50th St & 19th Ave NE')
    ,(10145,'NE 50th St & 16th Ave NE')
    ,(10170,'Fairview Ave E & E Nelson Pl')
    ,(10180,'Fairview Ave N & Yale Ave N')
    ,(10190,'Fairview Ave N & Aloha St')
    ,(102,'Spring St & 4th Ave')
    ,(10210,'Fairview Ave N & Mercer St')
    ,(10225,'Fairview Ave N & Thomas St')
    ,(10240,'Boren Ave & Virginia St')
    ,(10280,'Fairview Ave & Denny Way')
    ,(103,'Spring St & 8th Ave')
    ,(10305,'Fairview Ave N & Harrison St')
    ,(10325,'Fairview Ave N & Valley St')
    ,(10328,'Valley St & Fairview Ave N')
    ,(10340,'Fairview Ave N & Yale Ave N')
    ,(10350,'Fairview Ave E & Yale Ave N')
    ,(10370,'NE 50th St & University Way NE')
    ,(10380,'NE 50th St & 16th Ave NE')
    ,(104,'Madison St & Terry Ave')
    ,(1040,'Olive Way & 6th Ave')
    ,(10400,'20th Ave NE & NE 50th St')
    ,(10410,'20th Ave NE & NE 52nd St')
    ,(10420,'20th Ave NE & NE 54th St')
    ,(10430,'NE Ravenna Blvd & 21st Ave NE')
    ,(10445,'Ravenna Ave NE & NE 54th St')
    ,(10460,'NE 55th St & 25th Ave NE')
    ,(10470,'NE 55th St & 27th Ave NE')
    ,(10480,'NE 55th St & 30th Ave NE')
    ,(10490,'NE 55th St & 33rd Ave NE')
    ,(105,'Madison St & Boylston Ave')
    ,(1050,'Olive Way & 8th Ave')
    ,(10500,'NE 55th St & 35th Ave NE')
    ,(10510,'NE 55th St & 36th Ave NE')
    ,(10513,'40th Ave NE & NE 46th St')
    ,(10515,'40th Ave NE & NE 50th St')
    ,(10525,'NE 55th St & 40th Ave NE')
    ,(10550,'NE 55th St & 45th Ave NE')
    ,(10560,'NE 55th St & Princeton Ave NE')
    ,(10561,'Sand Point Way NE & 38th Ave NE')
    ,(10562,'Sand Point Way NE & 40th Ave NE')
    ,(10564,'Sand Point Way NE & NE 50th St')
    ,(10566,'Sand Point Way NE & NE 52nd St')
    ,(10568,'Sand Point Way NE & Princeton Ave NE')
    ,(10580,'Sand Point Way NE & NE Windermere Rd')
    ,(106,'E Madison St & 12th Ave')
    ,(10600,'Sand Point Way NE & NE 61st St')
    ,(10620,'Sand Point Way NE & NE 65th St')
    ,(10630,'Sand Point Way NE & NE 70th St')
    ,(10640,'Sand Point Way NE & NE 74th St')
    ,(10641,'Sand Point Way NE & NE 74th St')
    ,(10650,'Sand Point Way NE & NE 77th St')
    ,(10653,'NOAA & Building 1')
    ,(10654,'NE NOAA Dr')
    ,(10657,'NE NOAA Dr & Guard Shack')
    ,(10658,'NOAA & Building 3')
    ,(10680,'Sand Point Way NE & Inverness Dr NE')
    ,(107,'E Madison St & 17th Ave')
    ,(1070,'Olive Way & Terry Ave')
    ,(10700,'Sand Point Way NE & Matthews Pl NE')
    ,(10710,'Sand Point Way NE & NE 93rd St')
    ,(10720,'Sand Point Way NE & NE 95th St')
    ,(1073,'Olive Way & Boren Ave')
    ,(10730,'Sand Point Way NE & NE 97th St')
    ,(10750,'Sand Point Way NE & NE 103rd St')
    ,(10760,'Sand Point Way NE & NE 106th St')
    ,(10780,'Sand Point Way NE & NE 110th St')
    ,(108,'E Madison St & 22nd Ave E')
    ,(10800,'Sand Point Way NE & NE 115th St')
    ,(10820,'Sand Point Way NE & NE 120th St')
    ,(10830,'Sand Point Way NE & NE 123rd St')
    ,(10840,'NE 125th St & 39th Ave NE')
    ,(1085,'Pine St & 9th Ave')
    ,(10860,'NE 125th St & 35th Ave NE')
    ,(10870,'NE 125th St & 33rd Ave NE')
    ,(109,'E Madison St & 24th Ave E')
    ,(10910,'12th Ave NE & NE 47th St')
    ,(10911,'U District Station - Bay 3')
    ,(10912,'15th Ave NE & NE 43rd St')
    ,(10914,'15th Ave NE & NE Campus Pkwy')
    ,(10915,'Harvard Ave E & Eastlake Ave E')
    ,(10916,'Harvard Ave E & Eastlake Ave E')
    ,(10917,'15th Ave NE & NE 40th St')
    ,(10920,'Harvard Ave E & E Shelby St')
    ,(10940,'10th Ave E & E Roanoke St')
    ,(10950,'10th Ave E & E Miller St')
    ,(10970,'10th Ave E & E Newton St')
    ,(10990,'10th Ave E & E Galer St')
    ,(11010,'10th Ave E & E Prospect St')
    ,(11011,'Broadway  E & E Roy St')
    ,(11012,'E Aloha St & Broadway  E')
    ,(11025,'Boren Ave & Jefferson St')
    ,(11030,'E Roy St & Broadway  E')
    ,(11033,'Boren Ave & Marion St')
    ,(11035,'Boren Ave & Madison St')
    ,(11040,'Broadway  E & E Republican St')
    ,(11050,'Broadway  E & E Thomas St')
    ,(11060,'Broadway & E Denny Way - Bay 4')
    ,(11070,'Broadway & E Pine St')
    ,(11075,'Boren Ave & Seneca St')
    ,(11080,'E Pine St & Broadway')
    ,(11085,'Boren Ave & Madison St')
    ,(11087,'Boren Ave & Columbia St')
    ,(11090,'E Pine St & Belmont Ave')
    ,(111,'E Madison St & Martin L King Jr Way E')
    ,(1110,'Pine St & 5th Ave')
    ,(11100,'E Pine St & Bellevue Ave')
    ,(11130,'Pike St & Convention Pl')
    ,(11133,'Pike St & Minor Ave')
    ,(11140,'E Pine St & Summit Ave')
    ,(11150,'E Pine St & Harvard Ave')
    ,(11175,'Broadway And Denny')
    ,(11180,'Broadway  E & E John St - Bay 3')
    ,(11190,'Broadway  E & E Harrison St')
    ,(11191,'10th Ave E & E Mercer St')
    ,(1120,'Pine St & 4th Ave')
    ,(11200,'Broadway  E & E Mercer St')
    ,(11230,'10th Ave E & E Prospect St')
    ,(11250,'10th Ave E & E Galer St')
    ,(11270,'10th Ave E & E Howe St')
    ,(11290,'10th Ave E & E Miller St')
    ,(11300,'E Roanoke St & Broadway  E')
    ,(11330,'Harvard Ave E & E Shelby St')
    ,(11352,'15th Ave NE & NE 42nd St')
    ,(11356,'NE 45th St & 17th Ave NE')
    ,(11357,'NE 45th St & 20th Ave NE')
    ,(11358,'U District Station - Bay 2')
    ,(11370,'15th Ave E & E Galer St')
    ,(11390,'15th Ave E & E Prospect St')
    ,(11400,'15th Ave E & E Aloha St')
    ,(11410,'15th Ave E & E Roy St')
    ,(11430,'15th Ave E & E Republican St')
    ,(11480,'E Pine St & 15th Ave')
    ,(11490,'E Pine St & 13th Ave')
    ,(11520,'E Pine St & 12th Ave')
    ,(11535,'E Pine St & 15th Ave')
    ,(11565,'15th Ave E & E Thomas St')
    ,(11566,'15th Ave E & E Thomas St')
    ,(11569,'15th Ave & E Pine St')
    ,(11570,'15th Ave E & E Republican St')
    ,(11590,'15th Ave E & E Roy St')
    ,(11600,'15th Ave E & E Aloha St')
    ,(11610,'15th Ave E & E Prospect St')
    ,(11620,'15th Ave E & E Highland Dr')
    ,(11630,'Grandview Pl E & E Galer St')
    ,(11640,'Grandview Pl E & E Garfield St')
    ,(11680,'Mount Rainier Dr S & S Hanford St')
    ,(11690,'Mount Rainier Dr S & S Ridgeway Pl')
    ,(11700,'S Mcclellan St & Lake Park Dr S')
    ,(11720,'S Mcclellan St & 31st Ave S')
    ,(11730,'31st Ave S & S Lander St')
    ,(11750,'31st Ave S & S College St')
    ,(11770,'31st Ave S & S Plum St')
    ,(11790,'31st Ave S & S Massachusetts St')
    ,(1180,'Pike St & 4th Ave')
    ,(11800,'31st Ave S & S Day St')
    ,(11820,'31st Ave S & S Norman St')
    ,(11840,'31st Ave S & S Dearborn St')
    ,(11860,'31st Ave S & S King St')
    ,(11870,'S Jackson St & 30th Ave S')
    ,(11880,'S Jackson St & 28th Ave S')
    ,(11890,'S Jackson St & Martin L King Jr Way S')
    ,(1190,'Pike St & 6th Ave')
    ,(11910,'S Jackson St & 23rd Ave S')
    ,(11920,'S Jackson St & 20th Pl S')
    ,(11940,'S Jackson St & 18th Ave S')
    ,(1195,'Pike St & 7th Ave')
    ,(11960,'S Jackson St & Rainier Ave S')
    ,(11980,'S Jackson St & 18th Ave S')
    ,(11990,'S Jackson St & 20th Ave S')
    ,(120,'E Madison St & Martin L King Jr Way E')
    ,(12010,'S Jackson St & 23rd Ave S')
    ,(12030,'S Jackson St & 28th Ave S')
    ,(12040,'S Jackson St & 30th Ave S')
    ,(12050,'31st Ave S & S King St')
    ,(12070,'31st Ave S & S Dearborn St')
    ,(12080,'31st Ave S & S Norman St')
    ,(12090,'31st Ave S & S Irving St')
    ,(121,'E Madison St & 23rd Ave E')
    ,(12110,'31st Ave S & S Massachusetts St')
    ,(12130,'31st Ave S & S Plum St')
    ,(12140,'31st Ave S & S Walker St')
    ,(1215,'Union St & 5th Ave')
    ,(12160,'31st Ave S & S Lander St')
    ,(12170,'S Mcclellan St & 31st Ave S')
    ,(12190,'S Mcclellan St & S Mount Baker Blvd')
    ,(122,'E Madison St & 22nd Ave E')
    ,(12200,'Mount Rainier Dr S & 37th Pl S')
    ,(12210,'E Mcgilvra St & 42nd Ave E')
    ,(12220,'42nd Ave E & E Lynn St')
    ,(12230,'42nd Ave E & E Newton St')
    ,(12240,'42nd Ave E & E Madison St')
    ,(12250,'E Madison St & 41st Ave E')
    ,(12260,'E Madison St & E Garfield St')
    ,(12270,'E Madison St & 38th Ave E')
    ,(12280,'E Madison St & 36th Ave E')
    ,(12290,'E Madison St & 34th Ave E')
    ,(123,'E Madison St & 17th Ave')
    ,(1230,'Union St & 4th Ave')
    ,(12310,'E Madison St & Lake Washington Blvd')
    ,(12340,'E Madison St & 25th Ave E')
    ,(12353,'E Madison St & 19th Ave')
    ,(12373,'E Madison St & 18th Ave')
    ,(12390,'E Madison St & 29th Ave E')
    ,(124,'E Madison St & 12th Ave')
    ,(12400,'E Madison St & Lake Washington Blvd')
    ,(12410,'E Madison St & 33rd Ave E')
    ,(12420,'E Madison St & 36th Ave E')
    ,(12430,'E Madison St & 38th Ave E')
    ,(12440,'E Madison St & 39th Ave E')
    ,(12450,'E Madison St & 41st Ave E')
    ,(12460,'43rd Ave E & E Blaine St')
    ,(12470,'43rd Ave E & E Madison St')
    ,(12479,'Martin L King Jr Way S & S Irving St')
    ,(12480,'43rd Ave E & E Lynn St')
    ,(12484,'Martin L King Jr Way S & S Hill St')
    ,(12485,'S Walker St & 25th Ave S')
    ,(12486,'Martin L King Jr Way S & S Bayview St')
    ,(12487,'Martin L King Jr Way S & S Massachusetts St')
    ,(12496,'S Plum St & 25th Ave S')
    ,(12497,'Martin L King Jr Way S & S Massachusetts St')
    ,(125,'Madison St & Boylston Ave')
    ,(1250,'Seneca St & 4th Ave')
    ,(12500,'26th Ave S & S Norman St')
    ,(12520,'S Dearborn St & 26th Ave S')
    ,(12532,'23rd Ave S & S Lane St')
    ,(12550,'23rd Ave S & S Jackson St')
    ,(12560,'23rd Ave & E Yesler Way')
    ,(126,'Madison St & Terry Ave')
    ,(1260,'Seneca St & 6th Ave')
    ,(12600,'23rd Ave & E Jefferson St')
    ,(12630,'23rd Ave S & E Yesler Way')
    ,(12640,'23rd Ave S & S Jackson St')
    ,(12660,'S Dearborn St & 24th Ave S')
    ,(12670,'24th Ave S & S Norman St')
    ,(12690,'34th Ave & E Union St')
    ,(127,'Madison St & 8th Ave')
    ,(12700,'34th Ave & E Marion St')
    ,(12712,'34th Ave & E Cherry St')
    ,(12720,'E Cherry St & 32nd Ave')
    ,(12740,'E Cherry St & Martin L King Jr Way')
    ,(12760,'E Cherry St & 24th Ave')
    ,(12770,'23rd Ave & E Cherry St')
    ,(12780,'E Jefferson St & 23rd Ave')
    ,(12790,'E Jefferson St & 21st Ave')
    ,(128,'Madison St & 5th Ave')
    ,(12805,'E Jefferson St & 18th Ave')
    ,(12820,'E Jefferson St & 15th Ave')
    ,(12840,'E Jefferson St & 12th Ave')
    ,(12841,'12th Ave & E Alder St')
    ,(12842,'12th Ave & E Terrace St')
    ,(12860,'Jefferson St & Broadway')
    ,(12880,'Jefferson St & 9th Ave')
    ,(12890,'James St & 8th Ave')
    ,(129,'Madison St & 3rd Ave')
    ,(12900,'James St & 8th Ave')
    ,(12910,'9th Ave & Jefferson St')
    ,(12930,'E Jefferson St & Broadway')
    ,(12950,'E Jefferson St & 12th Ave')
    ,(12960,'E Jefferson St & 14th Ave')
    ,(12980,'E Jefferson St & 17th Ave')
    ,(12991,'E Jefferson St & 20th Ave')
    ,(13005,'21st Ave & E James St')
    ,(13020,'E Cherry St & 23rd Ave')
    ,(13030,'E Cherry St & 25th Ave')
    ,(13040,'E Cherry St & Martin L King Jr Way')
    ,(13060,'E Cherry St & 31st Ave')
    ,(13070,'E Cherry St & 33rd Ave')
    ,(13080,'34th Ave & E Columbia St')
    ,(13090,'E Spring St & 34th Ave')
    ,(13190,'Interlaken Turnback Loop & 19th Ave E')
    ,(13200,'19th Ave E & E Galer St')
    ,(13210,'19th Ave E & E Highland Dr')
    ,(13220,'19th Ave E & E Prospect St')
    ,(13230,'19th Ave E & E Aloha St')
    ,(13240,'19th Ave E & E Mercer St')
    ,(13250,'19th Ave E & E Harrison St')
    ,(13260,'19th Ave E & E John St')
    ,(13262,'E Union St & 12th Ave')
    ,(13264,'Madison St & Boylston Ave')
    ,(13266,'Madison St & Boren Ave')
    ,(13270,'19th Ave & E Denny Way')
    ,(13291,'Madison St & Boren Ave')
    ,(13310,'19th Ave E & E Denny Way')
    ,(13320,'19th Ave E & E John St')
    ,(13330,'19th Ave E & E Thomas St')
    ,(13340,'19th Ave E & E Harrison St')
    ,(13350,'19th Ave E & E Republican St')
    ,(13360,'19th Ave E & E Roy St')
    ,(13370,'19th Ave E & E Aloha St')
    ,(13380,'19th Ave E & E Prospect St')
    ,(13381,'19th Ave E & E Highland Dr')
    ,(13390,'Bellevue Ave E & Bellevue Pl E')
    ,(1340,'Yesler Way & Prefontaine Pl S')
    ,(13410,'Bellevue Ave E & E Republican St')
    ,(13420,'Bellevue Ave E & E Thomas St')
    ,(13430,'Bellevue Ave E & E Denny Way')
    ,(13441,'Bellevue Ave & E Olive Way')
    ,(13460,'Bellevue Ave & E Olive St')
    ,(13480,'Summit Ave E & E Olive Way')
    ,(1350,'Yesler Way & 6th Ave S')
    ,(13500,'Summit Ave E & E Harrison St')
    ,(13510,'Summit Ave E & E Mercer St')
    ,(13585,'15th Ave NW & NW 87th St')
    ,(1360,'Yesler Way & 5th Ave')
    ,(13600,'15th Ave NW & NW 85th St')
    ,(13620,'15th Ave NW & NW 80th St')
    ,(13640,'15th Ave NW & NW 75th St')
    ,(13660,'15th Ave NW & NW 70th St')
    ,(13670,'15th Ave NW & NW 65th St')
    ,(1370,'Yesler Way & 3rd Ave')
    ,(13700,'15th Ave NW & NW 60th St')
    ,(13721,'15th Ave NW & NW Market St')
    ,(13760,'15th Ave NW & NW Leary Way')
    ,(13770,'15th Ave W & W Emerson St')
    ,(13775,'W Emerson Pl & 21st Ave W')
    ,(13800,'15th Ave W & W Dravus St')
    ,(13810,'15th Ave W & W Armour St')
    ,(13830,'15th Ave W & W Wheeler St')
    ,(13840,'15th Ave W & W Armory Way')
    ,(13870,'Elliott Ave W & W Galer St')
    ,(13890,'Elliott Ave W & W Prospect St')
    ,(13910,'W Mercer St & 3rd Ave W')
    ,(14038,'W Mercer St & 3rd Ave W')
    ,(1404,'S Washington St & 3rd Ave S')
    ,(14070,'Elliott Ave W & W Prospect St')
    ,(14090,'Elliott Ave W & W Galer St')
    ,(14110,'15th Ave W & W Newton St')
    ,(14130,'15th Ave W & W Wheeler St')
    ,(14150,'15th Ave W & W Armour St')
    ,(14170,'15th Ave W & W Dravus St')
    ,(14190,'15th Ave W & W Emerson St')
    ,(14195,'W Emerson Pl & 21st Ave W')
    ,(14200,'15th Ave NW & NW Leary Way')
    ,(14230,'15th Ave NW & NW Market St')
    ,(14250,'15th Ave NW & NW 60th St')
    ,(14280,'15th Ave NW & NW 65th St')
    ,(14300,'15th Ave NW & NW 70th St')
    ,(14320,'15th Ave NW & NW 75th St')
    ,(14340,'15th Ave NW & NW 80th St')
    ,(14360,'15th Ave NW & NW 85th St')
    ,(1471,'S Jackson St & 5th Ave S')
    ,(1480,'S Jackson St & Maynard Ave S')
    ,(1490,'S Jackson St & 8th Ave S')
    ,(14960,'Alki Ave SW & 61st Ave SW')
    ,(14961,'61st Ave SW & SW Stevens St')
    ,(14962,'61st Ave SW & SW Admiral Way')
    ,(14963,'SW Admiral Way & 60th Ave SW')
    ,(14970,'SW Admiral Way & 59th Ave SW')
    ,(14980,'SW Admiral Way & 57th Ave SW')
    ,(1500,'S Jackson St & 8th Ave S')
    ,(15000,'SW Admiral Way & SW Stevens St')
    ,(15002,'SW Admiral Way & 51st Ave SW')
    ,(15030,'SW Admiral Way & SW Lander St')
    ,(15040,'SW Admiral Way & 47th Ave SW')
    ,(15050,'SW Admiral Way & 45th Ave SW')
    ,(15060,'SW Admiral Way & California Ave SW')
    ,(15070,'SW Admiral Way & 41st Ave SW')
    ,(15080,'SW Admiral Way & 39th Ave SW')
    ,(15090,'SW Admiral Way & Belvidere Ave SW')
    ,(1510,'S Jackson St & Maynard Ave S')
    ,(15100,'SW Admiral Way & SW Olga St')
    ,(15120,'SW Admiral Way & SW City View St')
    ,(15140,'SW Spokane St & 26th Ave SW')
    ,(15145,'SW Spokane St & Chelan Ave SW')
    ,(15190,'1st Ave S & S Spokane St')
    ,(15201,'1st Ave S & S Atlantic St')
    ,(15202,'1st Ave S & S Holgate St')
    ,(15203,'1st Ave S & S Stacy St')
    ,(15204,'Edgar Martinez Dr S & Occidental Ave S')
    ,(15205,'1st Ave S & S Hanford St')
    ,(15206,'1st Ave S & S Stacy St')
    ,(15207,'1st Ave S & S Holgate St')
    ,(15211,'1st Ave S & S Walker St')
    ,(15212,'1st Ave S & S Walker St')
    ,(15230,'1st Ave S & S Lander St')
    ,(1530,'S Jackson St & 5th Ave S')
    ,(15380,'1st Ave S & S Lander St')
    ,(15395,'1st Ave S & S Hanford St')
    ,(1540,'James St & 5th Ave')
    ,(15451,'SW Spokane St & Chelan Ave SW')
    ,(15460,'SW Spokane St & 26th Ave SW')
    ,(15480,'SW Admiral Way & SW City View St')
    ,(1550,'James St & 4th Ave')
    ,(15500,'SW Admiral Way & SW Olga St')
    ,(1551,'Occidental Mall')
    ,(15521,'SW Admiral Way & 38th Ave SW')
    ,(15532,'SW Admiral Way & 41st Ave SW')
    ,(15540,'SW Admiral Way & California Ave SW')
    ,(15570,'SW Admiral Way & SW Waite St')
    ,(1558,'Columbia St & Alaskan Way')
    ,(15580,'SW Admiral Way & 49th Ave SW')
    ,(15588,'SW Admiral Way & 51st Ave SW')
    ,(1559,'Alaskan Way & Columbia St')
    ,(1560,'James St & 3rd Ave')
    ,(1561,'Alaskan Way S & S Jackson St')
    ,(15610,'SW Admiral Way & SW Lander St')
    ,(1562,'Alaskan Way S & S Jackson St')
    ,(15630,'SW Admiral Way & 57th Ave SW')
    ,(15650,'SW Admiral Way & 61st Ave SW')
    ,(15651,'63rd Ave SW & SW Admiral Way')
    ,(15652,'63rd Ave SW & Alki Ave SW')
    ,(1570,'James St & 5th Ave')
    ,(1610,'Prefontaine Pl S & Yesler Way')
    ,(16100,'Aurora Village Transit Center - Bay 10')
    ,(16101,'Aurora Village Transit Center - Bay 1')
    ,(16103,'Aurora Village Transit Center - Bay 3')
    ,(16140,'Meridian Ave N & N 203rd St')
    ,(16160,'Meridian Ave N & N 198th St')
    ,(16170,'Meridian Ave N & N 194th St')
    ,(16180,'Meridian Ave N & N 190th St')
    ,(1619,'Westlake And 7th')
    ,(16190,'Meridian Ave N & N 188th St')
    ,(16200,'Meridian Ave N & N 185th St')
    ,(16210,'Meridian Ave N & N 183rd St')
    ,(16220,'Meridian Ave N & N 180th St')
    ,(16230,'Meridian Ave N & N 178th St')
    ,(16240,'Meridian Ave N & N 175th St')
    ,(16250,'Meridian Ave N & N 170th St')
    ,(16260,'Meridian Ave N & N 167th St')
    ,(16270,'Meridian Ave N & N 165th St')
    ,(16280,'Meridian Ave N & N 163rd St')
    ,(16290,'Meridian Ave N & N 160th St')
    ,(1630,'Westlake Hub')
    ,(16300,'Meridian Ave N & N 158th St')
    ,(16330,'Meridian Ave N & N 150th St')
    ,(16380,'Northgate Station - Bay 2')
    ,(16390,'NE Ravenna Blvd & Woodlawn Ave NE')
    ,(16400,'NE Ravenna Blvd & NE 68th St')
    ,(16416,'NE 65th St & 8th Ave NE')
    ,(16419,'8th Ave NE & NE 64th St')
    ,(16430,'Roosevelt Station - Bay 1')
    ,(16440,'Roosevelt Station - Bay 5')
    ,(16460,'Roosevelt Way NE & NE Ravenna Blvd')
    ,(16480,'Roosevelt Way NE & NE 55th St')
    ,(1651,'5th & Jackson')
    ,(16515,'NE Ravenna Blvd & NE 68th St')
    ,(1652,'5th & Jackson')
    ,(16520,'NE Ravenna Blvd & Woodlawn Ave NE')
    ,(16570,'Meridian Ave N & N 145th St')
    ,(1661,'7th & Jackson')
    ,(16610,'Meridian Ave N & N 155th St')
    ,(1662,'7th & Jackson')
    ,(16620,'Meridian Ave N & N 156th Pl')
    ,(16630,'Meridian Ave N & N 159th St')
    ,(16640,'Meridian Ave N & N 163rd St')
    ,(16650,'Meridian Ave N & N 165th St')
    ,(16660,'Meridian Ave N & N 167th St')
    ,(16670,'Meridian Ave N & N 170th St')
    ,(16680,'Meridian Ave N & N 175th St')
    ,(16690,'Meridian Ave N & N 178th St')
    ,(16700,'Meridian Ave N & N 180th St')
    ,(1671,'12th & Jackson')
    ,(16710,'Meridian Ave N & N 183rd St')
    ,(1672,'12th & Jackson')
    ,(16720,'Meridian Ave N & N 185th St')
    ,(16730,'Meridian Ave N & N 187th St')
    ,(16740,'Meridian Ave N & N 190th St')
    ,(16750,'Meridian Ave N & N 193rd St')
    ,(16760,'Meridian Ave N & N 198th St')
    ,(16770,'N 200th St & Burke Ave N')
    ,(16800,'Meridian Ave N & N 145th St')
    ,(1681,'14th & Washington')
    ,(16810,'Meridian Ave N & N 143rd St')
    ,(1682,'14th & Washington')
    ,(16830,'Meridian Ave N & Roosevelt Way N')
    ,(16840,'Meridian Ave N & N 135th St')
    ,(16850,'Meridian Ave N & N 133rd St')
    ,(16860,'Meridian Ave N & N 130th St')
    ,(16870,'N 128th St & Meridian Ave N')
    ,(16880,'Densmore Ave N & N 128th St')
    ,(16890,'Densmore Ave N & N 125th St')
    ,(1690,'3rd Ave & Vine St')
    ,(16900,'Densmore Ave N & N 122nd St')
    ,(16914,'Northwest Hospital')
    ,(16920,'Meridian Ave N & N 120th St')
    ,(16940,'Meridian Ave N & N 115th St')
    ,(16960,'Meridian Ave N & N Northgate Way')
    ,(16980,'Meridian Ave N & N 105th St')
    ,(16990,'College Way N & N 103rd St')
    ,(17010,'College Way N & N 97th St')
    ,(17022,'N 92nd St & Corliss Ave N')
    ,(17024,'1st Ave NE & NE 95th St')
    ,(17040,'Wallingford Ave N & N 90th St')
    ,(17070,'Wallingford Ave N & N 82nd St')
    ,(17080,'Wallingford Ave N & N 80th St')
    ,(17081,'Wallingford Ave N & East Green Lake Dr N')
    ,(1710,'Terrace St & 5th Ave')
    ,(17170,'Woodlawn Ave NE & 5th Ave NE')
    ,(17180,'Woodlawn Ave NE & 1st Ave NE')
    ,(17209,'Woodlawn Ave N & N 63rd St')
    ,(17230,'Kirkwood Pl N & N 59th St')
    ,(17250,'N 56th St & Keystone Pl N')
    ,(17260,'Meridian Ave N & N 54th St')
    ,(17280,'Meridian Ave N & N 50th St')
    ,(17300,'Meridian Ave N & N 46th St')
    ,(17310,'N 45th St & Wallingford Ave N')
    ,(17410,'N 45th St & Wallingford Ave N')
    ,(17420,'Meridian Ave N & N 45th St')
    ,(17440,'Meridian Ave N & N 49th St')
    ,(17460,'Meridian Ave N & N 53rd St')
    ,(17470,'N 56th St & Keystone Pl N')
    ,(17490,'Kirkwood Pl N & N 59th St')
    ,(17510,'Woodlawn Ave N & N 63rd St')
    ,(17530,'Woodlawn Ave NE & Sunnyside Ave N')
    ,(17640,'Wallingford Ave N & N 80th St')
    ,(17650,'Wallingford Ave N & N 82nd St')
    ,(17651,'Wallingford Ave N & N 85th St')
    ,(17680,'Wallingford Ave N & N 90th St')
    ,(17694,'North Seattle College')
    ,(17695,'North Seattle College')
    ,(17697,'1st Ave NE & NE 95th St')
    ,(17698,'N 92nd St & Corliss Ave N')
    ,(17710,'College Way N & N 97th St')
    ,(17730,'College Way N & N 103rd St')
    ,(17740,'Meridian Ave N & N 105th St')
    ,(17755,'N Northgate Way & Meridian Ave N')
    ,(17760,'Meridian Ave N & N Northgate Way')
    ,(17780,'Meridian Ave N & N 115th St')
    ,(17800,'Meridian Ave N & N 120th St')
    ,(17820,'N 122nd St & Burke Ave N')
    ,(17830,'Densmore Ave N & N 125th St')
    ,(17840,'Densmore Ave N & N 128th St')
    ,(17850,'N 128th St & Meridian Ave N')
    ,(17860,'Meridian Ave N & N 130th St')
    ,(17870,'Meridian Ave N & N 133rd St')
    ,(17880,'Meridian Ave N & N 135th St')
    ,(17890,'Meridian Ave N & Roosevelt Way N')
    ,(17900,'Meridian Ave N & N 140th St')
    ,(17950,'View Ave NW & Loyal Ave NW')
    ,(17951,'Loyal Ave NW & Golden Gardens Dr NW')
    ,(17952,'Golden Gardens Dr NW & NW 87th St')
    ,(17960,'32nd Ave NW & NW 85th St')
    ,(17970,'32nd Ave NW & NW 80th St')
    ,(17980,'32nd Ave NW & NW 80th St')
    ,(17990,'32nd Ave NW & NW 77th St')
    ,(18000,'32nd Ave NW & NW 75th St')
    ,(18010,'32nd Ave NW & NW 73rd St')
    ,(18020,'32nd Ave NW & NW 72nd St')
    ,(18030,'32nd Ave NW & NW 70th St')
    ,(18040,'32nd Ave NW & NW 67th St')
    ,(18041,'32nd Ave NW & NW 64th St')
    ,(18050,'32nd Ave NW & NW 61st St')
    ,(18060,'32nd Ave NW & NW 59th St')
    ,(18066,'NW Market St & 32nd Ave NW')
    ,(18070,'32nd Ave NW & NW 56th St')
    ,(18085,'32nd Ave NW & NW Market St')
    ,(18090,'NW 54th St & 30th Ave NW')
    ,(18100,'NW Market St & 28th Ave NW')
    ,(18120,'NW Market St & Ballard Ave NW')
    ,(18145,'Leary Ave NW & NW Vernon Pl')
    ,(18150,'Leary Ave NW & NW Ione Pl')
    ,(18165,'NW Leary Way & 15th Ave NW')
    ,(18170,'W Nickerson St & W Emerson St')
    ,(18180,'W Nickerson St & 12th Ave W')
    ,(18190,'W Nickerson St & Jesse Ave W')
    ,(18200,'W Nickerson St & 8th Ave W')
    ,(18210,'W Nickerson St & 6th Ave W')
    ,(18220,'W Nickerson St & 3rd Ave W')
    ,(18230,'W Nickerson St & Queen Anne Ave N')
    ,(18240,'Nickerson St & Warren Ave N')
    ,(18250,'Nickerson St & Florentia St')
    ,(18260,'Dexter Ave N & 4th Ave N')
    ,(18270,'Dexter Ave N & Wheeler St')
    ,(18295,'Dexter Ave N & 6th Ave N')
    ,(18315,'Dexter Ave N & Crockett St')
    ,(18320,'Dexter Ave N & Howe St')
    ,(18340,'Dexter Ave N & Galer St')
    ,(18359,'Dexter Ave N & Aloha St')
    ,(18370,'Dexter Ave N & Roy St')
    ,(18390,'Dexter Ave N & Harrison St')
    ,(18402,'Dexter Ave & Denny Way')
    ,(18440,'Blanchard St & 6th Ave')
    ,(18455,'Dexter Ave N & Harrison St')
    ,(18465,'Dexter Ave N & Roy St')
    ,(18480,'Dexter Ave N & Aloha St')
    ,(18505,'Dexter Ave N & Galer St')
    ,(18530,'Dexter Ave N & Newton St')
    ,(18540,'Dexter Ave N & Crockett St')
    ,(18550,'Dexter Ave N & Wheeler St')
    ,(18580,'Dexter Ave N & 4th Ave N')
    ,(18590,'Dexter Ave N & 4th Ave N')
    ,(18600,'Nickerson St & 3rd Ave N')
    ,(18610,'Nickerson St & Warren Ave N')
    ,(18620,'Nickerson St & Cremona St')
    ,(18630,'W Nickerson St & 3rd Ave W')
    ,(18640,'W Nickerson St & 6th Ave W')
    ,(18650,'W Nickerson St & 8th Ave W')
    ,(18660,'W Nickerson St & Jesse Ave W')
    ,(18670,'W Nickerson St & 11th Ave W')
    ,(18680,'W Nickerson St & W Emerson St')
    ,(18696,'NW Leary Way & 15th Ave NW')
    ,(18706,'Leary Ave NW & NW Ione Pl')
    ,(18720,'Leary Ave NW & NW Vernon Pl')
    ,(18740,'NW Market St & Ballard Ave NW')
    ,(18760,'NW Market St & 28th Ave NW')
    ,(18770,'NW 54th St & NW Market St')
    ,(18785,'NW Market St & 30th Ave NW')
    ,(18790,'32nd Ave NW & NW Market St')
    ,(18800,'32nd Ave NW & NW 56th St')
    ,(18810,'32nd Ave NW & NW 58th St')
    ,(18820,'32nd Ave NW & NW 60th St')
    ,(18830,'32nd Ave NW & NW 62nd St')
    ,(18840,'32nd Ave NW & NW 64th St')
    ,(18850,'32nd Ave NW & NW 66th St')
    ,(18860,'32nd Ave NW & NW 69th St')
    ,(18870,'32nd Ave NW & NW 71st St')
    ,(18880,'32nd Ave NW & NW 73rd St')
    ,(1889,'Vashon Island Water Taxi & Colman Dock')
    ,(18890,'32nd Ave NW & NW 75th St')
    ,(18900,'32nd Ave NW & NW 77th St')
    ,(18910,'32nd Ave NW & NW 80th St')
    ,(18920,'32nd Ave NW & Loyal Way NW')
    ,(18930,'32nd Ave NW & NW 85th St')
    ,(18940,'Golden Gardens Dr NW & NW 87th St')
    ,(18941,'Golden Gardens Dr NW & Loyal Ave NW')
    ,(18942,'View Ave NW & Golden Gardens Dr NW')
    ,(18990,'Fauntleroy Way SW & SW Morgan St')
    ,(19000,'Fauntleroy Way SW & SW Juneau St')
    ,(19010,'Fauntleroy Way SW & SW Dawson St')
    ,(19020,'Fauntleroy Way SW & SW Alaska St')
    ,(19060,'Fauntleroy Way SW & SW Dawson St')
    ,(1907,'West Seattle Water Taxi & Colman Dock')
    ,(19070,'Fauntleroy Way SW & SW Juneau St')
    ,(1920,'Lenora St & 4th Ave')
    ,(19210,'NW 85th St & Earl Ave NW')
    ,(19240,'24th Ave NW & NW 85th St')
    ,(19250,'24th Ave NW & NW 83rd St')
    ,(19260,'24th Ave NW & NW 80th St')
    ,(19270,'24th Ave NW & NW 77th St')
    ,(19280,'24th Ave NW & NW 75th St')
    ,(19300,'24th Ave NW & NW 70th St')
    ,(19320,'24th Ave NW & NW 65th St')
    ,(19340,'24th Ave NW & NW 61st St')
    ,(19360,'24th Ave NW & NW 57th St')
    ,(19380,'Elliott Ave W & W Roy St')
    ,(19390,'Elliott Ave W & W Mercer St')
    ,(19410,'Elliott Ave W & W Harrison St')
    ,(19420,'Western Ave W & Elliott Ave W')
    ,(19440,'Denny Way & Queen Anne Ave N')
    ,(19460,'Western Ave W & Elliott Ave W')
    ,(19470,'Elliott Ave W & 4th Ave W')
    ,(19480,'Elliott Ave W & 6th Ave W')
    ,(19490,'Elliott Ave W & W Mercer St')
    ,(19500,'Elliott Ave W & W Mercer Pl')
    ,(19510,'24th Ave NW & NW 57th St')
    ,(19530,'24th Ave NW & NW 61st St')
    ,(19550,'24th Ave NW & NW 65th St')
    ,(19570,'24th Ave NW & NW 70th St')
    ,(19590,'24th Ave NW & NW 75th St')
    ,(19600,'24th Ave NW & NW 77th St')
    ,(19610,'24th Ave NW & NW 80th St')
    ,(19620,'24th Ave NW & NW 83rd St')
    ,(19650,'SW Wildwood Pl & 45th Ave SW')
    ,(19670,'Fauntleroy Way SW & SW Barton St')
    ,(19700,'Fauntleroy Way SW & SW Rose St')
    ,(19740,'Fauntleroy Way SW & SW Webster St')
    ,(19750,'Fauntleroy Way SW & SW Myrtle St')
    ,(19790,'California Ave SW & Fauntleroy Way SW')
    ,(19810,'California Ave SW & SW Raymond St')
    ,(19830,'California Ave SW & SW Findlay St')
    ,(19850,'California Ave SW & SW Dawson St')
    ,(19861,'SW Edmunds St & 44th Ave SW')
    ,(19862,'SW Alaska St & California Ave SW - Bay 1')
    ,(19875,'SW Alaska St & 42nd Ave SW')
    ,(19898,'SW Avalon Way & SW Bradford St')
    ,(19921,'SW Avalon Way & SW Genesee St')
    ,(19922,'SW Genesee St & 30th Ave SW')
    ,(19930,'SW Avalon Way & SW Yancy St')
    ,(19940,'SW Avalon Way & SW Charlestown St')
    ,(19978,'SW Genesee St & 30th Ave SW')
    ,(19980,'SW Avalon Way & SW Genesee St')
    ,(20040,'SW Alaska St & 42nd Ave SW')
    ,(20041,'SW Alaska St & California Ave SW - Bay 3')
    ,(20050,'California Ave SW & Erskine Way SW')
    ,(20070,'California Ave SW & SW Dawson St')
    ,(20090,'California Ave SW & SW Findlay St')
    ,(2010,'10th Ave W & W Armour St')
    ,(20110,'California Ave SW & SW Raymond St')
    ,(20130,'Fauntleroy Way SW & California Ave SW')
    ,(20170,'Fauntleroy Way SW & SW Myrtle St')
    ,(20190,'Fauntleroy Way SW & SW Webster St')
    ,(2020,'10th Ave W & W Bothwell St')
    ,(20220,'Fauntleroy Way SW & SW Rose St')
    ,(20250,'Fauntleroy Way SW & SW Barton St')
    ,(20270,'SW Wildwood Pl & 46th Ave SW')
    ,(2030,'10th Ave W & W Halladay St')
    ,(2050,'10th Ave W & W Mcgraw St')
    ,(20530,'W Emerson St & Magnolia Blvd W')
    ,(20540,'West Viewmont Way W & W Ruffner St')
    ,(20550,'West Viewmont Way W & W Bertona St')
    ,(20560,'West Viewmont Way W & W Dravus St')
    ,(20570,'West Viewmont Way W & W Barrett St')
    ,(20580,'West Viewmont Way W & W Armour St')
    ,(20590,'West Viewmont Way W & W Raye St')
    ,(2060,'10th Ave W & W Crockett St')
    ,(20600,'West Viewmont Way W & 42nd Ave W')
    ,(20610,'West Viewmont Way W & W Parkmont Pl')
    ,(20620,'West Viewmont Way W & Montavista Pl W')
    ,(20630,'West Viewmont Way W & Constance Dr W')
    ,(20640,'Viewmont Way W & Edgemont Pl W')
    ,(20650,'35th Ave W & W Mcgraw St')
    ,(20670,'W Mcgraw St & 32nd Ave W')
    ,(20680,'Condon Way W & W Crockett St')
    ,(2070,'10th Ave W & W Howe St')
    ,(20700,'28th Ave W & W Blaine St')
    ,(20710,'28th Ave W & W Eaton St')
    ,(20720,'W Galer St & Thorndyke Ave W')
    ,(20730,'Magnolia Brdg & Pier 91')
    ,(2080,'10th Ave W & W Blaine St')
    ,(20829,'Denny Way & 2nd Ave N')
    ,(20880,'Thorndyke Ave W & W Hayes St')
    ,(20890,'28th Ave W & W Blaine St')
    ,(2090,'10th Ave W & W Galer St')
    ,(20910,'Condon Way W & W Crockett St')
    ,(20940,'Viewmont Way W & 35th Ave W')
    ,(20950,'Viewmont Way W & Edgemont Pl W')
    ,(20960,'West Viewmont Way W & Constance Dr W')
    ,(20970,'West Viewmont Way W & Montavista Pl W')
    ,(20980,'West Viewmont Way W & W Parkmont Pl')
    ,(20990,'West Viewmont Way W & Westmont Way W')
    ,(2100,'Olympic Way W & W Lee St')
    ,(21000,'West Viewmont Way W & W Raye St')
    ,(21010,'West Viewmont Way W & W Armour St')
    ,(21020,'West Viewmont Way W & W Barrett Ln')
    ,(21030,'West Viewmont Way W & W Dravus St')
    ,(21040,'West Viewmont Way W & W Bertona St')
    ,(21050,'West Viewmont Way W & W Ruffner St')
    ,(21080,'SW Roxbury St & 15th Ave SW - Bay 3')
    ,(21090,'SW Roxbury St & 12th Ave SW')
    ,(2110,'Olympic Way W & 9th Ave W')
    ,(21104,'8th Ave SW & SW 99th St')
    ,(21110,'SW Roxbury St & 8th Ave SW')
    ,(21120,'SW Roxbury St & 5th Ave SW')
    ,(21140,'Olson Pl SW & 3rd Ave SW')
    ,(21141,'Olson-Myers Way Park And Ride')
    ,(21150,'Olson Pl SW & 3rd Ave SW')
    ,(21170,'SW Roxbury St & 5th Pl SW')
    ,(2120,'Olympic Way W & 7th Ave W')
    ,(21250,'SW Roxbury St & 26th Ave SW')
    ,(21280,'SW Roxbury St & 20th Ave SW')
    ,(21290,'SW Roxbury St & 17th Ave SW')
    ,(21292,'16th Ave SW & SW Roxbury St - Bay 5')
    ,(21295,'16th Ave SW & SW Barton St')
    ,(2130,'Olympic Way W & 5th Ave W')
    ,(21310,'Delridge Way SW & SW Cambridge St')
    ,(21320,'Delridge Way SW & SW Barton St')
    ,(21350,'16th Ave SW & SW Henderson St')
    ,(21360,'16th Ave SW & SW Trenton St')
    ,(21370,'16th Ave SW & SW Cloverdale St')
    ,(21380,'16th Ave SW & SW Thistle St')
    ,(21390,'16th Ave SW & SW Elmgrove St')
    ,(2140,'W Olympic Pl & 3rd Ave W')
    ,(21400,'16th Ave SW & SW Kenyon St')
    ,(21410,'16th Ave SW & SW Holden St')
    ,(21420,'SW Austin St & Dumar Way SW')
    ,(21430,'Dumar Way SW & SW Orchard St')
    ,(21440,'SW Orchard St & Delridge Way SW')
    ,(21450,'Delridge Way SW & SW Myrtle St')
    ,(21480,'Delridge Way SW & SW Holly St')
    ,(2150,'W Roy St & 2nd Ave W')
    ,(21500,'Delridge Way SW & SW Graham St')
    ,(21560,'Delridge Way SW & SW Hudson St')
    ,(21590,'Delridge Way SW & SW Oregon St')
    ,(21600,'Delridge Way SW & SW Genesee St')
    ,(21620,'Delridge Way SW & SW Andover St')
    ,(21680,'Airport Way S & S Horton St')
    ,(21690,'Airport Way S & S Stevens St')
    ,(21700,'Airport Way S & S Lander St')
    ,(21710,'Airport Way S & S Bayview St')
    ,(21720,'Airport Way S & S College St')
    ,(21730,'Airport Way S & S Hill St')
    ,(21765,'6th Ave S & S Royal Brougham Way')
    ,(2180,'Queen Anne Ave N & W Harrison St')
    ,(21833,'6th Ave S & S Royal Brougham Way')
    ,(21850,'Airport Way S & S Royal Brougham Way')
    ,(21860,'Airport Way S & S Holgate St')
    ,(21870,'Airport Way S & S Walker St')
    ,(21880,'Airport Way S & S Stacy St')
    ,(21890,'Airport Way S & S Lander St')
    ,(21910,'Airport Way S & S Stevens St')
    ,(21920,'Airport Way S & Diagonal Ave S')
    ,(21940,'Airport Way S & S Spokane St')
    ,(21945,'Kent Des Moines Park And Ride')
    ,(21990,'Delridge Way SW & SW Andover St')
    ,(2200,'Queen Anne Ave N & W John St')
    ,(22009,'Delridge Way SW & SW Genesee St')
    ,(2201,'S Lewis St & Sumac Dr')
    ,(22010,'Delridge Way SW & SW Genesee St')
    ,(2202,'N Kelsey St & Galaxy Way')
    ,(2203,'Us Hwy 2 & Sr 522 Ramp')
    ,(2204,'Freylands Blvd & Tye St SE')
    ,(2205,'Village Way & Sky River Pkwy')
    ,(22050,'Delridge Way SW & SW Hudson St')
    ,(2206,'S Lewis St & Powell St')
    ,(22074,'Delridge Way SW & SW Findlay St')
    ,(22075,'Delridge Way SW & SW Findlay St')
    ,(22099,'Delridge Way SW & SW Graham St')
    ,(22120,'Delridge Way SW & SW Holly St')
    ,(22152,'Delridge Way SW & SW Myrtle St')
    ,(22158,'Delridge Way SW & SW Holden St')
    ,(22160,'SW Orchard St & Delridge Way SW')
    ,(22165,'Delridge Way SW & SW Thistle St')
    ,(22170,'Dumar Way SW & SW Orchard St')
    ,(22174,'Delridge Way SW & SW Henderson St')
    ,(22180,'SW Austin St & Dumar Way SW')
    ,(22184,'Delridge Way SW & SW Henderson St')
    ,(22190,'16th Ave SW & SW Holden St')
    ,(22196,'Delridge Way SW & SW Thistle St')
    ,(2220,'3rd Ave & Cedar St')
    ,(22200,'16th Ave SW & SW Kenyon St')
    ,(22210,'16th Ave SW & SW Elmgrove St')
    ,(22220,'16th Ave SW & SW Thistle St')
    ,(22230,'16th Ave SW & SW Cloverdale St')
    ,(22244,'16th Ave SW & SW Henderson St')
    ,(22252,'Delridge Way SW & SW Henderson St')
    ,(22253,'Delridge Way SW & SW Barton St')
    ,(22255,'SW Roxbury St & 16th Ave SW - Bay 6')
    ,(22256,'SW Roxbury St & 20th Ave SW')
    ,(22259,'SW Roxbury St & 26th Ave SW')
    ,(22260,'SW Roxbury St & 28th Ave SW')
    ,(22261,'SW Roxbury St & 30th Ave SW')
    ,(22264,'35th Ave SW & SW Roxbury St')
    ,(22280,'SW 100th St & 35th Ave SW')
    ,(22290,'SW 100th St & 37th Ave SW')
    ,(22300,'SW 100th St & 39th Ave SW')
    ,(22320,'SW 100th St & 41st Ave SW')
    ,(22330,'SW 100th St & 42nd Ave SW')
    ,(22340,'44th Ave SW & SW 100th St')
    ,(22360,'44th Ave SW & Marine View Dr SW')
    ,(22370,'Marine View Dr SW & SW 104th St')
    ,(22380,'SW 106th St & California Ave SW')
    ,(22390,'SW 106th St & 41st Ave SW')
    ,(22400,'SW 106th St & 39th Ave SW')
    ,(22410,'39th Ave SW & Marine View Dr SW')
    ,(22420,'Marine View Dr SW & SW 110th St')
    ,(22430,'Marine View Dr SW & SW 112th St')
    ,(2244,'Denny Way & 2nd Ave N')
    ,(22440,'Marine View Dr SW & SW Ocean View Dr')
    ,(2245,'Denny Way & 5th Ave N')
    ,(22450,'Marine View Dr SW & SW Ocean View Dr')
    ,(22460,'35th Ave SW & 37th Ave SW')
    ,(2247,'Denny Way & 6th Ave')
    ,(22470,'35th Ave SW & SW 114th St')
    ,(22480,'35th Ave SW & SW 112th St')
    ,(22490,'35th Ave SW & SW 110th St')
    ,(2250,'Denny Way & Dexter Ave')
    ,(22500,'35th Ave SW & SW 108th St')
    ,(22510,'35th Ave SW & SW 106th St')
    ,(22520,'35th Ave SW & SW 104th St')
    ,(22530,'35th Ave SW & SW 102nd St')
    ,(22540,'35th Ave SW & SW 100th St')
    ,(2255,'Denny Way & Westlake Ave')
    ,(22550,'35th Ave SW & SW 98th St')
    ,(22553,'SW Barton St & 35th Ave SW')
    ,(22557,'SW Barton St & 26th Ave SW - Bay 1')
    ,(22560,'35th Ave SW & SW Roxbury St')
    ,(22570,'35th Ave SW & SW Cambridge St')
    ,(22580,'35th Ave SW & SW Barton St')
    ,(22590,'35th Ave SW & SW Henderson St')
    ,(2260,'Denny Way & Fairview Ave')
    ,(22600,'35th Ave SW & SW Trenton St')
    ,(2262,'Denny Way & Stewart St')
    ,(22620,'35th Ave SW & SW Thistle St')
    ,(22630,'35th Ave SW & SW Elmgrove St')
    ,(2264,'E Denny Way & Melrose Ave')
    ,(22640,'35th Ave SW & SW Kenyon St')
    ,(22650,'35th Ave SW & SW Holden St')
    ,(22660,'35th Ave SW & SW Webster St')
    ,(22680,'35th Ave SW & SW Myrtle St')
    ,(22700,'35th Ave SW & SW Holly St')
    ,(22710,'35th Ave SW & SW Morgan St')
    ,(22730,'35th Ave SW & SW Raymond St')
    ,(2275,'E Denny Way & Bellevue Ave E')
    ,(22750,'35th Ave SW & SW Findlay St')
    ,(22770,'35th Ave SW & SW Dawson St')
    ,(22780,'35th Ave SW & SW Hudson St')
    ,(22790,'35th Ave SW & SW Edmunds St')
    ,(22820,'35th Ave SW & SW Avalon Way')
    ,(22830,'35th Ave SW & SW Avalon Way')
    ,(2285,'Denny Way & Fairview Ave N')
    ,(22850,'SW Alaska St & 35th Ave SW')
    ,(22860,'35th Ave SW & SW Edmunds St')
    ,(22870,'35th Ave SW & SW Hudson St')
    ,(22880,'35th Ave SW & SW Dawson St')
    ,(22900,'35th Ave SW & SW Findlay St')
    ,(2291,'Denny Way & Westlake Ave')
    ,(22912,'35th Ave SW & SW Raymond St')
    ,(22940,'35th Ave SW & SW Morgan St')
    ,(2295,'Denny Way & Dexter Ave N')
    ,(22950,'35th Ave SW & SW Holly St')
    ,(2297,'Denny Way & 6th Ave N')
    ,(22970,'35th Ave SW & SW Myrtle St')
    ,(22990,'35th Ave SW & SW Webster St')
    ,(2300,'Denny Way & 5th Ave N')
    ,(23000,'35th Ave SW & SW Ida St')
    ,(23010,'35th Ave SW & SW Kenyon St')
    ,(23020,'35th Ave SW & SW Elmgrove St')
    ,(23030,'35th Ave SW & SW Thistle St')
    ,(23050,'35th Ave SW & SW Trenton St')
    ,(23060,'35th Ave SW & SW Henderson St')
    ,(23070,'35th Ave SW & SW Barton St')
    ,(23080,'35th Ave SW & SW Cambridge St')
    ,(23170,'5th Ave NE & NE 123rd St')
    ,(23180,'5th Ave NE & NE 120th St')
    ,(2320,'1st Ave & Broad St')
    ,(23200,'5th Ave NE & NE 115th St')
    ,(23220,'5th Ave NE & NE 112th St')
    ,(23230,'5th Ave NE & NE Northgate Way')
    ,(23250,'5th Ave NE & NE 106th St')
    ,(23260,'5th Ave NE & NE 103rd St')
    ,(23273,'NE 100th St & 4th Ave NE')
    ,(23276,'NE 100th St & 4th Ave NE')
    ,(2330,'1st Ave N & Denny Way')
    ,(23370,'Roosevelt Way NE & NE 80th St')
    ,(23390,'Roosevelt Way NE & NE 75th St')
    ,(23420,'Roosevelt Way NE & NE 69th St')
    ,(23421,'Roosevelt Station - Bay 4')
    ,(23500,'11th Ave NE & NE 50th St')
    ,(23510,'11th Ave NE & NE 52nd St')
    ,(23520,'11th Ave NE & NE 55th St')
    ,(23530,'11th Ave NE & NE Ravenna Blvd')
    ,(23540,'12th Ave NE & NE 61st St')
    ,(23561,'Roosevelt Station - Bay 3')
    ,(23580,'12th Ave NE & NE 70th St')
    ,(2360,'1st Ave N & Republican St')
    ,(23600,'NE 75th St & 12th Ave NE')
    ,(2361,'Republican St & 1st Ave N')
    ,(23610,'Roosevelt Way NE & NE 75th St')
    ,(2370,'Mercer St & Queen Anne Ave N')
    ,(23750,'5th Ave NE & NE 103rd St')
    ,(23770,'5th Ave NE & NE 106th St')
    ,(23785,'5th Ave NE & NE 112th St')
    ,(23800,'5th Ave NE & NE 115th St')
    ,(23820,'5th Ave NE & NE 120th St')
    ,(23831,'5th Ave NE & NE 123rd St')
    ,(23872,'NE 125th St & Roosevelt Way NE')
    ,(23890,'25th Ave NE & NE 80th St')
    ,(23895,'25th Ave NE & NE 75th St')
    ,(2390,'2nd Ave W & W Roy St')
    ,(23905,'25th Ave NE & NE 65th St')
    ,(23910,'25th Ave NE & NE 60th St')
    ,(23915,'25th Ave NE & NE 55th St')
    ,(23920,'25th Ave NE & NE Blakeley St')
    ,(23925,'25th Ave NE & NE 47th St')
    ,(2400,'W Olympic Pl & 3rd Ave W')
    ,(2410,'W Olympic Pl & 5th Ave W')
    ,(2420,'Olympic Way W & 7th Ave W')
    ,(24250,'34th Ave W & W Mcgraw St')
    ,(24260,'34th Ave W & W Mcgraw St')
    ,(24270,'34th Ave W & W Raye St')
    ,(24280,'34th Ave W & W Armour St')
    ,(24290,'34th Ave W & W Barrett St')
    ,(2430,'Olympic Way W & W Prospect St')
    ,(24300,'34th Ave W & W Dravus St')
    ,(24310,'34th Ave W & W Bertona St')
    ,(24320,'34th Ave W & W Ruffner St')
    ,(24321,'34th Ave W & W Ruffner St')
    ,(24330,'34th Ave W & W Emerson St')
    ,(24340,'34th Ave W & W Thurman St')
    ,(24350,'34th Ave W & W Elmore St')
    ,(24360,'W Government Way & 34th Ave W')
    ,(24370,'W Government Way & 32nd Ave W')
    ,(24380,'30th Ave W & W Mansell St')
    ,(24390,'30th Ave W & W Thurman St')
    ,(2440,'Olympic Way W & W Lee St')
    ,(24400,'30th Ave W & W Emerson St')
    ,(24410,'W Tilden St & 30th Ave W')
    ,(24420,'W Tilden St & 28th Ave W')
    ,(24430,'28th Ave W & W Ruffner St')
    ,(24440,'28th Ave W & W Bertona St')
    ,(24450,'28th Ave W & W Dravus St')
    ,(24460,'28th Ave W & W Barrett St')
    ,(24470,'28th Ave W & W Fulton St')
    ,(24480,'28th Ave W & W Raye St')
    ,(24490,'28th Ave W & W Smith St')
    ,(2450,'10th Ave W & W Galer St')
    ,(24500,'28th Ave W & W Lynn St')
    ,(24510,'28th Ave W & W Crockett St')
    ,(24540,'28th Ave W & W Crockett St')
    ,(24544,'28th Ave W & W Lynn St')
    ,(24560,'28th Ave W & W Halladay St')
    ,(24570,'28th Ave W & W Raye St')
    ,(24580,'28th Ave W & W Fulton St')
    ,(24590,'28th Ave W & W Barrett St');

INSERT INTO stations(stations_id,stations_street) 
VALUES
    (2460,'10th Ave W & W Blaine St')
    ,(24600,'28th Ave W & W Dravus St')
    ,(24610,'28th Ave W & W Bertona St')
    ,(24620,'28th Ave W & W Ruffner St')
    ,(24630,'W Tilden St & 29th Ave W')
    ,(24640,'30th Ave W & W Emerson St')
    ,(24650,'30th Ave W & W Thurman St')
    ,(24660,'31st Ave W & W Mansell St')
    ,(24670,'31st Ave W & W Jameson St')
    ,(24680,'W Government Way & 33rd Ave W')
    ,(24690,'34th Ave W & W Government Way')
    ,(2470,'10th Ave W & W Howe St')
    ,(24700,'34th Ave W & W Elmore St')
    ,(24710,'34th Ave W & W Thurman St')
    ,(24720,'34th Ave W & W Emerson St')
    ,(24740,'34th Ave W & W Bertona St')
    ,(24750,'34th Ave W & W Dravus St')
    ,(24760,'34th Ave W & W Barrett St')
    ,(24770,'34th Ave W & W Armour St')
    ,(24780,'34th Ave W & W Raye St')
    ,(2480,'10th Ave W & W Crockett St')
    ,(2490,'10th Ave W & W Mcgraw St')
    ,(24910,'35th Ave NE & NE 123rd St')
    ,(24920,'35th Ave NE & NE 120th St')
    ,(24940,'35th Ave NE & NE 115th St')
    ,(24950,'35th Ave NE & NE 110th St')
    ,(24960,'35th Ave NE & NE 105th St')
    ,(24980,'35th Ave NE & NE 100th St')
    ,(24990,'35th Ave NE & NE 97th St')
    ,(250,'2nd Ave & Bell St')
    ,(2500,'10th Ave W & W Halladay St')
    ,(25000,'35th Ave NE & NE 94th St')
    ,(25010,'35th Ave NE & NE 92nd St')
    ,(25020,'35th Ave NE & NE 90th St')
    ,(25040,'35th Ave NE & NE 85th St')
    ,(25050,'35th Ave NE & NE 81st St')
    ,(25070,'35th Ave NE & NE 75th St')
    ,(25090,'35th Ave NE & NE 70th St')
    ,(2510,'10th Ave W & W Newell St')
    ,(25100,'35th Ave NE & NE 68th St')
    ,(25110,'35th Ave NE & NE 65th St')
    ,(25130,'35th Ave NE & NE 60th St')
    ,(25140,'35th Ave NE & NE 55th St')
    ,(2520,'9th Ave W & W Armour St')
    ,(25200,'NE 45th St & Union Bay Pl NE')
    ,(25201,'NE 45th St & University Village')
    ,(25202,'NE 45th St & University Village')
    ,(25210,'Montlake Blvd NE & NE 45th St')
    ,(25240,'Montlake Blvd NE & NE Pacific Pl - Bay 3')
    ,(2550,'7th Ave W & W Pleasant Pl')
    ,(2570,'W Mcgraw St & 6th Ave W')
    ,(25752,'Montlake Blvd E & E Shelby St')
    ,(25755,'Montlake Blvd NE & NE Pacific Pl - Bay 4')
    ,(25765,'Montlake Blvd NE & NE Pacific Pl - Bay 5')
    ,(25790,'Montlake Blvd NE & NE 45th St')
    ,(25791,'25th Ave NE & NE 47th St')
    ,(25792,'25th Ave NE & NE Blakeley St')
    ,(25793,'25th Ave NE & NE 55th St')
    ,(25794,'25th Ave NE & NE 60th St')
    ,(25795,'25th Ave NE & NE 65th St')
    ,(25797,'25th Ave NE & NE 75th St')
    ,(25798,'25th Ave NE & NE 80th St')
    ,(2580,'6th Ave W & W Crockett St')
    ,(25840,'35th Ave NE & NE 55th St')
    ,(25860,'35th Ave NE & NE 60th St')
    ,(25880,'35th Ave NE & NE 65th St')
    ,(25890,'35th Ave NE & NE 68th St')
    ,(2590,'6th Ave W & W Howe St')
    ,(25900,'35th Ave NE & NE 70th St')
    ,(25920,'35th Ave NE & NE 75th St')
    ,(25940,'35th Ave NE & NE 80th St')
    ,(25960,'35th Ave NE & NE 85th St')
    ,(25980,'35th Ave NE & NE 89th St')
    ,(260,'2nd Ave & Lenora St')
    ,(2600,'6th Ave W & W Blaine St')
    ,(26000,'35th Ave NE & NE 93rd St')
    ,(26010,'35th Ave NE & NE 95th St')
    ,(26020,'35th Ave NE & NE 97th St')
    ,(26030,'35th Ave NE & NE 100th St')
    ,(26050,'35th Ave NE & NE 105th St')
    ,(26060,'35th Ave NE & NE 110th St')
    ,(26080,'35th Ave NE & NE 115th St')
    ,(2610,'6th Ave W & W Galer St')
    ,(26100,'35th Ave NE & NE 120th St')
    ,(26110,'35th Ave NE & NE 123rd St')
    ,(2620,'W Galer St & 5th Ave W')
    ,(2630,'W Galer St & 2nd Ave W')
    ,(26369,'NE 40th St & 1st Ave NE')
    ,(26370,'N 40th St & Eastern Ave N')
    ,(26381,'N 40th St & Bagley Ave N')
    ,(2640,'Queen Anne Ave N & W Galer St')
    ,(26400,'N 40th St & Wallingford Ave N')
    ,(26410,'Wallingford Ave N & N 39th St')
    ,(26430,'Wallingford Ave N & N 37th St')
    ,(26450,'N 35th St & Wallingford Ave N')
    ,(26460,'N 35th St & Woodlawn Ave N')
    ,(26480,'N 35th St & Stone Way N')
    ,(26490,'N 35th St & Troll Ave N')
    ,(26510,'Fremont Ave N & N 34th St')
    ,(26520,'Westlake Ave N & Dexter Ave N')
    ,(26560,'Westlake Ave N & Crockett St')
    ,(26580,'Westlake Ave N & 8th Ave N')
    ,(26590,'Westlake Ave N & Galer St')
    ,(2660,'Queen Anne Ave N & W Highland Dr')
    ,(26600,'Westlake Ave N & Highland Dr')
    ,(26641,'Westlake & Mercer')
    ,(26645,'Westlake & Thomas')
    ,(26665,'Westlake & 9th-Denny')
    ,(26680,'Westlake Hub')
    ,(26689,'Westlake And 7th')
    ,(26690,'Westlake & 9th-Denny')
    ,(26693,'Terry & Thomas')
    ,(26698,'Terry & Mercer')
    ,(2670,'Queen Anne Ave N & W Prospect St')
    ,(26700,'Fairview & Campus Drive')
    ,(26701,'Lake Union Park')
    ,(26702,'Lake Union Park')
    ,(26705,'Fairview & Campus Drive')
    ,(26715,'Westlake Ave N & Harrison St')
    ,(2672,'Queen Anne Ave N & W Mercer St')
    ,(26730,'Westlake Ave N & Mercer St')
    ,(26760,'Westlake Ave N & Highland Dr')
    ,(26770,'Westlake Ave N & Galer St')
    ,(26780,'Westlake Ave N & 8th Ave N')
    ,(2680,'Queen Anne Ave N & W Aloha St')
    ,(26800,'Westlake Ave N & Crockett St')
    ,(26840,'Westlake Ave N & Westlake Ave N')
    ,(26850,'Westlake Ave N & Westlake Aly')
    ,(26860,'Fremont Ave N & N 34th St')
    ,(26870,'N 35th St & Troll Ave N')
    ,(26885,'N 35th St & Woodland Park Ave N')
    ,(2690,'1st Ave N & Mercer St')
    ,(26901,'N 35th St & Carr Pl N')
    ,(26920,'Wallingford Ave N & N 35th St')
    ,(26940,'Wallingford Ave N & N 37th St')
    ,(26965,'N 40th St & Wallingford Ave N')
    ,(26980,'N 40th St & Bagley Ave N')
    ,(26999,'N 40th St & Eastern Ave N')
    ,(2710,'Queen Anne Ave N & Aloha St')
    ,(27175,'36th Ave S & S Day St')
    ,(27180,'Lakeside Ave S & S Day St')
    ,(27190,'Lakeside Ave S & S Judkins St')
    ,(2720,'Queen Anne Ave N & Ward St')
    ,(27200,'Lakeside Ave S & S Charles St')
    ,(27210,'Lakeside Ave S & S Lane St')
    ,(27230,'Lakeside Ave S & S Leschi Pl')
    ,(27240,'Lakeside Ave S & Lake Washington Blvd')
    ,(27260,'E Alder St & Erie Ave')
    ,(27270,'E Alder St & 35th Ave')
    ,(27290,'Lake Dell Ave & E Spruce St')
    ,(2730,'Queen Anne Ave N & Highland Dr')
    ,(27300,'Lake Dell Ave & 32nd Ave')
    ,(27310,'E Yesler Way & 32nd Ave')
    ,(27320,'E Yesler Way & 29th Ave')
    ,(27335,'E Yesler Way & 27th Ave')
    ,(27350,'E Yesler Way & 23rd Ave')
    ,(27360,'E Yesler Way & 21st Ave')
    ,(27370,'E Yesler Way & 19th Ave')
    ,(27380,'E Yesler Way & 17th Ave')
    ,(27395,'E Yesler Way & 14th Ave')
    ,(2740,'Queen Anne Ave N & W Lee St')
    ,(27420,'Yesler & Broadway')
    ,(27430,'Yesler Way & 8th Ave')
    ,(27480,'Yesler Way & 8th Ave S')
    ,(27500,'Yesler & Broadway')
    ,(27510,'E Yesler Way & 12th Ave S')
    ,(27520,'E Yesler Way & 14th Ave S')
    ,(27530,'E Yesler Way & 16th Ave S')
    ,(27550,'E Yesler Way & 20th Ave S')
    ,(27560,'E Yesler Way & 22nd Ave S')
    ,(27570,'E Yesler Way & 23rd Ave S')
    ,(27590,'E Yesler Way & 27th Ave S')
    ,(2760,'W Galer St & 1st Ave W')
    ,(27600,'E Yesler Way & 28th Ave S')
    ,(27610,'E Yesler Way & 30th Ave S')
    ,(27620,'E Yesler Way & 32nd Ave S')
    ,(27630,'Lake Dell Ave & 32nd Ave')
    ,(27640,'Lake Dell Ave & E Spruce St')
    ,(27660,'E Alder St & 35th Ave')
    ,(27670,'E Alder St & Erie Ave')
    ,(27690,'Lakeside Ave S & E Yesler Way')
    ,(2770,'W Galer St & 3rd Ave W')
    ,(27700,'Lakeside Ave S & S Leschi Pl')
    ,(27720,'Lakeside Ave S & S Lane St')
    ,(27730,'Lakeside Ave S & S Charles St')
    ,(27745,'Lakeside Ave S & S Day St')
    ,(2780,'W Galer St & 5th Ave W')
    ,(2790,'6th Ave W & W Garfield St')
    ,(280,'2nd Ave & Stewart St')
    ,(2800,'6th Ave W & W Howe St')
    ,(28030,'8th Ave NW & NW 97th St')
    ,(28040,'8th Ave NW & NW 95th St')
    ,(28060,'8th Ave NW & NW 90th St')
    ,(28080,'8th Ave NW & NW 85th St')
    ,(2810,'6th Ave W & W Crockett St')
    ,(28100,'8th Ave NW & NW 80th St')
    ,(28120,'8th Ave NW & NW 75th St')
    ,(28130,'8th Ave NW & NW 73rd St')
    ,(28140,'8th Ave NW & NW 70th St')
    ,(28160,'8th Ave NW & NW 65th St')
    ,(28180,'8th Ave NW & NW 61st St')
    ,(2820,'6th Ave W & W Mcgraw St')
    ,(28210,'8th Ave NW & NW Market St')
    ,(28230,'8th Ave NW & NW 51st St')
    ,(28250,'8th Ave NW & NW 46th St')
    ,(28255,'NW Leary Way & 11th Ave NW')
    ,(28260,'Leary Way NW & NW 43rd St')
    ,(28265,'Leary Way NW & 8th Ave NW')
    ,(28280,'Leary Way NW & 3rd Ave NW')
    ,(28285,'N 39th St & Greenwood Ave N')
    ,(28287,'N 39th St & Dayton Ave N')
    ,(2830,'6th Ave W & W Smith St')
    ,(28300,'N 36th St & 1st Ave NW')
    ,(28310,'N 36th St & Phinney Ave N')
    ,(28350,'N 36th St & Dayton Ave N')
    ,(28370,'NW 36th St & 1st Ave NW')
    ,(28374,'N 39th St & Evanston Ave N')
    ,(28376,'N 39th St & Phinney Ave N')
    ,(28390,'Leary Way NW & 3rd Ave NW')
    ,(2840,'6th Ave W & W Raye St')
    ,(28410,'Leary Way NW & NW 43rd St')
    ,(28415,'Leary Way NW & 8th Ave NW')
    ,(28416,'NW Leary Way & 11th Ave NW')
    ,(28425,'8th Ave NW & NW 45th St')
    ,(28450,'8th Ave NW & NW 50th St')
    ,(28470,'8th Ave NW & NW Market St')
    ,(28490,'8th Ave NW & NW 60th St')
    ,(2850,'Madrona Park & Lake Washington Blvd')
    ,(28510,'8th Ave NW & NW 65th St')
    ,(28530,'8th Ave NW & NW 70th St')
    ,(28540,'8th Ave NW & NW 73rd St')
    ,(28550,'8th Ave NW & NW 75th St')
    ,(28575,'8th Ave NW & NW 80th St')
    ,(2860,'Madrona Dr & Newport Way')
    ,(28600,'8th Ave NW & NW 84th St')
    ,(28630,'8th Ave NW & NW 90th St')
    ,(28650,'8th Ave NW & NW 95th St')
    ,(28670,'8th Ave NW & NW 100th Pl')
    ,(28680,'NW 100th Pl & 7th Ave NW')
    ,(2870,'Madrona Dr & E Pine St')
    ,(2880,'Madrona Dr & E Olive St')
    ,(2890,'Madrona Dr & Madrona Pl E')
    ,(2900,'E Denny Way & E Florence Ct')
    ,(29091,'NE 45th St & 45th Ave NE')
    ,(2910,'34th Ave & E Howell St')
    ,(29100,'NE 45th St & 42nd Ave NE')
    ,(2911,'34th Ave & E Olive St')
    ,(29110,'NE 45th St & 40th Ave NE')
    ,(29130,'NE 45th St & 36th Ave NE')
    ,(2920,'34th Ave & E Pine St')
    ,(29213,'NW Market St & 20th Ave NW')
    ,(29215,'NW Market St & 15th Ave NW')
    ,(29217,'NW Market St & 11th Ave NW')
    ,(29219,'NW Market St & 8th Ave NW')
    ,(29220,'NW Market St & 6th Ave NW')
    ,(29222,'NW Market St & NW 50th St')
    ,(29223,'NW Market St & NW 48th St')
    ,(29225,'N 46th St & Phinney Ave N')
    ,(29231,'N 45th St & Stone Way N')
    ,(29232,'N 45th St & Woodlawn Ave N')
    ,(29234,'N 45th St & Corliss Ave N')
    ,(29236,'NE 45th St & Thackeray Pl NE')
    ,(29240,'NE Pacific St & 15th Ave NE')
    ,(29242,'NE Pacific Pl & NE Pacific St')
    ,(29243,'NE Pacific Pl & NE Pacific St')
    ,(29244,'24th Ave E & E Mcgraw St')
    ,(29245,'East Montlake Pl E & E Roanoke St')
    ,(29247,'NE Pacific St & Montlake Blvd NE - Bay 1')
    ,(29248,'24th Ave E & E Newton St')
    ,(29249,'24th Ave E & Boyer Ave E')
    ,(29251,'24th Ave E & E Galer St')
    ,(29253,'24th Ave E & E Prospect St')
    ,(29254,'23rd Ave E & E Aloha St')
    ,(29256,'23rd Ave E & E Republican St')
    ,(29257,'23rd Ave E & E Thomas St')
    ,(29258,'E John St & 22nd Ave E')
    ,(29259,'E Thomas St & 19th Ave E')
    ,(29260,'E Thomas St & 16th Ave E')
    ,(29261,'E John St & 15th Ave E')
    ,(29262,'E John St & 10th Ave E - Bay 2')
    ,(29266,'E Olive Way & Summit Ave E')
    ,(29268,'E Olive Way & Summit Ave E')
    ,(29270,'E John St & Broadway  E - Bay 1')
    ,(29273,'E John St & 15th Ave E')
    ,(29274,'E Thomas St & 16th Ave E')
    ,(29275,'E Thomas St & 19th Ave E')
    ,(29276,'E John St & 22nd Ave E')
    ,(29277,'E John St & 12th Ave E')
    ,(29278,'23rd Ave E & E Republican St')
    ,(29280,'23rd Ave E & E Aloha St')
    ,(2930,'34th Ave & E Union St')
    ,(29300,'24th Ave E & E Prospect St')
    ,(29301,'E John St & 12th Ave E')
    ,(29320,'24th Ave E & E Galer St')
    ,(29340,'24th Ave E & Boyer Ave E')
    ,(29350,'24th Ave E & E Newton St')
    ,(29361,'24th Ave E & E Mcgraw St')
    ,(29380,'East Montlake Pl E & E Roanoke St')
    ,(2940,'E Union St & 33rd Ave')
    ,(29405,'NE Pacific St & Montlake Blvd NE - Bay 2')
    ,(29420,'NE Pacific St & 15th Ave NE')
    ,(29423,'Brooklyn Ave NE & NE Pacific St')
    ,(29431,'15th Ave NE & NE Pacific St')
    ,(29440,'15th Ave NE & NE Campus Pkwy')
    ,(29455,'NE 45th St & 9th Ave NE')
    ,(29480,'NE 45th St & Latona Ave NE')
    ,(2950,'E Union St & 31st Ave')
    ,(29500,'N 45th St & Sunnyside Ave N')
    ,(29530,'N 45th St & Woodlawn Ave N')
    ,(29540,'N 45th St & Stone Way N')
    ,(29557,'N 46th St & Green Lake Way N')
    ,(29581,'Aurora Ramp & Fremont Ave N')
    ,(29582,'N 46th St & Linden Ave N')
    ,(2960,'E Union St & 29th Ave')
    ,(29600,'N 46th St & Phinney Ave N')
    ,(29620,'NW Market St & NW 48th St')
    ,(29630,'NW Market St & NW 50th St')
    ,(29640,'NW Market St & 3rd Ave NW')
    ,(29650,'NW Market St & 5th Ave NW')
    ,(29660,'NW Market St & 8th Ave NW')
    ,(29680,'NW Market St & 11th Ave NW')
    ,(2970,'E Union St & 27th Ave')
    ,(29700,'NW Market St & 15th Ave NW')
    ,(29720,'NW Market St & 20th Ave NW')
    ,(2980,'E Union St & 25th Ave')
    ,(29865,'NE 45th St & Roosevelt Way NE')
    ,(29889,'NE 45th St & Memorial Way NE')
    ,(29891,'NE 45th St & 19th Ave NE')
    ,(29920,'NE 45th St & Mary Gates Memorial Dr NE')
    ,(29930,'NE 45th St & 36th Ave NE')
    ,(2995,'E Union St & 23rd Ave')
    ,(29950,'NE 45th St & 40th Ave NE')
    ,(29952,'NE 45th St & 42nd Ave NE')
    ,(300,'2nd Ave & Pike St')
    ,(3000,'E Union St & 20th Ave')
    ,(3010,'E Union St & 18th Ave')
    ,(30122,'Seward Park Ave S & S Fisher Pl')
    ,(30140,'S Henderson St & Rainier Ave S')
    ,(30160,'S Henderson St & Renton Ave S')
    ,(30170,'S Henderson St & Martin L King Jr Way S')
    ,(30171,'Carkeek Dr S & 41st Ave S')
    ,(30180,'Carkeek Dr S & 40th Ave S')
    ,(30190,'39th Ave S & S Cambridge St')
    ,(30211,'39th Ave S & S Barton St')
    ,(30220,'Beacon Ave S & 38th Ave S')
    ,(30240,'Beacon Ave S & S Cloverdale St')
    ,(30250,'Beacon Ave S & S Thistle St')
    ,(30270,'Beacon Ave S & S Monroe St')
    ,(30290,'Beacon Ave S & S Holden St')
    ,(3030,'E Union St & 14th Ave')
    ,(30300,'Beacon Ave S & S Webster St')
    ,(30310,'Beacon Ave S & 32nd Ave S')
    ,(3032,'E Union St & Broadway')
    ,(30320,'Beacon Ave S & S Othello St')
    ,(3033,'Seneca St & Harvard Ave')
    ,(30330,'Beacon Ave S & S Myrtle St')
    ,(3034,'Seneca St & Summit Ave')
    ,(30340,'Beacon Ave S & S Myrtle St')
    ,(3035,'Seneca St & Boren Ave')
    ,(3036,'Seneca St & Terry Ave')
    ,(30360,'Beacon Ave S & S Holly St')
    ,(3037,'Seneca St & 8th Ave')
    ,(30380,'Beacon Ave S & S Graham St')
    ,(30390,'Beacon Ave S & S Spencer St')
    ,(30410,'Beacon Ave S & S Orcas St')
    ,(30430,'Beacon Ave S & S Brandon St')
    ,(30440,'Beacon Ave S & S Dawson St')
    ,(30453,'Veterans Administration Hospital')
    ,(30460,'S Columbian Way & Beacon Ave S')
    ,(30480,'S Columbian Way & Veterans Administration Hospital Rd')
    ,(30489,'S Columbian Way & S Oregon St')
    ,(30490,'S Columbian Way & S Oregon St')
    ,(30510,'15th Ave S & S Dakota St')
    ,(30520,'S Columbian Way & 15th Ave S')
    ,(30530,'S Columbian Way & S Spokane St')
    ,(30538,'4th Ave S & S Spokane St')
    ,(30550,'4th Ave S & S Hanford St')
    ,(30560,'4th Ave S & S Forest St')
    ,(30570,'4th Ave S & S Lander St')
    ,(30590,'4th Ave S & S Walker St')
    ,(30600,'4th Ave S & S Holgate St')
    ,(30635,'4th Ave S & S Royal Brougham Way')
    ,(30670,'4th Ave S & Edgar Martinez Dr S')
    ,(30690,'4th Ave S & S Holgate St')
    ,(30700,'4th Ave S & S Walker St')
    ,(30720,'4th Ave S & S Lander St')
    ,(30748,'4th Ave S & S Horton St')
    ,(30770,'S Columbian Way & S Spokane St')
    ,(30790,'15th Ave S & S Dakota St')
    ,(30800,'15th Ave S & S Nevada St')
    ,(30820,'S Columbian Way & S Snoqualmie St')
    ,(30855,'Beacon Ave S & S Dawson St')
    ,(30870,'Beacon Ave S & S Brandon St')
    ,(30890,'Beacon Ave S & S Orcas St')
    ,(30910,'Beacon Ave S & S Raymond St')
    ,(30930,'Beacon Ave S & S Graham St')
    ,(30950,'Beacon Ave S & S Holly St')
    ,(30960,'Beacon Ave S & 27th Ave S')
    ,(30970,'Beacon Ave S & S Myrtle St')
    ,(30981,'Beacon Ave S & S Othello St')
    ,(31010,'Beacon Ave S & S Holden St')
    ,(31030,'Beacon Ave S & S Monroe St')
    ,(31050,'Beacon Ave S & S Thistle St')
    ,(31060,'Beacon Ave S & S Cloverdale St')
    ,(31070,'Beacon Ave S & 37th Ave S')
    ,(31090,'39th Ave S & S Barton St')
    ,(31111,'39th Ave S & S Cambridge St')
    ,(31130,'Carkeek Dr S & 40th Ave S')
    ,(31131,'Carkeek Dr S & 41st Ave S')
    ,(31132,'S Henderson St & Martin L King Jr Way S')
    ,(31134,'S Henderson St & 48th Ave S')
    ,(31135,'S Henderson St & Rainier Ave S')
    ,(31136,'S Henderson St & 53rd Ave S')
    ,(31137,'S Henderson St & Rainier Ave S')
    ,(31140,'Discovery Park Road & Texas Way')
    ,(31150,'W Government Way & 36th Ave W')
    ,(31160,'W Government Way & 31st Ave W')
    ,(31180,'Gilman Ave W & 28th Pl W')
    ,(31190,'Gilman Ave W & W Jameson St')
    ,(31210,'Gilman Ave W & 25th Ave W')
    ,(31220,'Gilman Ave W & 24th Ave W')
    ,(31230,'22nd Ave W & Gilman Ave W')
    ,(31240,'22nd Ave W & W Ruffner St')
    ,(31250,'22nd Ave W & W Bertona St')
    ,(31260,'22nd Ave W & W Dravus St')
    ,(31270,'22nd Ave W & W Barrett St')
    ,(31280,'22nd Ave W & W Armour St')
    ,(31290,'22nd Ave W & Thorndyke Ave W')
    ,(31300,'Thorndyke Ave W & 23rd Ave W')
    ,(31310,'Thorndyke Ave W & Thorndyke Pl W')
    ,(31320,'Thorndyke Ave W & W Boston St')
    ,(31330,'Thorndyke Ave W & W Newton St')
    ,(31340,'W Blaine St & 27th Ave W')
    ,(31350,'Thorndyke Ave W & W Blaine St')
    ,(31360,'Thorndyke Ave W & W Newton St')
    ,(31370,'Thorndyke Ave W & W Boston St')
    ,(31380,'Thorndyke Ave W & W Lynn St')
    ,(31390,'Thorndyke Ave W & 23rd Ave W')
    ,(31400,'22nd Ave W & Thorndyke Ave W')
    ,(31410,'22nd Ave W & W Armour St')
    ,(31420,'22nd Ave W & W Barrett St')
    ,(31430,'22nd Ave W & W Dravus St')
    ,(31440,'22nd Ave W & W Bertona St')
    ,(31450,'22nd Ave W & W Ruffner St')
    ,(31460,'22nd Ave W & Gilman Ave W')
    ,(31481,'Gilman Ave W & W Elmore St')
    ,(3150,'Seneca St & 8th Ave')
    ,(31500,'Gilman Ave W & 27th Ave W')
    ,(3151,'Seneca St & 9th Ave')
    ,(31510,'Gilman Ave W & 28th Pl W')
    ,(3152,'Seneca St & Boren Ave')
    ,(3153,'Seneca St & Summit Ave')
    ,(31530,'W Government Way & 31st Ave W')
    ,(3154,'Seneca St & Boylston Ave')
    ,(31547,'Texas Way & W Government Way')
    ,(3155,'E Union St & Broadway')
    ,(31550,'W Government Way & 36th Ave W')
    ,(31552,'Texas Way & W Government Way')
    ,(3156,'E Madison St & 12th Ave')
    ,(31560,'SW Roxbury St & 8th Ave SW')
    ,(31580,'SW Roxbury St & 12th Ave SW')
    ,(31590,'SW Roxbury St & 15th Ave SW - Bay 4')
    ,(3160,'E Union St & 13th Ave')
    ,(31610,'Tukwila Intl Blvd & S 112th St')
    ,(31613,'East Marginal Way S & S Boeing Acs')
    ,(31620,'East Marginal Way S & S Norfolk St')
    ,(31630,'East Marginal Way S & S 96th Pl')
    ,(31631,'East Marginal Way S & S 94th Pl')
    ,(31641,'East Marginal Way S & S 87th Pl')
    ,(31650,'East Marginal Way S & S 81st Pl')
    ,(31660,'16th Ave S & East Marginal Way S')
    ,(31670,'14th Ave S & S Cloverdale St')
    ,(31680,'S Cloverdale St & 12th Ave S')
    ,(31700,'S Cloverdale St & 8th Ave S')
    ,(31720,'S Cloverdale St & 5th Ave S')
    ,(31731,'26th Ave SW & SW Barton St - Bay 2')
    ,(31736,'SW Barton Pl & 22nd Ave SW')
    ,(31765,'SW Barton St & 35th Ave SW')
    ,(31791,'California Ave SW & SW Barton St')
    ,(31811,'SW Alaska St & 44th Ave SW - Bay 2')
    ,(31818,'SW Oregon St & California Ave SW')
    ,(31830,'California Ave SW & SW Genesee St')
    ,(31850,'California Ave SW & SW Andover St')
    ,(31871,'California Ave SW & SW Spokane St')
    ,(31890,'California Ave SW & SW Hanford St')
    ,(3190,'E Union St & 18th Ave')
    ,(31900,'California Ave SW & SW Stevens St')
    ,(31910,'California Ave SW & SW Lander St')
    ,(31920,'California Ave SW & SW Admiral Way')
    ,(31930,'California Ave SW & SW Lander St')
    ,(31940,'California Ave SW & SW Stevens St')
    ,(31950,'California Ave SW & SW Hanford St')
    ,(31970,'California Ave SW & SW Spokane St')
    ,(31990,'California Ave SW & SW Andover St')
    ,(320,'2nd Ave & Seneca St')
    ,(3200,'E Union St & 20th Ave')
    ,(32010,'California Ave SW & SW Genesee St')
    ,(32011,'SW Alaska St & 44th Ave SW - Bay 4')
    ,(32013,'44th Ave SW & SW Alaska St - Bay 5')
    ,(32030,'California Ave SW & SW Barton St')
    ,(3210,'E Union St & 23rd Ave')
    ,(32100,'S Cloverdale St & 5th Ave S')
    ,(32120,'S Cloverdale St & 8th Ave S')
    ,(32140,'S Cloverdale St & 12th Ave S')
    ,(32150,'14th Ave S & S Cloverdale St')
    ,(32160,'16th Ave S & East Marginal Way S')
    ,(32165,'East Marginal Way S & 16th Ave S')
    ,(32180,'East Marginal Way S & S 81st Pl')
    ,(32182,'East Marginal Way S & S 87th Pl')
    ,(32192,'East Marginal Way S & S 94th Pl')
    ,(3220,'E Union St & 26th Ave')
    ,(32200,'East Marginal Way S & S 96th Pl')
    ,(32210,'East Marginal Way S & S Norfolk St')
    ,(32215,'Tukwila Intl Blvd & S Boeing Acs')
    ,(3230,'E Union St & Martin L King Jr Way')
    ,(32364,'SW Alaska St & Fauntleroy Way SW')
    ,(32371,'California Ave SW & SW College St')
    ,(3240,'E Union St & 30th Ave')
    ,(32420,'Alki Ave SW & 59th Ave SW')
    ,(32421,'Alki Ave SW & 57th Ave SW')
    ,(32423,'Alki Ave SW & 53rd Ave SW')
    ,(32425,'Alki Ave SW & Bonair Dr SW')
    ,(32426,'Alki Ave SW & 1700 Block')
    ,(32427,'Alki Ave SW & 1600 Block')
    ,(32428,'Alki Ave SW & 1400 Block')
    ,(32429,'Alki Ave SW & 1300 Block')
    ,(32430,'Alki Ave SW & 1200 Block')
    ,(32431,'Alki Ave SW & 1000 Block')
    ,(32432,'Alki Ave SW & Harbor Ave SW')
    ,(32433,'Harbor Ave SW & SW Maryland Pl')
    ,(32435,'Harbor Ave SW & California Way SW')
    ,(32436,'Harbor Ave SW & Fairmount Ave SW')
    ,(32438,'Harbor Ave SW & 2100 Block')
    ,(32439,'Harbor Ave SW & Fauntleroy Ave SW')
    ,(32440,'Harbor Ave SW & SW Florida St')
    ,(32441,'Harbor Ave SW & SW Harbor Ln')
    ,(32442,'Harbor Ave SW & SW Spokane St')
    ,(32443,'Harbor Ave SW & SW Harbor Ln')
    ,(3250,'E Union St & 32nd Ave')
    ,(32601,'Harbor Ave SW & 30th Ave SW')
    ,(32610,'Harbor Ave SW & SW Harbor Ln')
    ,(32620,'Harbor Ave SW & SW Florida St')
    ,(32630,'Harbor Ave SW & Fauntleroy Ave SW')
    ,(32640,'Harbor Ave SW & 2100 Block')
    ,(32660,'Harbor Ave SW & Fairmount Ave SW')
    ,(3271,'34th Ave & E Olive St')
    ,(3280,'34th Ave & E Howell St')
    ,(3293,'34th Ave & E Pike St')
    ,(3300,'Madrona Dr & 38th Ave')
    ,(3310,'Madrona Dr & E Olive St')
    ,(3320,'Madrona Dr & E Pine St')
    ,(33220,'SW Alaska St & Fauntleroy Way SW')
    ,(33221,'SW Alaska St & 36th Ave SW')
    ,(3330,'Madrona Dr & Newport Way')
    ,(3380,'Beacon Ave S & S Columbian Way')
    ,(340,'2nd Ave & Marion St')
    ,(3400,'Beacon Ave S & Veterans Administration Hospital')
    ,(3410,'Beacon Ave S & Jefferson Golf Course')
    ,(3420,'Beacon Ave S & Jefferson Community Center')
    ,(3430,'Beacon Ave S & S Spokane St')
    ,(3450,'Beacon Ave S & S Hanford St')
    ,(34544,'S Henderson St & Rainier Ave S')
    ,(3460,'Beacon Ave S & S Stevens St')
    ,(34640,'Seward Park Ave S & S Othello St')
    ,(34650,'Seward Park Ave S & S Myrtle St')
    ,(34680,'Seward Park Ave S & S Holly St')
    ,(34690,'Seward Park Ave S & Wilson Ave S')
    ,(3470,'Beacon Ave S & S Lander St')
    ,(34700,'Seward Park Ave S & 57th Ave S')
    ,(34730,'Seward Park Ave S & S Juneau St')
    ,(34740,'Seward Park Ave S & S Orcas St')
    ,(34750,'Seward Park Ave S & 56th Ave S')
    ,(34760,'S Dawson St & 54th Ave S')
    ,(34770,'S Dawson St & 51st Ave S')
    ,(34780,'50th Ave S & S Hudson St')
    ,(34800,'50th Ave S & S Alaska St')
    ,(34820,'S Genesee St & 50th Ave S')
    ,(3484,'Beacon Ave S & 15th Ave S')
    ,(34840,'S Genesee St & 47th Ave S')
    ,(34860,'S Genesee St & 43rd Ave S')
    ,(34880,'S Genesee St & 39th Ave S')
    ,(34910,'S Genesee St & 36th Ave S')
    ,(34930,'S Genesee St & Cascadia Ave S')
    ,(34940,'S Genesee St & 42nd Ave S')
    ,(34960,'S Genesee St & 46th Ave S')
    ,(34980,'50th Ave S & S Genesee St')
    ,(3500,'14th Ave S & S Hill St')
    ,(35000,'50th Ave S & S Alaska St')
    ,(35020,'Wilson Ave S & S Hudson St')
    ,(35030,'Wilson Ave S & S Dawson St')
    ,(35050,'Wilson Ave S & S Findlay St')
    ,(35060,'S Orcas St & 55th Ave S')
    ,(35070,'Seward Park Ave S & S Orcas St')
    ,(35080,'Seward Park Ave S & S Juneau St')
    ,(35100,'Seward Park Ave S & Oakhurst Rd S')
    ,(35110,'Seward Park Ave S & S Morgan St')
    ,(35120,'Seward Park Ave S & S Holly St')
    ,(35140,'Seward Park Ave S & S Myrtle St')
    ,(35149,'Seward Park Ave S & S Othello St')
    ,(3515,'14th Ave S & S Holgate St')
    ,(35230,'NE 125th St & Lake City Way NE')
    ,(35231,'NE 125th St & 28th Ave NE')
    ,(35233,'NE 125th St & 25th Ave NE')
    ,(35250,'NE 125th St & 20th Ave NE')
    ,(35270,'NE 125th St & 15th Ave NE')
    ,(35290,'NE 103rd St & 5th Ave NE')
    ,(3530,'S Massachusetts St & 14th Ave S')
    ,(35317,'Northgate Station - Bay 1')
    ,(35318,'Northgate Station - Bay 4')
    ,(35319,'Northgate Station - Bay 3')
    ,(35331,'NE Northgate Way & 23rd Ave NE')
    ,(35332,'NE Northgate Way & 15th Ave NE')
    ,(35333,'NE Northgate Way & 23rd Ave NE')
    ,(35334,'NE Northgate Way & 19th Ave NE')
    ,(35336,'NE Northgate Way & 19th Ave NE')
    ,(35338,'NE Northgate Way & 15th Ave NE')
    ,(35350,'NE 125th St & Roosevelt Way NE')
    ,(35380,'NE 125th St & 15th Ave NE')
    ,(35400,'NE 125th St & 20th Ave NE')
    ,(3541,'12th Ave S & S Massachusetts St')
    ,(35420,'NE 125th St & 25th Ave NE')
    ,(35440,'NE 125th St & 30th Ave NE')
    ,(3550,'12th Ave S & S Atlantic St')
    ,(35530,'Loyal Way NW & NW 85th St')
    ,(35540,'NW 85th St & 31st Ave NW')
    ,(35550,'NW 85th St & 29th Ave NW')
    ,(35551,'NW 85th St & 24th Ave NW')
    ,(35570,'NW 85th St & 22nd Ave NW')
    ,(35580,'NW 85th St & 20th Ave NW')
    ,(35600,'NW 85th St & 15th Ave NW')
    ,(35630,'NW 85th St & 11th Ave NW')
    ,(35660,'NW 85th St & 3rd Ave NW')
    ,(35670,'N 85th St & 1st Ave NW')
    ,(35691,'East Green Lake Dr N & Meridian Ave N')
    ,(3570,'12th Ave S & S Judkins St')
    ,(35721,'East Green Lake Dr N & 4th Ave NE')
    ,(35770,'15th Ave NE & NE Ravenna Blvd')
    ,(35790,'15th Ave NE & NE 52nd St')
    ,(3580,'S Charles St & Golf Dr S')
    ,(35800,'15th Ave NE & NE 50th St')
    ,(35820,'15th Ave NE & NE 45th St')
    ,(35821,'23rd Ave E & E John St')
    ,(35825,'23rd Ave E & E John St')
    ,(35850,'23rd Ave & E Pine St')
    ,(35860,'23rd Ave & E Union St')
    ,(3589,'12th Ave S & S Weller St')
    ,(35890,'23rd Ave S & S Dearborn St')
    ,(35910,'23rd Ave S & S Judkins St')
    ,(35940,'23rd Ave S & S Massachusetts St')
    ,(35960,'S Alaska St & 35th Ave S')
    ,(35979,'S Alaska St & Martin L King Jr Way S')
    ,(35990,'S Columbian Way & S Americus St')
    ,(360,'2nd Ave & Cherry St')
    ,(3600,'S Jackson St & 12th Ave S')
    ,(36090,'21st Ave SW & 22nd Ave SW')
    ,(361,'2nd Ave & James St')
    ,(36100,'21st Ave SW & SW Dawson St')
    ,(36110,'SW Dawson St & 18th Ave SW')
    ,(36120,'16th Ave SW & SW Brandon St')
    ,(36140,'16th Ave SW & SW Findlay St')
    ,(36145,'Ssc North Entrance')
    ,(36155,'Ssc North Entrance')
    ,(36170,'16th Ave SW & SW Holly St')
    ,(36180,'16th Ave SW & SW Myrtle St')
    ,(36190,'16th Ave SW & SW Webster St')
    ,(36300,'Delridge Way SW & SW Holden St')
    ,(36320,'Sylvan Way SW & Delridge Way SW')
    ,(36330,'Sylvan Way SW & SW Sylvan Heights Dr')
    ,(36360,'SW Morgan St & 35th Ave SW')
    ,(36370,'SW Morgan St & 38th Ave SW')
    ,(36380,'SW Morgan St & 40th Ave SW')
    ,(36390,'44th Ave SW & SW Alaska St - Bay 6')
    ,(36400,'SW Morgan St & 42nd Ave SW')
    ,(36410,'SW Morgan St & 40th Ave SW')
    ,(36420,'SW Morgan St & 38th Ave SW')
    ,(36430,'SW Morgan St & 36th Ave SW')
    ,(36440,'SW Morgan St & 35th Ave SW')
    ,(36450,'SW Morgan St & Lanham Pl SW')
    ,(36470,'Sylvan Way SW & SW Holly St')
    ,(36472,'Sylvan Way SW & SW Sylvan Heights Dr')
    ,(36480,'SW Orchard St & Delridge Way SW')
    ,(36490,'16th Ave SW & SW Webster St')
    ,(36500,'16th Ave SW & SW Orchard St')
    ,(36510,'16th Ave SW & SW Holly St')
    ,(36520,'16th Ave SW & SW Morgan St')
    ,(36522,'16th Ave SW & SW Graham St')
    ,(36525,'South Seattle College')
    ,(36530,'16th Ave SW & SW Findlay St')
    ,(36540,'16th Ave SW & SW Brandon St')
    ,(36560,'SW Dawson St & 18th Ave SW')
    ,(36580,'21st Ave SW & 22nd Ave SW')
    ,(36680,'S Columbian Way & Beacon Ave S')
    ,(36690,'S Columbian Way & S Americus St')
    ,(36700,'S Alaska St & S Alaska Pl')
    ,(36711,'S Alaska St & Martin Luther King Jr Way S')
    ,(36720,'S Alaska St & 35th Ave S')
    ,(36730,'23rd Ave S & S Plum St')
    ,(36750,'23rd Ave S & S Massachusetts St')
    ,(36752,'Martin L King Jr Way S & S Walker St')
    ,(36774,'23rd Ave S & S Judkins St')
    ,(36791,'23rd Ave & E Jefferson St')
    ,(36800,'23rd Ave & E Cherry St')
    ,(36830,'23rd Ave & E Union St')
    ,(36845,'23rd Ave & E Olive St')
    ,(36860,'15th Ave NE & NE 45th St')
    ,(36890,'15th Ave NE & NE 52nd St')
    ,(36910,'15th Ave NE & NE Ravenna Blvd')
    ,(36931,'NE 65th St & 14th Ave NE')
    ,(36940,'Roosevelt Station - Bay 2')
    ,(36960,'NE 65th St & Oswego Pl NE')
    ,(36961,'East Green Lake Dr N & 4th Ave NE')
    ,(36991,'East Green Lake Dr N & Meridian Ave N')
    ,(3700,'12th Ave S & S Jackson St')
    ,(37020,'East Green Lake Dr N & Wallingford Ave N')
    ,(37040,'NW 85th St & 3rd Ave NW')
    ,(37060,'NW 85th St & 8th Ave NW')
    ,(37074,'NW 85th St & 12th Ave NW')
    ,(37078,'NW 85th St & 22nd Ave NW')
    ,(37080,'NW 85th St & Mary Ave NW')
    ,(37081,'NW 85th St & 15th Ave NW')
    ,(37083,'NW 85th St & 19th Ave NW')
    ,(37086,'NW 85th St & 24th Ave NW')
    ,(37087,'NW 85th St & 27th Ave NW')
    ,(37088,'NW 85th St & 28th Ave NW')
    ,(37089,'NW 85th St & 30th Ave NW')
    ,(37090,'SW Atlantic St & 44th Ave SW')
    ,(3710,'12th Ave S & S Weller St')
    ,(37100,'California Ave SW & SW Seattle St')
    ,(37110,'California Ave SW & SW Massachusetts St')
    ,(37120,'California Ave SW & SW Holgate St')
    ,(37130,'California Ave SW & SW Hill St')
    ,(37140,'California Ave SW & SW Walker St')
    ,(37150,'California Ave SW & SW Admiral Way')
    ,(37160,'California Ave SW & SW College St')
    ,(37170,'California Ave SW & SW Hill St')
    ,(37180,'California Ave SW & Palm Ave SW')
    ,(37200,'SW Seattle St & California Ave SW')
    ,(37220,'SW Oregon St & 44th Ave SW')
    ,(3730,'Golf Dr S & 14th Ave S')
    ,(37350,'University Way NE & NE 50th St')
    ,(37352,'University Way NE & NE 55th St')
    ,(37353,'University Way NE & NE Ravenna Blvd')
    ,(37359,'NE 65th St & 14th Ave NE')
    ,(37360,'NE 65th St & 16th Ave NE')
    ,(37381,'NE 65th St & 20th Ave NE')
    ,(3740,'14th Ave S & S Judkins St')
    ,(37400,'NE 65th St & 23rd Ave NE')
    ,(37410,'NE 65th St & 25th Ave NE')
    ,(37420,'NE 65th St & 27th Ave NE')
    ,(37430,'NE 65th St & 29th Ave NE')
    ,(37440,'NE 65th St & 31st Ave NE')
    ,(37450,'NE 65th St & 33rd Ave NE')
    ,(37460,'NE 65th St & 35th Ave NE')
    ,(37470,'NE 65th St & 38th Ave NE')
    ,(37480,'NE 65th St & 40th Ave NE')
    ,(37490,'NE 65th St & 43rd Ave NE')
    ,(375,'2nd Ave Ext S & Yesler Way')
    ,(37500,'NE 65th St & 45th Ave NE')
    ,(37510,'NE 65th St & Wellesley Way NE')
    ,(37520,'NE 65th St & Princeton Ave NE')
    ,(37530,'50th Ave NE & NE 68th St')
    ,(37540,'50th Ave NE & NE 70th St')
    ,(37550,'50th Ave NE & NE 73rd St')
    ,(37560,'NE 75th St & 50th Ave NE')
    ,(37570,'NE 75th St & 48th Ave NE')
    ,(37571,'NE 75th St & 44th Ave NE')
    ,(3760,'14th Ave S & S Massachusetts St')
    ,(37600,'NE 75th St & 41st Ave NE')
    ,(3770,'14th Ave S & S Holgate St')
    ,(37748,'NE 75th St & 40th Ave NE')
    ,(37749,'NE 75th St & 40th Ave NE')
    ,(37750,'NE 75th St & 42nd Ave NE')
    ,(37760,'NE 75th St & 44th Ave NE')
    ,(37770,'NE 75th St & 46th Ave NE')
    ,(3778,'14th Ave S & S Hill St')
    ,(37780,'NE 75th St & 48th Ave NE')
    ,(37790,'NE 75th St & 50th Ave NE')
    ,(37800,'NE 75th St & 52nd Ave NE')
    ,(37810,'NE 75th St & 55th Ave NE')
    ,(37820,'55th Ave NE & NE 73rd St')
    ,(37830,'55th Ave NE & NE 70th St')
    ,(37840,'55th Ave NE & NE 68th St')
    ,(37841,'NE 65th St & 52nd Ave NE')
    ,(37846,'NE 65th St & 58th Ave NE')
    ,(37849,'NE 65th St & Sand Point Way NE')
    ,(37850,'NE 65th St & 55th Ave NE')
    ,(37860,'NE 65th St & 52nd Ave NE')
    ,(37870,'NE Princeton Way & Princeton Ave NE')
    ,(37880,'NE 65th St & 49th Ave NE')
    ,(37890,'NE 65th St & 47th Ave NE')
    ,(37900,'NE 65th St & 44th Ave NE')
    ,(37910,'NE 65th St & 42nd Ave NE')
    ,(37920,'NE 65th St & 39th Ave NE')
    ,(37930,'NE 65th St & 37th Ave NE')
    ,(37940,'NE 65th St & 35th Ave NE')
    ,(37950,'NE 65th St & 32nd Ave NE')
    ,(37970,'NE 65th St & 28th Ave NE')
    ,(37980,'NE 65th St & 26th Ave NE')
    ,(37990,'NE 65th St & 24th Ave NE')
    ,(3800,'Beacon Ave S & S Bayview St')
    ,(38000,'NE 65th St & Ravenna Ave NE')
    ,(38020,'NE 65th St & 18th Ave NE')
    ,(38022,'University Way NE & NE Ravenna Blvd')
    ,(38024,'University Way NE & NE 55th St')
    ,(38050,'30th Ave NE & NE 143rd St')
    ,(38060,'30th Ave NE & NE 140th St')
    ,(38080,'30th Ave NE & NE 135th St')
    ,(38090,'30th Ave NE & NE 133rd St')
    ,(3810,'Beacon Ave S & S Lander St')
    ,(38100,'30th Ave NE & NE 130th St')
    ,(38110,'30th Ave NE & NE 127th St')
    ,(38145,'Lake City Way NE & NE 120th St')
    ,(38160,'Lake City Way NE & NE 115th St')
    ,(38180,'Lake City Way NE & NE 110th St')
    ,(3820,'Beacon Ave S & S Stevens St')
    ,(38200,'Lake City Way NE & 24th Ave NE')
    ,(38220,'Lake City Way NE & NE 98th St')
    ,(38235,'Lake City Way NE & 20th Ave NE')
    ,(38240,'Ravenna Ave NE & NE 92nd St')
    ,(38260,'Ravenna Ave NE & NE 86th St')
    ,(3830,'Beacon Ave S & S Hanford St')
    ,(38350,'15th Ave NE & NE 75th St')
    ,(38370,'15th Ave NE & NE 70th St')
    ,(38390,'15th Ave NE & NE 65th St')
    ,(38410,'15th Ave NE & NE 70th St')
    ,(38530,'Ravenna Ave NE & NE 86th St')
    ,(38550,'Ravenna Ave NE & NE 92nd St')
    ,(38567,'Lake City Way NE & NE 85th St')
    ,(38570,'Lake City Way NE & NE 98th St')
    ,(38590,'Lake City Way NE & 24th Ave NE')
    ,(3860,'Beacon Ave S & S Spokane St')
    ,(38610,'Lake City Way NE & NE 110th St')
    ,(38620,'Lake City Way NE & NE 113th St')
    ,(38650,'Lake City Way NE & NE 120th St')
    ,(38653,'NE 130th St & 35th Ave NE')
    ,(38670,'30th Ave NE & NE 127th St')
    ,(38680,'30th Ave NE & NE 130th St')
    ,(3870,'Beacon Ave S & Jefferson Community Center')
    ,(38700,'30th Ave NE & NE 135th St')
    ,(38720,'30th Ave NE & NE 140th St')
    ,(38730,'30th Ave NE & NE 143rd St')
    ,(3880,'Beacon Ave S & Jefferson Golf Course')
    ,(3881,'Beacon Ave S & Veterans Administration Hospital')
    ,(38810,'NE 145th St & 19th Ave NE')
    ,(3883,'Beacon Ave S & S Columbian Way')
    ,(38840,'15th Ave NE & NE 143rd St')
    ,(38850,'15th Ave NE & NE 140th St')
    ,(38870,'15th Ave NE & NE 135th St')
    ,(38890,'15th Ave NE & NE 130th St')
    ,(38900,'15th Ave NE & NE 127th St')
    ,(38910,'15th Ave NE & NE 125th St')
    ,(38920,'15th Ave NE & NE 123rd St')
    ,(38930,'15th Ave NE & NE 120th St')
    ,(38962,'Pinehurst Way NE & NE 115th St')
    ,(390,'2nd Ave Ext S & S Jackson St')
    ,(3910,'W Mcgraw St & 2nd Ave W')
    ,(3920,'Queen Anne Ave N & W Mcgraw St')
    ,(39230,'15th Ave NE & NE 120th St')
    ,(39240,'15th Ave NE & NE 123rd St')
    ,(39250,'15th Ave NE & NE 125th St')
    ,(39260,'15th Ave NE & NE 127th St')
    ,(39270,'15th Ave NE & NE 130th St')
    ,(39290,'15th Ave NE & NE 135th St')
    ,(3930,'Boston St & Queen Anne Ave N')
    ,(39310,'15th Ave NE & NE 140th St')
    ,(39320,'15th Ave NE & NE 143rd St')
    ,(39332,'15th Ave NE & NE 155th St')
    ,(39334,'15th Ave NE & NE 160th St')
    ,(39336,'15th Ave NE & NE 160th St')
    ,(39340,'15th Ave NE & NE 145th St')
    ,(39341,'15th Ave NE & NE 145th St')
    ,(39350,'NE 145th St & 20th Ave NE')
    ,(3940,'Boston St & Warren Ave N')
    ,(39420,'SW Thistle St & Delridge Way SW')
    ,(39428,'SW Thistle St & 25th Ave SW')
    ,(39429,'SW Thistle St & 28th Ave SW')
    ,(39431,'15th Ave SW & SW Roxbury St - Bay 2')
    ,(39438,'SW Thistle St & 31st Ave SW')
    ,(39439,'SW Thistle St & 34th Ave SW')
    ,(39440,'SW Thistle St & 35th Ave SW')
    ,(39441,'SW Thistle St & 37th Ave SW')
    ,(39442,'SW Thistle St & 39th Ave SW')
    ,(39443,'SW Thistle St & 41st Ave SW')
    ,(39445,'41st Ave SW & SW Rose St')
    ,(39446,'41st Ave SW & SW Elmgrove St')
    ,(39447,'41st Ave SW & SW Kenyon St')
    ,(39448,'41st Ave SW & SW Holden St')
    ,(39450,'SW Ida St & California Ave SW')
    ,(39451,'California Ave SW & SW Austin St')
    ,(39452,'California Ave SW & SW Fontanelle St')
    ,(39453,'California Ave SW & SW Othello St')
    ,(39454,'California Ave SW & SW Myrtle St')
    ,(39455,'California Ave SW & SW Mills St')
    ,(39456,'California Ave SW & SW Holly St')
    ,(39458,'Glenn Way SW & SW Genesee St')
    ,(39459,'SW Genesee St & 47th Ave SW')
    ,(39460,'SW Genesee St & 49th Ave SW')
    ,(39461,'SW Genesee St & 51st Ave SW')
    ,(39462,'SW Genesee St & 53rd Ave SW')
    ,(39463,'SW Genesee St & 55th Ave SW')
    ,(39464,'55th Ave SW & SW Dakota St')
    ,(39465,'55th Ave SW & SW Andover St')
    ,(39466,'55th Ave SW & SW Charlestown St')
    ,(39467,'SW Charlestown St & 53rd Ave SW')
    ,(39468,'SW Charlestown St & 51st Ave SW')
    ,(39469,'49th Ave SW & SW Charlestown St')
    ,(39470,'49th Ave SW & SW Spokane St')
    ,(39471,'49th Ave SW & SW Hinds St')
    ,(39472,'49th Ave SW & SW Hanford St')
    ,(39473,'49th Ave SW & SW Stevens St')
    ,(39475,'49th Ave SW & SW Stevens St')
    ,(39476,'49th Ave SW & SW Hanford St')
    ,(39477,'49th Ave SW & SW Hinds St')
    ,(39479,'49th Ave SW & SW Spokane St')
    ,(39480,'SW Charlestown St & 49th Ave SW')
    ,(39490,'SW Charlestown St & 51st Ave SW')
    ,(3950,'Boston St & Nob Hill Ave N')
    ,(39500,'SW Charlestown St & 53rd Ave SW')
    ,(39510,'55th Ave SW & SW Charlestown St')
    ,(39520,'55th Ave SW & SW Andover St')
    ,(39530,'55th Ave SW & SW Dakota St')
    ,(39540,'55th Ave SW & SW Genesee St')
    ,(39550,'SW Genesee St & 53rd Ave SW')
    ,(39560,'SW Genesee St & 51st Ave SW')
    ,(3960,'Boston St & Bigelow Ave N')
    ,(39750,'SW Genesee St & 49th Ave SW')
    ,(39760,'SW Genesee St & 47th Ave SW')
    ,(39770,'Glenn Way SW & 46th Ave SW')
    ,(39790,'California Ave SW & Fauntleroy Way SW')
    ,(3980,'5th Ave N & Newton St')
    ,(39800,'California Ave SW & SW Willow St')
    ,(39810,'California Ave SW & SW Myrtle St')
    ,(39820,'California Ave SW & SW Othello St')
    ,(39830,'California Ave SW & SW Webster St')
    ,(39840,'SW Ida St & California Ave SW')
    ,(39850,'SW Ida St & 41st Ave SW')
    ,(39860,'41st Ave SW & SW Portland St')
    ,(39870,'41st Ave SW & SW Monroe St')
    ,(39880,'41st Ave SW & SW Southern St')
    ,(39890,'SW Thistle St & 41st Ave SW')
    ,(3990,'Taylor Ave N & 5th Ave N')
    ,(39900,'SW Thistle St & 39th Ave SW')
    ,(39910,'SW Thistle St & 37th Ave SW')
    ,(39920,'SW Thistle St & 35th Ave SW')
    ,(39930,'SW Thistle St & 34th Ave SW')
    ,(39940,'SW Thistle St & 31st Ave SW')
    ,(39955,'SW Thistle St & 28th Ave SW')
    ,(39965,'SW Thistle St & 25th Ave SW')
    ,(39976,'25th Ave SW & SW Trenton St')
    ,(39980,'25th Ave SW & SW Henderson St')
    ,(39983,'SW Barton St & 25th Ave SW - Bay 3')
    ,(39990,'25th Ave SW & SW Barton St - Bay 4')
    ,(400,'3rd Ave & Bell St')
    ,(4000,'Taylor Ave N & Garfield St')
    ,(40010,'Sylvan Way SW & High Point Dr SW')
    ,(40012,'SW Morgan St & Lanham Pl SW')
    ,(40016,'22nd Ave SW & 23rd Ave SW')
    ,(40018,'22nd Ave SW & 23rd Ave SW')
    ,(40020,'SW Oregon St & Delridge Way SW')
    ,(40030,'N Northgate Way & Stone Ave N')
    ,(40032,'N 105th St & Aurora Ave N')
    ,(40035,'N 105th St & Fremont Ave N')
    ,(40038,'N 105th St & Greenwood Ave N')
    ,(40040,'Holman Rd NW & 3rd Ave NW')
    ,(40042,'Holman Rd NW & 7th Ave NW')
    ,(40044,'Holman Rd NW & 9th Ave NW')
    ,(40046,'Holman Rd NW & 13th Ave NW')
    ,(40049,'Holman Rd NW & Mary Ave NW')
    ,(40050,'Holman Rd NW & Mary Ave NW')
    ,(40052,'Holman Rd NW & 13th Ave NW')
    ,(40054,'Holman Rd NW & 9th Ave NW')
    ,(40056,'Holman Rd NW & 7th Ave NW')
    ,(40058,'Holman Rd NW & 3rd Ave NW')
    ,(40060,'Holman Rd N & Greenwood Ave N')
    ,(40065,'N 105th St & Fremont Ave N')
    ,(40068,'N Northgate Way & Aurora Ave N')
    ,(40070,'N Northgate Way & Stone Ave N')
    ,(40073,'Gilman Ave W & W Emerson Pl')
    ,(40077,'Gilman Ave W & 23rd Ave W')
    ,(40078,'Thorndyke Ave W & W Blaine St')
    ,(40093,'NE Sunset Blvd & Union Ave NE')
    ,(40097,'Duvall Ave NE & NE Sunset Blvd')
    ,(4010,'Taylor Ave N & Lee St')
    ,(40101,'Duvall Ave NE & NE 21st St')
    ,(40103,'Duvall Ave NE & NE 23rd St')
    ,(40125,'NE Sunset Blvd & Duvall Ave NE')
    ,(4020,'Taylor Ave N & Prospect St')
    ,(4040,'5th Ave N & Valley St')
    ,(4050,'5th Ave N & Republican St')
    ,(4070,'5th Ave N & Broad St')
    ,(4080,'5th Ave N & Denny Way')
    ,(40801,'East Marginal Way S & S Lucile St')
    ,(40802,'East Marginal Way S & S Hudson St')
    ,(40804,'East Marginal Way S & S Alaska St')
    ,(40806,'East Marginal Way S & Diagonal Ave S')
    ,(40807,'East Marginal Way S & S Idaho St')
    ,(40811,'S 144th St & Macadam Rd S')
    ,(40812,'S 144th St & 46th Ave S')
    ,(40813,'S 144th St & 42nd Ave S');

INSERT INTO stations(stations_id,stations_street) 
VALUES
    (40823,'Macadam Rd S & Southcenter Blvd')
    ,(40825,'Macadam Rd S & S 152nd St')
    ,(40826,'Macadam Rd S & S 150th St')
    ,(40828,'53rd Ave S & S 144th St')
    ,(40871,'Corson Ave S & S Willow St')
    ,(40873,'Corson Ave S & S Warsaw St')
    ,(40876,'S Bailey St & Carleton Ave S')
    ,(40880,'13th Ave S & S Bailey St')
    ,(40881,'Airport Way S & S Vale St')
    ,(40882,'Airport Way S & S Doris St')
    ,(40885,'Airport Way S & Corson Ave S')
    ,(40890,'Airport Way S & S Edmunds St')
    ,(40892,'Airport Way S & S Alaska St')
    ,(40894,'Airport Way S & S Industrial Way')
    ,(40896,'Airport Way S & S Adams St')
    ,(40898,'Airport Way S & S Andover St')
    ,(40900,'Airport Way S & S Charlestown St')
    ,(40999,'Airport Way S & S Spokane St')
    ,(41000,'Airport Way S & S Bradford St')
    ,(41010,'Airport Way S & S Dakota St')
    ,(41020,'Airport Way S & S Industrial Way')
    ,(41030,'Airport Way S & S Snoqualmie St')
    ,(41040,'Airport Way S & S Edmunds St')
    ,(41060,'Airport Way S & S Lucile St')
    ,(41080,'Airport Way S & S Doris St')
    ,(41119,'42nd Ave S & S 144th St')
    ,(41121,'Military Rd S & S 128th St')
    ,(41122,'Military Rd S & S 130th Pl')
    ,(41123,'Military Rd S & S 133rd St')
    ,(41124,'Military Rd S & S 135th St')
    ,(41125,'Military Rd S & S 138th St')
    ,(41126,'Military Rd S & S 140th St')
    ,(41128,'S 144th St & Pacific Hwy S')
    ,(41131,'S 144th St & 37th Ave S')
    ,(41134,'Military Rd S & S 140th St')
    ,(41135,'Military Rd S & S 138th St')
    ,(41136,'Military Rd S & S 135th St')
    ,(41137,'Military Rd S & S 133rd St')
    ,(41138,'Military Rd S & S 130th Pl')
    ,(41237,'S 144th St & 51st Ave S')
    ,(41247,'S 144th St & 53rd Ave S')
    ,(41248,'Macadam Rd S & S 150th St')
    ,(41251,'Macadam Rd S & Southcenter Blvd')
    ,(41255,'3rd Ave W & W Cremona St')
    ,(41270,'3rd Ave W & W Fulton St')
    ,(41280,'3rd Ave W & W Raye St')
    ,(41290,'3rd Ave W & W Smith St')
    ,(41300,'3rd Ave W & W Mcgraw St')
    ,(41320,'Queen Anne Ave N & W Garfield St')
    ,(41340,'W Mcgraw St & Queen Anne Ave N')
    ,(41350,'W Mcgraw St & 3rd Ave W')
    ,(41360,'3rd Ave W & W Smith St')
    ,(41370,'3rd Ave W & W Raye St')
    ,(41380,'3rd Ave W & W Armour St')
    ,(41390,'3rd Ave W & W Dravus St')
    ,(41430,'NW 85th St & 8th Ave NW')
    ,(41450,'N 85th St & Greenwood Ave N')
    ,(41740,'13th Ave S & S Bailey St')
    ,(41750,'S Albro Pl & Stanley Ave S')
    ,(41760,'Swift Ave S & 16th Ave S')
    ,(41780,'15th Ave S & S Lucile St')
    ,(41800,'15th Ave S & S Pearl St')
    ,(41805,'15th Ave S & S Shelton St')
    ,(41819,'15th Ave S & S Angeline St')
    ,(41830,'15th Ave S & S Oregon St')
    ,(41850,'15th Ave S & S Spokane St')
    ,(41870,'15th Ave S & S Hanford St')
    ,(41880,'15th Ave S & S Stevens St')
    ,(41890,'S Lander St & 15th Ave S')
    ,(41900,'12th Ave S & S Jackson St')
    ,(41902,'Boren Ave & E Yesler Way')
    ,(41904,'Broadway & Terrace St')
    ,(41908,'Broadway & Marion')
    ,(41930,'9th Ave & Alder St')
    ,(41940,'9th Ave & James St')
    ,(41950,'9th Ave & Columbia St')
    ,(41955,'9th Ave & Spring St')
    ,(41965,'Broadway & E Union St')
    ,(41970,'Broadway & Pike-Pine')
    ,(41980,'Broadway & Pike-Pine')
    ,(41981,'9th Ave & Spring St')
    ,(41982,'Broadway & E Union St')
    ,(41986,'Broadway & Marion')
    ,(41987,'Broadway & Terrace St')
    ,(41988,'Broadway & Terrace St')
    ,(41989,'Boren Ave & E Yesler Way')
    ,(41990,'9th Ave & Marion St')
    ,(420,'3rd Ave & Virginia St')
    ,(4200,'Cedar St & Denny Way')
    ,(42000,'9th Ave & Cherry St')
    ,(42010,'9th Ave & Alder St')
    ,(42048,'15th Ave S & S Stevens St')
    ,(42050,'15th Ave S & S Hanford St')
    ,(42070,'15th Ave S & S Spokane St')
    ,(42080,'15th Ave S & S Oregon St')
    ,(42091,'15th Ave S & S Angeline St')
    ,(42105,'15th Ave S & S Shelton St')
    ,(42120,'15th Ave S & S Dawson St')
    ,(42130,'15th Ave S & S Lucile St')
    ,(42140,'15th Ave S & S Orcas St')
    ,(4220,'5th Ave N & Broad St')
    ,(42200,'Military Rd S & S 286th Pl')
    ,(42210,'Military Rd S & S 282nd St')
    ,(42240,'Military Rd S & S 282nd St')
    ,(42250,'Military Rd S & S 286th Pl')
    ,(4230,'5th Ave N & Republican St')
    ,(42351,'SW 356th St & 18th Ave SW')
    ,(42358,'21st Ave SW & SW 344th St')
    ,(42370,'21st Ave SW & SW 338th St')
    ,(42380,'21st Ave SW & SW 336th St')
    ,(42390,'21st Ave SW & SW 334th St')
    ,(42400,'21st Ave SW & SW 330th St')
    ,(42420,'21st Ave SW & SW 325th Pl')
    ,(4245,'Valley St & Taylor Ave N')
    ,(42500,'21st Ave SW & SW 320th St')
    ,(42520,'21st Ave SW & SW 325th Pl')
    ,(42540,'21st Ave SW & SW 330th St')
    ,(42550,'21st Ave SW & SW 334th St')
    ,(42560,'21st Ave SW & SW 336th St')
    ,(42570,'21st Ave SW & SW 339th St')
    ,(42576,'Twin Lakes Park & Ride - Bay 2')
    ,(42585,'SW 356th St & 21st Ave SW')
    ,(4265,'Taylor Ave N & Prospect St')
    ,(42650,'SW 340th St & 31st Ave SW')
    ,(42660,'SW 336th Way & SW 340th Pl')
    ,(42670,'SW 336th St & SW 337th St')
    ,(42680,'SW 336th St & 26th Pl SW')
    ,(4280,'Taylor Ave N & Lee St')
    ,(4290,'Taylor Ave N & Galer St')
    ,(430,'3rd Ave & Pine St')
    ,(4300,'Taylor Ave N & 5th Ave N')
    ,(43020,'N 130th St & Meridian Ave N')
    ,(43030,'N 130th St & Ashworth Ave N')
    ,(43050,'N 130th St & Aurora Ave N')
    ,(43060,'N 130th St & Linden Ave N')
    ,(43070,'N 130th St & Evanston Ave N')
    ,(43080,'N 130th St & Greenwood Ave N')
    ,(43090,'N 130th St & Dayton Ave N')
    ,(43095,'N 135th St & Linden Ave N')
    ,(431,'3rd Ave & Pike St')
    ,(43100,'N 130th St & Linden Ave N')
    ,(43110,'N 130th St & Aurora Ave N')
    ,(43130,'N 130th St & Ashworth Ave N')
    ,(4325,'5th Ave N & Newton St')
    ,(433,'3rd Ave & Pike St')
    ,(4340,'Boston St & 4th Ave N')
    ,(4355,'Boston St & 2nd Ave N')
    ,(4370,'Boston St & 1st Ave N')
    ,(43706,'Martin L King Jr Way E & E John St')
    ,(43710,'Martin L King Jr Way & E Olive St')
    ,(43712,'Martin L King Jr Way & E Union St')
    ,(43714,'Martin L King Jr Way & E Marion St')
    ,(43716,'Martin L King Jr Way & E Cherry St')
    ,(43720,'Martin L King Jr Way & E Alder St')
    ,(43724,'Martin L King Jr Way S & S Jackson St')
    ,(43728,'Martin L King Jr Way S & S Dearborn St')
    ,(43765,'Martin L King Jr Way S & S Irving St')
    ,(43770,'Martin L King Jr Way S & S Dearborn St')
    ,(43778,'Martin L King Jr Way & E Alder St')
    ,(43782,'Martin L King Jr Way & E Cherry St')
    ,(43784,'Martin L King Jr Way & E Marion St')
    ,(43788,'Martin L King Jr Way & E Olive St')
    ,(43792,'Martin L King Jr Way E & E John St')
    ,(4465,'Queen Anne Ave N & Garfield St')
    ,(4489,'Queen Anne Ave N & W Howe St')
    ,(4490,'Queen Anne Ave N & Crockett St')
    ,(44968,'SE 128th St & 177th Pl SE')
    ,(44969,'SE 128th St & 172nd Ave SE')
    ,(44970,'SE 128th St & 168th Ave SE')
    ,(44972,'SE 128th St & 164th Ave SE')
    ,(44974,'SE 128th St & 160th Ave SE')
    ,(44976,'SE 128th St & 156th Ave SE')
    ,(44977,'NE 4th St & Rosario Ave NE')
    ,(44978,'NE 4th St & Nile Ave NE')
    ,(44980,'NE 4th St & Jericho Ave NE')
    ,(450,'3rd Ave & Union St')
    ,(4500,'Queen Anne Ave N & W Crockett St')
    ,(45010,'Monroe Ave NE & NE 4th St')
    ,(45020,'Monroe Ave NE & NE 6th Pl')
    ,(45021,'Monroe Ave NE & NE 7th St')
    ,(45022,'NE 10th St & Monroe Ave NE')
    ,(45023,'NE 10th St & Monroe Ave NE')
    ,(45024,'Monroe Ave NE & NE 7th St')
    ,(45070,'Union Ave NE & NE 8th St')
    ,(45080,'Union Ave NE & NE 10th St')
    ,(45090,'Union Ave NE & NE 11th St')
    ,(45101,'Union Ave NE & NE 12th St')
    ,(45110,'NE 12th St & NE 11th Pl')
    ,(45120,'NE 12th St & Redmond Ave NE')
    ,(45130,'NE 12th St & Olympia Ave NE')
    ,(45140,'NE 12th St & Lynnwood Ave NE')
    ,(45145,'NE Sunset Blvd & Kirkland Ave NE')
    ,(45170,'NE 10th St & Index Ave NE')
    ,(45175,'NE Sunset Blvd & NE 10th St')
    ,(45180,'NE Sunset Blvd & Harrington Ave NE')
    ,(45190,'NE Sunset Blvd & Edmonds Ave NE')
    ,(45191,'Southport Dr N & Lake Washington Blvd N')
    ,(45219,'Park Ave N & N 8th St')
    ,(45230,'Park Ave N & N 6th St')
    ,(45240,'Park Ave N & N 4th St')
    ,(45260,'Park Ave N & N 2nd St')
    ,(45270,'Park Ave N & N 1st St')
    ,(45280,'Bronson Way S & Mill Ave S')
    ,(45285,'Main Ave S & S 4th St')
    ,(45288,'S Grady Way & Williams Ave S')
    ,(45301,'Renton Transit Center - Bay 5')
    ,(45303,'Renton Transit Center - Bay 6')
    ,(45305,'Renton Transit Center - Bay 7')
    ,(45320,'S 2nd St & Shattuck Ave S')
    ,(45340,'Rainier Ave S & SW Victoria St')
    ,(45350,'Renton Ave Ext & Hardie Ave NW')
    ,(45360,'Taylor Ave NW & NW 2nd St')
    ,(45375,'Taylor Ave NW & NW 3rd Pl')
    ,(45390,'Taylor Pl NW & NW 5th St')
    ,(45400,'Taylor Pl NW & NW 6th St')
    ,(45410,'87th Ave S & NW 7th St')
    ,(45430,'87th Ave S & S 118th St')
    ,(45440,'87th Ave S & S 115th Pl')
    ,(45441,'S 115th Pl & 85th Ave S')
    ,(45442,'S 115th Pl & 84th Ave S')
    ,(45451,'S 114th St & 80th Ave S')
    ,(45452,'S 114th St & 78th Ave S')
    ,(45453,'S 114th St & Cornell Ave S')
    ,(45460,'Cornell Ave S & S 115th St')
    ,(45610,'S Othello St & Rainier Ave S')
    ,(45630,'S Othello St & 46th Ave S')
    ,(45648,'38th Ave S & S Myrtle St')
    ,(45649,'S Myrtle St & 39th Ave S')
    ,(45651,'S Othello St & Martin L King Jr Way S')
    ,(45670,'S Myrtle Pl & S Holly Park Dr')
    ,(45680,'S Myrtle St & 32nd Ave S')
    ,(45692,'S Myrtle St & Beacon Ave S')
    ,(45700,'Swift Ave S & S Willow St')
    ,(45731,'Swift Ave S & S Warsaw St')
    ,(45732,'Swift Ave S & 18th Ave S')
    ,(45740,'East Marginal Way S & Ellis Ave S')
    ,(45751,'East Marginal Way S & Corson Ave S')
    ,(45770,'4th Ave S & S Michigan St')
    ,(45780,'4th Ave S & S Front St')
    ,(45790,'4th Ave S & S Fidalgo St')
    ,(45800,'4th Ave S & S Orcas St')
    ,(45810,'4th Ave S & S Lucile St')
    ,(45820,'4th Ave S & S Bennett St')
    ,(45840,'4th Ave S & S Industrial Way')
    ,(45850,'4th Ave S & S Industrial Way')
    ,(45870,'4th Ave S & S Spokane St')
    ,(45880,'4th Ave S & S Industrial Way')
    ,(45900,'4th Ave S & Diagonal Ave S')
    ,(45910,'4th Ave S & S Dawson St')
    ,(45920,'4th Ave S & S Brandon St')
    ,(45940,'4th Ave S & S Mead St')
    ,(45960,'4th Ave S & S Front St')
    ,(46022,'Ellis Ave S & S Warsaw St')
    ,(46025,'Ellis Ave S & S Myrtle St')
    ,(46040,'Swift Ave S & 18th Ave S')
    ,(46061,'Swift Ave S & S Warsaw St')
    ,(46080,'Swift Ave S & S Willow St')
    ,(46092,'S Myrtle St & Beacon Ave S')
    ,(46101,'S Myrtle Pl & 32nd Ave S')
    ,(46110,'S Myrtle Pl & S Holly Park Dr')
    ,(46130,'S Othello St & 42nd Ave S')
    ,(46150,'S Othello St & 46th Ave S')
    ,(46165,'S Othello St & Rainier Ave S')
    ,(46221,'74th Ave S & S 116th St')
    ,(46233,'S 114th St & Cornell Ave S')
    ,(46234,'S 114th St & 78th Ave S')
    ,(46235,'S 114th St & 80th Ave S')
    ,(46294,'S 115th Pl & 84th Ave S')
    ,(46330,'87th Ave S & S 115th Pl')
    ,(46331,'87th Ave S & S 117th St')
    ,(46350,'87th Ave S & S 120th St')
    ,(46365,'Stevens Ave NW & S 123rd Pl')
    ,(46380,'Taylor Pl NW & Lind Ave NW')
    ,(46390,'Taylor Ave NW & NW 4th St')
    ,(46410,'Taylor Ave NW & NW 2nd Pl')
    ,(46420,'Renton Ave Ext & Hardie Ave SW')
    ,(46430,'Rainier Ave S & Hayes Pl SW')
    ,(46440,'S 3rd St & Rainier Ave S')
    ,(46450,'S 3rd St & Shattuck Ave S')
    ,(46463,'Renton Transit Center - Bay 10')
    ,(46464,'Renton Transit Center - Bay 9')
    ,(46465,'Renton Transit Center - Bay 8')
    ,(46466,'S Grady Way & Wells Ave S')
    ,(46468,'Main Ave S & S 4th St')
    ,(46472,'Mill Ave S & Houser Way S')
    ,(46474,'Mill Ave S & S 2nd St')
    ,(46476,'Renton Transit Center - Bay 1')
    ,(46477,'Renton Transit Center - Bay 2')
    ,(46478,'Renton Transit Center - Bay 3')
    ,(46479,'Renton Transit Center - Bay 4')
    ,(46480,'Park Ave N & Bronson Way N')
    ,(46490,'Park Ave N & N 2nd St')
    ,(46500,'Park Ave N & N 3rd St')
    ,(46504,'N 10th St & Garden Ave N')
    ,(46505,'N 10th St & Park Ave N')
    ,(46510,'Park Ave N & N 4th St')
    ,(46520,'Park Ave N & N 6th St')
    ,(46530,'Park Ave N & N 8th St')
    ,(46541,'Southport Dr N & Garden Ave N')
    ,(46550,'NE Sunset Blvd & Edmonds Ave NE')
    ,(46560,'NE Sunset Blvd & Harrington Ave NE')
    ,(46565,'NE Sunset Blvd & NE 10th St')
    ,(46570,'NE 10th St & Index Ave NE')
    ,(46575,'NE 10th St & Kirkland Ave NE')
    ,(46578,'Logan Ave N & N 3rd St')
    ,(46579,'Logan Ave N & N 3rd St')
    ,(46580,'Logan Ave N & N 6th St')
    ,(46585,'Logan Ave N & N 6th St')
    ,(46590,'Logan Ave N & N 10th St')
    ,(46595,'Logan Ave N & N 10th St')
    ,(46600,'NE 12th St & Lynnwood Ave NE')
    ,(46610,'NE 12th St & Pierce Pl NE')
    ,(46620,'NE 12th St & Redmond Ave NE')
    ,(46630,'NE 12th St & NE 11th Pl')
    ,(46640,'Union Ave NE & NE 12th St')
    ,(46650,'Union Ave NE & NE 11th St')
    ,(46660,'Union Ave NE & NE 10th St')
    ,(46670,'Union Ave NE & NE 8th St')
    ,(46672,'Union Ave NE & NE 7th St')
    ,(46674,'Union Ave NE & NE 6th St')
    ,(46720,'Monroe Ave NE & NE 7th Pl')
    ,(46730,'Monroe Ave NE & NE 4th St')
    ,(46766,'Vashon Ferry Dock & 103rd Ave SW')
    ,(46769,'Vashon Ferry Dock & 103rd Ave SW')
    ,(46770,'Vashon Hwy SW & SW Burton Dr')
    ,(46773,'Vashon Hwy SW & SW 158th St')
    ,(46776,'Dockton Rd SW & SW Ellisport Rd')
    ,(46785,'SW 204th St & Vashon Hwy SW')
    ,(46791,'Vashon Hwy SW & SW 204th St')
    ,(46792,'Vashon Hwy SW & SW 204th St')
    ,(468,'3rd Ave & Seneca St')
    ,(46800,'Vashon Hwy SW & SW 188th St')
    ,(46818,'SW 256th St & 75th Ave SW')
    ,(46819,'75th Ave SW & SW 256th St')
    ,(46822,'SW 264th St & 99th Ave SW')
    ,(46830,'Vashon Hwy SW & SW 178th St')
    ,(46840,'Vashon Hwy SW & SW Bank Rd')
    ,(46850,'Vashon Hwy SW & SW 171st St')
    ,(46870,'Vashon Hwy SW & SW 158th St')
    ,(46871,'Vashon Hwy SW & Burma Rd SW')
    ,(46880,'Vashon Hwy SW & SW 156th St')
    ,(46888,'Vashon Hwy SW & SW 132nd Pl')
    ,(46890,'Vashon Hwy SW & Burma Rd SW')
    ,(47080,'Vashon Hwy SW & SW 156th St')
    ,(47110,'Vashon Hwy SW & SW 171st St')
    ,(47120,'Vashon Hwy SW & SW 178th St')
    ,(47165,'SW 204th St & Monument Rd SW')
    ,(47175,'SW Ellisport Rd & Dockton Rd SW')
    ,(47200,'S 200th St & 28th Ave S')
    ,(47202,'24th Ave S & S 208th St')
    ,(47203,'24th Ave S & S 208th St')
    ,(47204,'24th Ave S & S 210th St')
    ,(47205,'24th Ave S & S 211th St')
    ,(47206,'24th Ave S & S 216th St')
    ,(47230,'Vashon Hwy SW & SW Burton Dr')
    ,(47235,'104th Ave SW & SW Burton Dr')
    ,(47240,'Vashon Hwy SW & SW Bank Rd')
    ,(47255,'SW Tahlequah Rd & Sr 163')
    ,(47260,'Highline College Rdwy & S 240th St')
    ,(47263,'Highline College')
    ,(47270,'S 240th St & 21st Ave S')
    ,(47275,'S 240th St & 18th Pl S')
    ,(47280,'S 240th St & 16th Ave S')
    ,(47320,'Marine View Dr S & S 240th St')
    ,(47330,'Marine View Dr S & Judson Park')
    ,(47340,'Marine View Dr S & S 234th Pl')
    ,(47360,'Marine View Dr S & S 230th St')
    ,(47369,'7th Ave S & S 226th St')
    ,(47370,'Marine View Dr S & S 226th St')
    ,(47390,'Marine View Dr S & S 223rd St')
    ,(47400,'Marine View Dr S & S 220th St')
    ,(47403,'S 216th St & 24th Ave S')
    ,(47404,'S 216th St & 20th Ave S')
    ,(47405,'S 216th St & 14th Ave S')
    ,(47406,'S 216th St & 11th Ave S')
    ,(47407,'S 216th St & Wesley Terrace Entrance')
    ,(47410,'Marine View Dr S & S 218th St')
    ,(47412,'S 216th St & Wesley Terrace Entrance')
    ,(47413,'S 216th St & 11th Ave S')
    ,(47415,'S 216th St & 14th Ave S')
    ,(47416,'Wesley Terrace')
    ,(47417,'S 216th St & 20th Ave S')
    ,(47419,'S 216th St & 24th Ave S')
    ,(47420,'S 216th St & 5th Ave S')
    ,(47430,'1st Pl S & S 216th St')
    ,(47440,'1st Ave S & S 213th St')
    ,(47450,'1st Ave S & S 211th St')
    ,(47451,'1st Ave S & S 210th St')
    ,(47460,'1st Ave S & S 208th St')
    ,(47470,'1st Ave S & S 206th St')
    ,(47480,'1st Ave S & S 202nd St')
    ,(47490,'1st Ave S & S 199th St')
    ,(47510,'1st Ave S & S 194th St')
    ,(47520,'1st Ave S & S 192nd St')
    ,(47530,'1st Ave S & Normandy Park Dr SW')
    ,(47540,'1st Ave S & S 186th St')
    ,(47550,'1st Ave S & SW 185th St')
    ,(47570,'1st Ave S & SW Normandy Rd')
    ,(47580,'1st Ave S & S 176th St')
    ,(47590,'1st Ave S & S 170th St')
    ,(47600,'1st Ave S & S 168th St')
    ,(47610,'1st Ave S & SW 164th Pl')
    ,(47620,'1st Ave S & S 160th St')
    ,(47630,'1st Ave S & SW 158th St')
    ,(47646,'SW 156th St & 2nd Ave SW')
    ,(47660,'SW 150th St & 6th Ave SW')
    ,(47719,'SW 150th St & 6th Ave SW')
    ,(47740,'1st Ave S & S 146th St')
    ,(47750,'1st Ave S & S 143rd St')
    ,(47760,'1st Ave S & S 140th St')
    ,(47770,'1st Ave S & S 138th St')
    ,(47780,'1st Ave S & S 136th St')
    ,(47790,'1st Ave S & S 132nd St')
    ,(47809,'1st Ave S & S 128th St')
    ,(47820,'1st Ave S & S 124th St')
    ,(47840,'1st Ave S & S 120th St')
    ,(47850,'1st Ave S & S 116th St')
    ,(47872,'SW 112th St & 1st Ave SW')
    ,(47890,'4th Ave SW & SW 110th St')
    ,(47900,'4th Ave SW & SW 108th St')
    ,(47920,'4th Ave SW & SW 104th St')
    ,(47931,'SW 102nd St & 4th Ave SW')
    ,(47970,'I-5 & S 272nd St')
    ,(47972,'I-5 & S 272nd St')
    ,(47973,'S 272nd St & I-5')
    ,(47974,'S 272nd St & S Star Lake Rd')
    ,(480,'3rd Ave & Marion St')
    ,(481,'3rd Ave & Columbia St')
    ,(48280,'4th Ave SW & SW 102nd St')
    ,(48290,'4th Ave SW & SW 104th St')
    ,(48310,'4th Ave SW & SW 108th St')
    ,(48311,'4th Ave SW & SW 110th St')
    ,(48330,'SW 112th St & 2nd Ln SW')
    ,(48346,'1st Ave S & SW 112th St')
    ,(48360,'1st Ave S & SW 116th St')
    ,(48370,'1st Ave S & SW 119th St')
    ,(48390,'1st Ave S & SW 124th St')
    ,(48398,'1st Ave S & SW 128th St')
    ,(48410,'1st Ave S & SW 130th Pl')
    ,(48430,'1st Ave S & SW 136th St')
    ,(48440,'1st Ave S & SW 138th St')
    ,(48451,'1st Ave S & SW 140th St')
    ,(48460,'1st Ave S & SW 143rd St')
    ,(48470,'1st Ave S & SW 146th St')
    ,(48550,'1st Ave S & SW 156th St')
    ,(48570,'1st Ave S & SW 160th St')
    ,(48580,'1st Ave S & SW 164th Pl')
    ,(48590,'1st Ave S & SW 168th St')
    ,(48600,'1st Ave S & S 170th St')
    ,(48610,'1st Ave S & SW 176th St')
    ,(48620,'1st Ave S & SW 178th St')
    ,(48630,'1st Ave S & SW Normandy Rd')
    ,(48640,'1st Ave S & SW 185th St')
    ,(48660,'1st Ave S & SW 186th St')
    ,(48670,'1st Ave S & Normandy Park Dr SW')
    ,(48680,'1st Ave S & SW 192nd St')
    ,(48690,'1st Ave S & SW 194th St')
    ,(48710,'1st Ave S & S 199th St')
    ,(48720,'1st Ave S & SW 202nd St')
    ,(48730,'1st Ave S & S 206th St')
    ,(48740,'1st Ave S & SW 208th St')
    ,(48741,'1st Ave S & S 210th St')
    ,(48750,'1st Ave S & SW 211th St')
    ,(48760,'1st Ave S & S 213th St')
    ,(48770,'S 216th Pl & S 216th St')
    ,(48780,'S 216th Pl & 4th Pl S')
    ,(48790,'Marine View Dr S & S 218th St')
    ,(48800,'Marine View Dr S & S 220th St')
    ,(48810,'Marine View Dr S & S 223rd St')
    ,(48820,'Marine View Dr S & S 226th St')
    ,(48840,'Marine View Dr S & S 230th St')
    ,(48860,'Marine View Dr S & S 234th Pl')
    ,(48870,'Marine View Dr S & S 236th St')
    ,(48880,'Marine View Dr S & S 240th St')
    ,(48920,'S 240th St & 17th Ave S')
    ,(48925,'S 240th St & 18th Pl S')
    ,(48930,'S 240th St & 21st Ave S')
    ,(48949,'Pacific Hwy S & S 240th St')
    ,(48950,'Pacific Hwy S & S 240th St')
    ,(48960,'Pacific Hwy S & Kent Des Moines Rd')
    ,(48972,'16th Ave S & 17th Pl S')
    ,(48974,'Kent Des Moines Rd & 20th Ave S')
    ,(48978,'Kent Des Moines Rd & 21st Ave S')
    ,(48980,'24th Ave S & S 230th St')
    ,(48990,'24th Ave S & S 226th St')
    ,(490,'3rd Ave & Cherry St')
    ,(49011,'24th Ave S & S 223rd St')
    ,(49050,'Des Moines Memorial Dr S & S 212th St')
    ,(49060,'Des Moines Memorial Dr S & S 210th St')
    ,(49070,'Des Moines Memorial Dr S & S 208th St')
    ,(49080,'Des Moines Memorial Dr S & S 206th St')
    ,(49100,'Des Moines Memorial Dr S & S 202nd St')
    ,(49110,'S 200th St & Des Moines Memorial Dr S')
    ,(49120,'8th Ave S & S 200th St')
    ,(49133,'8th Ave S & S 198th St')
    ,(49150,'8th Ave S & S 194th St')
    ,(49160,'8th Ave S & S 192nd St')
    ,(49169,'8th Ave S & S 189th St')
    ,(49180,'8th Ave S & S 186th St')
    ,(49190,'8th Ave S & Des Moines Memorial Dr S')
    ,(49290,'S 156th St & Des Moines Memorial Dr S')
    ,(49301,'S 156th St & 2nd Ave S')
    ,(49350,'42nd Ave S & S 152nd St')
    ,(49356,'S 146th St & 4th Ave S')
    ,(49358,'S 146th St & 5th Pl S')
    ,(49360,'42nd Ave S & S 148th St')
    ,(49362,'S 146th St & 8th Ave S')
    ,(49367,'S 146th St & 11th Ave S')
    ,(49370,'Des Moines Memorial Dr S & S 144th St')
    ,(49380,'Des Moines Memorial Dr S & S 140th St')
    ,(49390,'Des Moines Memorial Dr S & S 138th St')
    ,(49400,'Des Moines Memorial Dr S & S 136th St')
    ,(49410,'Des Moines Memorial Dr S & S 134th St')
    ,(49420,'Des Moines Memorial Dr S & S 132nd St')
    ,(49430,'Des Moines Memorial Dr S & S 128th St')
    ,(49440,'S 128th St & Roseberg Ave S')
    ,(49450,'S 128th St & 20th Ave S')
    ,(49460,'S 128th St & 22nd Ave S')
    ,(49470,'S 128th St & 24th Ave S')
    ,(49480,'S 128th St & 26th Ave S')
    ,(49490,'Military Rd S & S 128th St')
    ,(49500,'Military Rd S & S 125th Pl')
    ,(49510,'Military Rd S & S 123rd St')
    ,(49520,'Military Rd S & S 121st Pl')
    ,(49530,'S 120th St & 23rd Ave S')
    ,(49540,'S 120th St & 22nd Ave S')
    ,(49550,'S 120th St & Roseberg Ave S')
    ,(49552,'Glendale Way S & Des Moines Memorial Dr S')
    ,(49553,'Glendale Way S & S 118th St')
    ,(49554,'Glendale Way S & 16th Ave S')
    ,(49555,'S 112th St & 14th Ave S')
    ,(49556,'S 112th St & 14th Ave S')
    ,(49557,'S 112th St & 10th Ave S')
    ,(49558,'S 112th St & 10th Ave S')
    ,(49561,'S 112th St & 8th Ave S')
    ,(49562,'S 112th St & 8th Ave S')
    ,(49563,'5th Ave S & 4th Pl S')
    ,(49564,'5th Ave S & 4th Pl S')
    ,(49565,'S 116th St & 5th Ave S')
    ,(49566,'S 116th St & 5th Ave S')
    ,(49567,'S 116th St & 3rd Ave S')
    ,(49568,'S 116th St & 3rd Ave S')
    ,(49571,'SW 116th St & 1st Ave S')
    ,(49572,'SW 116th St & 1st Ave S')
    ,(49574,'SW 108th St & 4th Ave SW')
    ,(49576,'SW 108th St & 8th Ave SW')
    ,(49577,'SW 108th St & 8th Ave SW')
    ,(49580,'Des Moines Memorial Dr S & S 120th St')
    ,(49585,'8th Ave SW & SW 102nd St')
    ,(49586,'8th Ave SW & SW 102nd St')
    ,(49588,'8th Ave SW & SW 99th St')
    ,(49592,'8th Ave SW & SW 104th St')
    ,(49595,'8th Ave SW & SW 106th St')
    ,(49599,'Des Moines Memorial Dr S & S 116th St')
    ,(49610,'Des Moines Memorial Dr S & S 113th St')
    ,(49630,'Des Moines Memorial Dr S & S 108th St')
    ,(49660,'Des Moines Memorial Dr S & S 103rd St')
    ,(49670,'Des Moines Memorial Dr S & 17th Pl S')
    ,(49690,'Des Moines Memorial Dr S & S 99th St')
    ,(49700,'Des Moines Memorial Dr S & S 96th St')
    ,(49710,'14th Ave S & S Director St')
    ,(49720,'14th Ave S & S Trenton St')
    ,(49724,'8th Ave S & S Monroe St')
    ,(49725,'8th Ave S & S Southern St')
    ,(49726,'8th Ave S & S Thistle St')
    ,(49730,'8th Ave S & S Cloverdale St')
    ,(49731,'8th Ave S & S Thistle St')
    ,(49732,'8th Ave S & S Southern St')
    ,(49733,'8th Ave S & S Kenyon St')
    ,(49739,'14th Ave S & S Trenton St')
    ,(49740,'14th Ave S & S Henderson St')
    ,(49750,'Des Moines Memorial Dr S & S 96th St')
    ,(49753,'5th Ave S & S Kenyon St')
    ,(49754,'S Kenyon St & 5th Ave S')
    ,(49755,'S Holden St & 5th Ave S')
    ,(49757,'S Holden St & 2nd Ave S')
    ,(49758,'S Holden St & 2nd Ave S')
    ,(49760,'Des Moines Memorial Dr S & S 99th St')
    ,(49770,'Des Moines Memorial Dr S & 17th Pl S')
    ,(49775,'5th Ave S & S Holden St')
    ,(49780,'Des Moines Memorial Dr S & S 103rd St')
    ,(49810,'Des Moines Memorial Dr S & S 108th St')
    ,(49820,'Des Moines Memorial Dr S & S 112th St')
    ,(49840,'Des Moines Memorial Dr S & S 116th St')
    ,(49860,'S 120th St & Des Moines Memorial Dr S')
    ,(49870,'S 120th St & 20th Ave S')
    ,(49880,'S 120th St & 22nd Ave S')
    ,(49900,'Military Rd S & S 121st Pl')
    ,(49910,'Military Rd S & S 123rd St')
    ,(49920,'Military Rd S & S 125th St')
    ,(49930,'S 128th St & Military Rd S')
    ,(49940,'S 128th St & 26th Ave S')
    ,(49950,'S 128th St & 24th Ave S')
    ,(49960,'S 128th St & 22nd Ave S')
    ,(49970,'S 128th St & 20th Ave S')
    ,(49980,'S 128th St & Roseberg Ave S')
    ,(500,'3rd Ave & James St')
    ,(50010,'Des Moines Memorial Dr S & S 128th St')
    ,(50020,'Des Moines Memorial Dr S & S 132nd St')
    ,(50030,'Des Moines Memorial Dr S & S 134th St')
    ,(50050,'Des Moines Memorial Dr S & S 138th St')
    ,(50060,'Des Moines Memorial Dr S & S 140th St')
    ,(50061,'S 144th St & Des Moines Memorial Dr S')
    ,(50062,'S 146th St & 11th Ave S')
    ,(50063,'S 146th St & 8th Ave S')
    ,(50064,'S 146th St & 5th Ave S')
    ,(50065,'S 146th St & 4th Ave S')
    ,(50075,'42nd Ave S & S 148th St')
    ,(50125,'SW 156th St & 2nd Ave SW')
    ,(50130,'S 156th St & 1st Ave S')
    ,(50140,'S 156th St & 4th Ave S')
    ,(50145,'S 156th Way & Des Moines Memorial Dr S')
    ,(50250,'8th Ave S & Des Moines Memorial Dr S')
    ,(50260,'8th Ave S & S 186th St')
    ,(50270,'8th Ave S & S 188th St')
    ,(50280,'8th Ave S & S 192nd St')
    ,(50290,'8th Ave S & S 194th St')
    ,(50310,'8th Ave S & S 198th St')
    ,(50320,'8th Ave S & S 200th St')
    ,(50330,'S 200th St & Des Moines Memorial Dr S')
    ,(50340,'Des Moines Memorial Dr S & S 202nd St')
    ,(50350,'Des Moines Memorial Dr S & S 204th St')
    ,(50360,'Des Moines Memorial Dr S & S 206th St')
    ,(50370,'Des Moines Memorial Dr S & S 208th St')
    ,(50380,'Des Moines Memorial Dr S & S 210th St')
    ,(50390,'Des Moines Memorial Dr S & S 212th St')
    ,(50445,'24th Ave S & S 223rd St')
    ,(50450,'24th Ave S & S 226th St')
    ,(50461,'Kent Des Moines Rd & 24th Ave S')
    ,(50462,'Kent Des Moines Rd & 21st Ave S')
    ,(50466,'Kent Des Moines Rd & 20th Ave S')
    ,(50468,'16th Ave S & 17th Pl S')
    ,(50480,'Pacific Hwy S & Kent Des Moines Rd')
    ,(50703,'Reith Rd & 38th Ave S')
    ,(50707,'Reith Rd & S 253rd St')
    ,(50709,'Reith Rd & Lake Fenwick Rd S')
    ,(50712,'W James St & Washington Ave N')
    ,(50714,'W James St & 64th Ave S')
    ,(50717,'64th Ave S & W James St')
    ,(50720,'W Meeker St & Russell Rd')
    ,(50724,'Military Rd S & S 272nd St')
    ,(50725,'S Star Lake Rd & S 272nd St')
    ,(50726,'S Star Lake Rd & 24th Ln S')
    ,(50727,'S Star Lake Rd & S 276th Pl')
    ,(50728,'S Star Lake Rd & 25th Dr S')
    ,(50730,'W Meeker St & Russell Rd')
    ,(50731,'S Star Lake Rd & 25th Dr S')
    ,(50732,'S Star Lake Rd & S 276th Pl')
    ,(50733,'S Star Lake Rd & S 272nd St')
    ,(50734,'S 272nd St & 26th Ave S')
    ,(50735,'W Meeker St & 64th Ave S')
    ,(50740,'W Meeker St & 64th Ave S')
    ,(50741,'W Meeker St & Washington Ave S')
    ,(50755,'W Meeker St & Washington Ave N')
    ,(50758,'64th Ave S & W Meeker St')
    ,(50760,'W Meeker St & Russell Rd')
    ,(50761,'W Meeker St & 64th Ave S')
    ,(50770,'W Meeker St & Russell Rd')
    ,(50772,'64th Ave S & W Meeker St')
    ,(50774,'64th Ave S & W James St')
    ,(50779,'W James St & 64th Ave S')
    ,(50781,'Reith Rd & Lake Fenwick Rd S')
    ,(50783,'Reith Rd & S 253rd St')
    ,(50787,'Reith Rd & 38th Ave S')
    ,(510,'S Washington St & 3rd Ave S')
    ,(51301,'21st Ave SW & SW 159th St')
    ,(51310,'21st Ave SW & SW 156th St')
    ,(51330,'21st Ave SW & SW 152nd St')
    ,(51350,'SW 152nd St & 18th Ave SW')
    ,(51360,'SW 152nd St & 16th Ave SW')
    ,(51370,'SW 152nd St & 14th Ave SW')
    ,(51380,'SW 152nd St & 12th Ave SW')
    ,(51390,'SW 152nd St & 10th Ave SW')
    ,(51400,'SW 152nd St & 9th Ave SW')
    ,(51403,'Ambaum Blvd SW & SW 148th St')
    ,(51410,'SW 152nd St & 6th Ave SW')
    ,(51459,'Ambaum Blvd SW & SW 142nd St')
    ,(51471,'Ambaum Blvd SW & SW 136th St')
    ,(515,'3rd Ave S & S Main St')
    ,(51520,'Ambaum Blvd SW & SW 128th St')
    ,(51551,'Ambaum Blvd SW & SW 122nd St')
    ,(51552,'Ambaum Blvd SW & SW 122nd St')
    ,(51581,'16th Ave SW & SW 116th St')
    ,(51600,'16th Ave SW & SW 112th St')
    ,(51615,'15th Ave SW & SW 107th St')
    ,(51651,'15th Ave SW & SW 102nd St')
    ,(51728,'8th Ave SW & SW Barton St')
    ,(51740,'9th Ave SW & SW Trenton St')
    ,(51760,'9th Ave SW & SW Thistle St')
    ,(51770,'9th Ave SW & SW Elmgrove St')
    ,(51780,'Highland Park Way SW & SW Kenyon St')
    ,(51790,'Highland Park Way SW & SW Holden St')
    ,(51800,'Highland Park Way SW & SW Othello St')
    ,(51810,'Highland Park Way SW & SW Othello St')
    ,(51820,'Highland Park Way SW & West Marginal Way S')
    ,(51830,'Highland Park Way SW & West Marginal Way S')
    ,(51834,'Highland Park Way SW & 2nd Ave SW')
    ,(51870,'S Michigan St & East Marginal Way S')
    ,(51877,'Highland Park Way SW & 2nd Ave SW')
    ,(51882,'Highland Park Way SW & West Marginal Way  SW')
    ,(51890,'Highland Park Way SW & SW Othello St')
    ,(51900,'Highland Park Way SW & SW Othello St')
    ,(51910,'Highland Park Way SW & SW Holden St')
    ,(51920,'9th Ave SW & SW Kenyon St')
    ,(51930,'9th Ave SW & SW Elmgrove St')
    ,(51940,'9th Ave SW & SW Thistle St')
    ,(51960,'9th Ave SW & SW Trenton St')
    ,(51970,'9th Ave SW & SW Henderson St')
    ,(51972,'8th Ave SW & SW Cambridge St')
    ,(52030,'15th Ave SW & SW Roxbury St - Bay 1')
    ,(52051,'15th Ave SW & SW 102nd St')
    ,(52081,'15th Ave SW & SW 107th St')
    ,(52120,'16th Ave SW & SW 112th St')
    ,(52140,'16th Ave SW & SW 116th St')
    ,(52200,'Ambaum Blvd SW & SW 128th St')
    ,(52240,'Ambaum Blvd SW & SW 136th St')
    ,(52261,'Ambaum Blvd SW & SW 142nd Pl')
    ,(52281,'Ambaum Blvd SW & SW 148th St')
    ,(52300,'4th Ave SW & SW 152nd St')
    ,(52301,'Burien Transit Center - Bay 1')
    ,(52302,'Burien Transit Center - Bay 2')
    ,(52303,'Burien Transit Center - Bay 3')
    ,(52304,'Burien Transit Center - Bay 4')
    ,(52305,'Burien Transit Center - Bay 5')
    ,(52306,'Burien Transit Center - Bay 6')
    ,(52353,'Baker St & 3rd Ave')
    ,(52380,'SW 160th St & 6th Ave SW')
    ,(52400,'SW 160th St & 10th Ave SW')
    ,(52410,'SW 160th St & 12th Ave SW')
    ,(52411,'SW 160th St & 18th Ave SW')
    ,(52636,'S 188th St & Military Rd S')
    ,(52637,'S 188th St & 46th Ave S')
    ,(52638,'S 188th St & 42nd Ave S')
    ,(52639,'S 188th St & 36th Ave S')
    ,(52710,'Military Rd S & S 176th St')
    ,(52720,'Military Rd S & S 173rd St')
    ,(52800,'International Blvd & S 160th St')
    ,(53050,'Military Rd S & S 272nd St')
    ,(53054,'Military Rd S & S 268th St')
    ,(53056,'Military Rd S & S 264th St')
    ,(53058,'Military Rd S & S 260th St')
    ,(53070,'Tukwila Intl Blvd & S 112th St')
    ,(53072,'Tukwila Intl Blvd & Sr 99 Ramp')
    ,(531,'3rd Ave & James St')
    ,(5330,'N 85th St & Greenwood Ave N')
    ,(53380,'Military Rd S & S 166th St')
    ,(53400,'Military Rd S & S 170th St')
    ,(53420,'Military Rd S & S 173rd St')
    ,(5350,'N 85th St & Fremont Ave N')
    ,(53501,'S 188th St & International Blvd')
    ,(53502,'S 188th St & 42nd Ave S')
    ,(53504,'Kent-Des Moines Freeway Station')
    ,(53505,'S 188th St & 36th Ave S')
    ,(53508,'Kent Des Moines Rd & I-5 Ramp')
    ,(53511,'S 188th St & 46th Ave S')
    ,(53526,'Military Rd S & S 259th Pl')
    ,(53530,'Military Rd S & S 264th St')
    ,(53532,'Military Rd S & S 268th St')
    ,(53536,'S 272nd St & Military Rd S')
    ,(53538,'S 272nd St & I-5')
    ,(53550,'Kirkland Way & 6th St')
    ,(5370,'N 85th St & Aurora Ave N')
    ,(53706,'Sylvester Rd SW & SW 160th St')
    ,(53720,'4th Ave SW & SW 156th St')
    ,(53740,'4th Ave SW & SW 152nd St')
    ,(538,'3rd Ave & Columbia St')
    ,(5380,'N 85th St & Stone Ave N')
    ,(53850,'4th Ave SW & SW 116th St')
    ,(53860,'4th Ave SW & SW 114th St')
    ,(53870,'4th Ave SW & SW 112th St')
    ,(539,'3rd Ave & Marion St')
    ,(53910,'4th Ave SW & SW 115th St')
    ,(53946,'51st Ave S & S 164th St')
    ,(53975,'4th Ave SW & SW 156th St')
    ,(53978,'Highline Medical Center & Main Entrance')
    ,(53979,'Sylvester Rd SW & SW 160th St')
    ,(5400,'N 85th St & Wallingford Ave N')
    ,(54000,'SE 135th St & 184th Ave SE')
    ,(54001,'Lake Kathleen Rd SE & SE 133rd Pl')
    ,(54002,'Lake Kathleen Rd SE & SE 128th St')
    ,(54003,'Lake Kathleen Rd SE & SE 128th St')
    ,(54005,'SE 133rd Pl & 186th Ave SE')
    ,(54010,'SE 135th St & 182nd Ave SE')
    ,(54015,'SE 134th St & 181st Ave SE')
    ,(5402,'NE 42nd St & 8th Ave NE')
    ,(54020,'SE 134th St & 178th Ave SE')
    ,(54025,'SE 134th St & 175th Ave SE')
    ,(54030,'172nd Ave SE & SE 134th St')
    ,(54035,'SE 136th St & 170th Ave SE')
    ,(54045,'169th Ave SE & SE 138th St')
    ,(54050,'169th Ave SE & SE 140th St')
    ,(54055,'169th Ave SE & SE 142nd St')
    ,(54060,'169th Ave SE & SE 144th St')
    ,(54065,'SE 144th St & 167th Pl SE')
    ,(54070,'SE 144th St & 164th Ave SE')
    ,(54075,'SE 144th St & 161st Ave SE')
    ,(54080,'SE 144th St & 158th Pl SE')
    ,(54085,'SE 144th St & 156th Ave SE')
    ,(54090,'154th Ave SE & SE 142nd St')
    ,(54095,'SE 142nd St & 150th Pl SE')
    ,(54100,'SE 142nd St & 148th Pl SE')
    ,(54105,'SE 142nd St & 146th Ave SE')
    ,(54110,'SE 141st St & 144th Ave SE')
    ,(54115,'144th Ave SE & SE 140th St')
    ,(54120,'144th Ave SE & SE 138th St')
    ,(54125,'Jericho Ave SE & SE 2nd Pl')
    ,(54130,'144th Ave SE & SE 132nd St')
    ,(54135,'Jericho Ave NE & NE 4th St')
    ,(54140,'NE 4th St & Hoquiam Ave NE')
    ,(54145,'NE 4th St & Duvall Ave NE')
    ,(54146,'Union Ave NE & NE 4th St')
    ,(54147,'Union Ave NE & NE 6th St')
    ,(54148,'Union Ave NE & NE 7th St')
    ,(54150,'NE 4th St & Union Ave NE')
    ,(54152,'NE 4th St & Queen Ave NE')
    ,(54155,'NE 4th St & Monroe Ave NE')
    ,(5420,'N 85th St & Wallingford Ave N')
    ,(54201,'Southcenter Blvd & 42nd Ave S')
    ,(54202,'Southcenter Blvd & 52nd Ave S')
    ,(54203,'Southcenter Blvd & Park Place')
    ,(54204,'Southcenter Blvd & Park Place')
    ,(54205,'Southcenter Blvd & 53rd Ave S')
    ,(54206,'Southcenter Blvd & 42nd Ave S')
    ,(5440,'N 85th St & Stone Ave N')
    ,(5450,'N 85th St & Aurora Ave N')
    ,(5470,'N 85th St & Fremont Ave N')
    ,(54760,'NE 30th St & I-405')
    ,(54770,'Kennewick Pl NE & NE 28th St')
    ,(54780,'NE 27th St & Aberdeen Ave NE')
    ,(54790,'NE 27th St & Camas Ave NE')
    ,(548,'3rd Ave & Madison St')
    ,(54800,'Edmonds Ave NE & NE 25th St')
    ,(54810,'Edmonds Ave NE & NE 23rd St')
    ,(54820,'Edmonds Ave NE & NE 20th St')
    ,(54830,'Edmonds Ave NE & NE 18th St')
    ,(54841,'NE 16th St & Edmonds Ave NE')
    ,(54842,'Harrington Ave NE & NE 16th St')
    ,(54843,'Harrington Ave NE & NE 12th St')
    ,(5486,'Greenwood Ave N & N Greenwood Dr')
    ,(54860,'Kirkland Ave NE & NE 16th St')
    ,(5487,'Carlyle Hall Rd N & Dayton Ave N')
    ,(54870,'Kirkland Ave NE & NE 14th St')
    ,(5488,'Carlyle Hall Rd N & Dayton Ave N')
    ,(54880,'Kirkland Ave NE & NE 12th St')
    ,(5489,'Greenwood Ave N & N Greenwood Dr')
    ,(5492,'Shoreline Community College')
    ,(5493,'Shoreline Community College')
    ,(54944,'Sunset Blvd N & N 3rd St')
    ,(54971,'NE 3rd St & Edmonds Ave NE')
    ,(54972,'NE 3rd St & Edmonds Ave NE')
    ,(54980,'Sunset Blvd N & N 3rd St')
    ,(54990,'Bronson Way N & Park Ave N')
    ,(55000,'Renton Ave S & S 132nd St')
    ,(55010,'Renton Ave S & S 130th St')
    ,(5502,'N Innis Arden Way & Greenwood Ave N')
    ,(55020,'Renton Ave S & S 128th St')
    ,(55030,'Renton Ave S & 78th Ave S')
    ,(55031,'W Temperance St & Ramsay Way')
    ,(55040,'Renton Ave S & 76th Ave S')
    ,(55050,'Renton Ave S & S 126th St')
    ,(55060,'Renton Ave S & 75th Ave S')
    ,(55062,'Renton Ave S & 74th Ave S')
    ,(55064,'Renton Ave S & 72nd Ave S')
    ,(55066,'Renton Ave S & 68th Ave S')
    ,(55068,'Renton Ave S & S 116th Pl')
    ,(55130,'Renton Ave S & S Fountain Pl')
    ,(55140,'Renton Ave S & S Hazel St')
    ,(55150,'Renton Ave S & S Bangor St')
    ,(55160,'Renton Ave S & S Prentice St')
    ,(55170,'Renton Ave S & S Ryan St')
    ,(55180,'Renton Ave S & S Victor St')
    ,(55190,'Renton Ave S & 57th Ave S')
    ,(55200,'Renton Ave S & S Norfolk St')
    ,(55210,'Renton Ave S & 54th Ave S')
    ,(55220,'Renton Ave S & 52nd Ave S')
    ,(55226,'51st Ave S & S Fletcher St')
    ,(55228,'51st Ave S & S Roxbury St')
    ,(55230,'51st Ave S & S Bond St')
    ,(55240,'51st Ave S & S Gazelle St')
    ,(55250,'51st Ave S & S Ryan St')
    ,(55260,'51st Ave S & S 107th St')
    ,(55280,'51st Ave S & Beacon Ave S')
    ,(55290,'S Leo St & Beacon Ave S')
    ,(55300,'S Leo St & 53rd Ave S')
    ,(55310,'S Leo St & 55th Ave S')
    ,(55320,'S Leo St & 56th Ave S')
    ,(55330,'56th Ave S & S Avon St')
    ,(55340,'S Avon St & 59th Ave S')
    ,(55350,'59th Ave S & S Augusta St')
    ,(55360,'59th Ave S & S 118th St')
    ,(55370,'59th Ave S & S Wallace St')
    ,(55371,'68th Ave S & S 118th St')
    ,(55372,'Beacon Ave S & 62nd Ave S')
    ,(55373,'68th Ave S & S 122nd St')
    ,(55374,'S 124th St & 67th Ave S')
    ,(55375,'S 124th St & 67th Ave S')
    ,(55376,'68th Ave S & S 122nd St')
    ,(55377,'Beacon Ave S & 62nd Ave S')
    ,(55378,'68th Ave S & S 118th St')
    ,(55380,'Beacon Ave S & 59th Ave S')
    ,(55395,'Beacon Ave S & 56th Ave S')
    ,(55400,'Beacon Ave S & S Augusta St')
    ,(55410,'Beacon Ave S & S Avon St')
    ,(55420,'Beacon Ave S & S Leo St')
    ,(55430,'51st Ave S & S Hazel St')
    ,(55441,'51st Ave S & S Creston St')
    ,(55450,'51st Ave S & S Ryan St')
    ,(55460,'51st Ave S & S Gazelle St')
    ,(55470,'51st Ave S & S Bond St')
    ,(55472,'51st Ave S & Renton Ave S')
    ,(55474,'51st Ave S & S Fletcher St')
    ,(5550,'Greenwood Ave N & N 145th St')
    ,(55583,'Martin L King Jr Way S & S Henderson St')
    ,(55589,'Martin L King Jr Way S & S Thistle St')
    ,(55590,'Martin L King Jr Way S & S Kenyon St')
    ,(55593,'Martin L King Jr Way S & S Webster St')
    ,(5560,'Greenwood Ave N & N 143rd St')
    ,(55651,'Martin L King Jr Way S & S Othello St')
    ,(55661,'Martin L King Jr Way S & S Myrtle St')
    ,(55681,'Martin L King Jr Way S & S Holly St')
    ,(55702,'Martin L King Jr Way S & S Graham St')
    ,(55711,'Martin L King Jr Way S & 37th Ave S')
    ,(55729,'Martin L King Jr Way S & S Orcas St')
    ,(55735,'Martin L King Jr Way S & S Dawson St')
    ,(55771,'Martin L King Jr Way S & S Edmunds St')
    ,(55780,'Martin L King Jr Way S & S Alaska St')
    ,(55790,'Martin L King Jr Way S & S Columbian Way')
    ,(558,'3rd Ave & Seneca St')
    ,(5580,'Greenwood Ave N & N 137th St')
    ,(55802,'Martin L King Jr Way S & S Dakota St')
    ,(55812,'Martin L King Jr Way S & S Andover St')
    ,(55831,'Martin L King Jr Way S & S Walden St')
    ,(55851,'Martin L King Jr Way S & S Hanford St')
    ,(55875,'S Dearborn St & Corwin Pl S')
    ,(5590,'Greenwood Ave N & N 134th St')
    ,(55926,'SW 7th St & Rainier Ave S')
    ,(55927,'Lind Ave SW & SW 7th St')
    ,(55928,'Lind Ave SW & SW 7th St')
    ,(55929,'SW 7th St & Hardie Ave SW')
    ,(55938,'South Renton Park & Ride - Bay 2')
    ,(55939,'S Grady Way & Talbot Rd S')
    ,(55940,'S Dearborn St & Corwin Pl S')
    ,(55942,'Lind Ave SW & SW Grady Way')
    ,(55943,'151st Ave SE & SE Petrovitsky Rd')
    ,(55944,'161st Ave SE & SE 171st Pl')
    ,(55945,'SE Fairwood Blvd & SE 169th Pl')
    ,(55946,'161st Ave SE & SE 171st Pl')
    ,(55947,'151st Ave SE & SE Petrovitsky Rd')
    ,(55948,'140th Ave SE & SE 171st Pl')
    ,(55960,'Martin L King Jr Way S & S Winthrop St')
    ,(55980,'Martin L King Jr Way S & S Walden St')
    ,(55991,'Martin L King Jr Way S & S Andover St')
    ,(56000,'Martin L King Jr Way S & S Dakota St')
    ,(56021,'Martin L King Jr Way S & S Columbian Way')
    ,(56031,'Martin L King Jr Way S & S Alaska St')
    ,(56041,'Martin L King Jr Way S & S Edmunds St')
    ,(56061,'Martin L King Jr Way S & S Dawson St')
    ,(56081,'Martin L King Jr Way S & S Orcas St')
    ,(56099,'Martin L King Jr Way S & S Raymond St')
    ,(5610,'Greenwood Ave N & N 130th St')
    ,(56111,'Martin L King Jr Way S & S Graham St')
    ,(56130,'Martin L King Jr Way S & S Holly St')
    ,(56151,'Martin L King Jr Way S & S Myrtle St')
    ,(56161,'Martin L King Jr Way S & S Othello St')
    ,(56162,'Martin L King Jr Way S & S Webster St')
    ,(56164,'Martin L King Jr Way S & S Kenyon St')
    ,(56165,'Martin L King Jr Way S & S Thistle St')
    ,(56275,'Renton Ave S & S Roxbury St')
    ,(56280,'Renton Ave S & 52nd Ave S')
    ,(56290,'Renton Ave S & 54th Ave S')
    ,(5630,'Greenwood Ave N & N 125th St')
    ,(56300,'Renton Ave S & 55th Ave S')
    ,(56310,'Renton Ave S & 57th Ave S')
    ,(56320,'Renton Ave S & S Victor St')
    ,(56330,'Renton Ave S & S Ryan St')
    ,(56340,'Renton Ave S & S Prentice St')
    ,(56350,'Renton Ave S & S Bangor St')
    ,(56360,'Renton Ave S & S Hazel St')
    ,(56370,'Renton Ave S & S Fountain St')
    ,(56372,'Renton Ave S & S 116th Pl')
    ,(56373,'Renton Ave S & 68th Ave S')
    ,(56374,'Renton Ave S & 72nd Ave S')
    ,(56376,'Renton Ave S & 74th Ave S')
    ,(5640,'Greenwood Ave N & N 122nd St')
    ,(56440,'Renton Ave S & 75th Ave S')
    ,(56450,'Renton Ave S & S 126th St')
    ,(56460,'Renton Ave S & 76th Ave S')
    ,(56470,'Renton Ave S & 78th Ave S')
    ,(56480,'Renton Ave S & S 128th St')
    ,(56500,'Renton Ave S & S 132nd St')
    ,(56510,'Bronson Way N & Park Ave N')
    ,(56519,'NE 3rd St & Monterey Dr NE')
    ,(56522,'NE 3rd St & Bronson Way NE')
    ,(5660,'Greenwood Ave N & N 117th St')
    ,(56610,'Kirkland Ave NE & NE 12th St')
    ,(56620,'Kirkland Ave NE & NE 14th St')
    ,(56631,'NE 16th St & Kirkland Ave NE')
    ,(56649,'NE 16th St & Edmonds Ave NE')
    ,(56660,'Edmonds Ave NE & NE 18th St');

INSERT INTO stations(stations_id,stations_street) 
VALUES
    (56670,'Edmonds Ave NE & NE 20th St')
    ,(56680,'Edmonds Ave NE & NE 23rd St')
    ,(56690,'Edmonds Ave NE & NE 24th St')
    ,(5670,'Greenwood Ave N & N 115th St')
    ,(56700,'Edmonds Ave NE & NE 27th St')
    ,(56710,'NE 27th St & Camas Ave NE')
    ,(56720,'NE 27th St & Aberdeen Ave NE')
    ,(56730,'Kennewick Pl NE & NE 29th St')
    ,(56741,'NE 30th St & I-405')
    ,(56790,'NE 4th St & Monroe Ave NE')
    ,(56792,'NE 4th St & Queen Ave NE')
    ,(56795,'NE 4th St & Union Ave NE')
    ,(56800,'NE 4th St & Duvall Ave NE')
    ,(56805,'NE 4th St & Hoquiam Ave NE')
    ,(56810,'Jericho Ave NE & NE 3rd Pl')
    ,(56815,'Jericho Ave NE & SE 132nd St')
    ,(56820,'144th Ave SE & SE 136th St')
    ,(56825,'144th Ave SE & SE 138th St')
    ,(56830,'144th Ave SE & SE 140th St')
    ,(56835,'SE 141st St & 144th Ave SE')
    ,(56840,'SE 142nd St & 146th Pl SE')
    ,(56845,'SE 142nd St & 148th Pl SE')
    ,(56850,'SE 142nd St & 150th Pl SE')
    ,(56855,'154th Ave SE & SE 142nd Pl')
    ,(56860,'156th Ave SE & SE 144th St')
    ,(56865,'SE 144th St & 158th Pl SE')
    ,(56870,'SE 144th St & 161st Ave SE')
    ,(56871,'SE 144th St & 164th Pl SE')
    ,(56872,'SE 144th St & 167th Pl SE')
    ,(56874,'169th Ave SE & SE 142nd St')
    ,(56875,'169th Ave SE & SE 140th St')
    ,(56876,'169th Ave SE & SE 138th St')
    ,(56877,'169th Ave SE & SE 136th St')
    ,(56878,'SE 136th St & 171st Ave SE')
    ,(56879,'172nd Ave SE & SE 134th St')
    ,(56880,'SE 134th St & 175th Ave SE')
    ,(56881,'SE 134th St & 178th Ave SE')
    ,(56882,'SE 134th St & 181st Ave SE')
    ,(56883,'SE 135th St & 182nd Ave SE')
    ,(5690,'Greenwood Ave N & N 110th St')
    ,(570,'3rd Ave & Union St')
    ,(57000,'C A Reiten Rd & Walnut St')
    ,(57010,'C A Reiten Rd & Hemlock St')
    ,(57020,'C A Reiten Rd & Laurel St')
    ,(57050,'Guiberson St & Glenwood Ln')
    ,(57060,'Kennebeck Ave N & E Gowe St')
    ,(57070,'E James St & Central Ave N')
    ,(57090,'E James St & Jason Ave N')
    ,(5710,'Greenwood Ave N & Holman Rd N')
    ,(57100,'E James St & Summit Ave N')
    ,(57110,'S 240th St & 94th Ave S')
    ,(57111,'SE 240th St & 124th Ave SE')
    ,(57112,'SE 240th St & 127th Pl SE')
    ,(57113,'SE 240th St & 132nd Ave SE')
    ,(57117,'SE 240th St & 124th Ave SE')
    ,(57118,'SE 240th St & 127th Pl SE')
    ,(57119,'SE 240th St & 132nd Ave SE')
    ,(57120,'S 240th St & 98th Ave S')
    ,(57121,'SE 240th St & 108th Ave SE')
    ,(57122,'SE 240th St & 111th Pl SE')
    ,(57123,'SE 240th St & 112th Ave SE')
    ,(57126,'SE 240th St & 102nd Ave SE')
    ,(57127,'SE 240th St & 104th Ave SE')
    ,(57128,'101st Ave SE & SE 256th St')
    ,(57130,'104th Ave SE & SE 240th St')
    ,(57140,'104th Ave SE & SE 235th St')
    ,(57141,'SE 240th St & 116th Ave SE')
    ,(57142,'SE 240th St & 120th Ave SE')
    ,(57144,'132nd Ave SE & SE 245th St')
    ,(57148,'104th Ave SE & SE 260th St')
    ,(57149,'101st Ave SE & SE 260th St')
    ,(57150,'104th Ave SE & SE 232nd St')
    ,(57151,'W Gowe St & 2nd Ave S')
    ,(57152,'132nd Ave SE & SE 248th St')
    ,(57155,'104th Ave SE & SE 256th St')
    ,(57156,'104th Ave SE & SE 248th St')
    ,(57159,'104th Ave SE & SE 253rd Pl')
    ,(57160,'104th Ave SE & SE 228th St')
    ,(57162,'104th Ave SE & SE 248th St')
    ,(57163,'Top Foods Pkg Acs & SE 260th St')
    ,(57164,'104th Ave SE & SE 244th St')
    ,(57165,'Target Pkg Acs & 104th Ave SE')
    ,(57168,'W Harrison St & 6th Ave N')
    ,(57169,'W Gowe St & 6th Ave S')
    ,(57171,'5th Ave S & W Gowe St')
    ,(57172,'5th Ave S & W Titus St')
    ,(57173,'W Saar St & 5th Ave S')
    ,(57174,'Sr 516 & Sr 167')
    ,(57175,'Access Rd & Washington Ave')
    ,(57176,'Access Rd & W Meeker St')
    ,(57177,'Access Rd & 64th Ave S')
    ,(57178,'64th Ave S & Access Road')
    ,(57180,'108th Ave SE & SE 224th St')
    ,(57181,'104th Ave SE & SE 264th St')
    ,(57182,'State Ave N & E Ward St')
    ,(57183,'Kent Senior Center Acs & Kennebeck Ave N')
    ,(57185,'108th Ave SE & SE 220th Pl')
    ,(57187,'W Smith St & 4th Ave N')
    ,(57188,'W Meeker St & Washington Ave S')
    ,(57189,'W Meeker St & 6th Ave S')
    ,(57190,'108th Ave SE & SE 217th St')
    ,(57191,'W Meeker St & 1st Ave S')
    ,(57197,'109th Ave SE & SE 256th St')
    ,(57198,'109th Ave SE & SE 256th St')
    ,(57199,'109th Ave SE & SE 248th St')
    ,(57200,'108th Ave SE & SE 212th St')
    ,(57201,'Kent Kangley Rd & 114th Ave SE')
    ,(57202,'Kent Kangley Rd & 114th Ave SE')
    ,(57203,'104th Ave SE & SE 260th St')
    ,(57204,'104th Ave SE & SE 267th St')
    ,(57205,'Woodland Way S & S 265th St')
    ,(57206,'Woodland Way S & S 262nd Pl')
    ,(57207,'Woodland Way S & S 262nd Pl')
    ,(57208,'C A Reiten Rd & E Seattle St')
    ,(57209,'W Gowe St & 1st Ave S')
    ,(57210,'108th Ave SE & SE 208th St')
    ,(57211,'SE 248th St & 100th Pl SE')
    ,(57212,'S 248th St & 98th Ave S')
    ,(57213,'98th Ave S & S 246th Pl')
    ,(57218,'Scenic Vista Rd & SE 264th St')
    ,(57219,'Maple St & Woodland Way S')
    ,(57220,'108th Ave SE & SE 204th St')
    ,(57230,'108th Ave SE & SE 200th St')
    ,(57240,'108th Ave SE & SE 196th St')
    ,(57250,'108th Ave SE & SE 192nd St')
    ,(57260,'108th Ave SE & SE 186th St')
    ,(57270,'108th Ave SE & SE 181st St')
    ,(57280,'108th Ave SE & SE Carr Rd')
    ,(57290,'108th Ave SE & SE 181st St')
    ,(5730,'Greenwood Ave N & N 100th St')
    ,(57300,'108th Ave SE & SE 186th St')
    ,(57310,'108th Ave SE & SE 192nd St')
    ,(57320,'108th Ave SE & SE 196th St')
    ,(57330,'108th Ave SE & SE 201st St')
    ,(57340,'108th Ave SE & SE 204th St')
    ,(57350,'108th Ave SE & SE 208th St')
    ,(57360,'108th Ave SE & SE 212th St')
    ,(57370,'108th Ave SE & SE 217th St')
    ,(57375,'108th Ave SE & SE 220th Pl')
    ,(57390,'Benson Rd SE & SE 224th St')
    ,(5740,'Greenwood Ave N & N 97th St')
    ,(57400,'104th Ave SE & SE 228th St')
    ,(57405,'104th Ave SE & SE 244th St')
    ,(57407,'104th Ave SE & SE 248th St')
    ,(57409,'104th Ave SE & SE 253rd Pl')
    ,(57410,'104th Ave SE & SE 232nd St')
    ,(57420,'104th Ave SE & SE 236th Pl')
    ,(57422,'104th Ave SE & SE 240th St')
    ,(57423,'Fred Meyer Pkg Lot Acs & 102nd Ave SE')
    ,(57429,'SE 240th St & 104th Ave SE')
    ,(57430,'104th Ave SE & SE 240th St')
    ,(57434,'SE 240th St & 102nd Ave SE')
    ,(57436,'SE 240th St & 112th Ave SE')
    ,(57437,'SE 240th St & 111th Pl SE')
    ,(57438,'SE 240th St & 108th Ave SE')
    ,(57440,'S 240th St & 98th Ave S')
    ,(57445,'132nd Ave SE & SE 246th Ct')
    ,(57446,'64th Ave S & S 236th St')
    ,(57447,'SE 240th St & 120th Ave SE')
    ,(57448,'SE 240th St & 116th Ave SE')
    ,(57450,'S 240th St & 94th Ave S')
    ,(57451,'Kent Sounder Station - Bay 1')
    ,(57452,'Kent Sounder Station - Bay 2')
    ,(57453,'Kent Sounder Station - Bay 3')
    ,(57455,'Kent Sounder Station - Bay 5')
    ,(57458,'Kent Sounder Station - Bay 8')
    ,(57459,'Kent Sounder Station - Bay 9')
    ,(57460,'E James St & Summit Ave N')
    ,(57461,'64th Ave S & S 236th St')
    ,(57462,'64th Ave S & S 231st St')
    ,(57470,'E James St & Jason Ave N')
    ,(57478,'64th Ave S & S 228th St')
    ,(57479,'64th Ave S & S 231st St')
    ,(57480,'E James St & Woodford Ave N')
    ,(57481,'4th Ave N & W Smith St')
    ,(57482,'W Gowe St & 2nd Ave S')
    ,(57493,'132nd Ave SE & SE 274th St')
    ,(57496,'132nd Ave SE & SE 278th St')
    ,(575,'3rd Ave & Pike St')
    ,(57512,'SE 276th Pl & 127th Ave SE')
    ,(57516,'SE 277th Pl & 124th Ave SE')
    ,(57518,'124th Ave SE & SE 282nd St')
    ,(57519,'124th Ave SE & SE 280th St')
    ,(57521,'124th Ave SE & SE 304th St')
    ,(57522,'124th Ave SE & SE 310th St')
    ,(57528,'124th Ave SE & SE 312th St')
    ,(57530,'124th Ave SE & SE 288th Pl')
    ,(57534,'SE 316th St & 124th Ave SE')
    ,(57535,'SE 316th St & 117th Pl SE')
    ,(57536,'116th Ave SE & SE 320th St')
    ,(57560,'NE 4th St & Jericho Ave NE')
    ,(57562,'NE 4th St & Nile Ave NE')
    ,(57563,'SE 128th St & Rosario Ave NE')
    ,(57564,'SE 128th St & 156th Ave SE')
    ,(57566,'SE 128th St & 160th Ave SE')
    ,(57568,'SE 128th St & 164th Ave SE')
    ,(57570,'SE 128th St & 168th Ave SE')
    ,(57571,'SE 128th St & 172nd Ave SE')
    ,(57572,'SE 128th St & 176th Ave SE')
    ,(57574,'Lake Kathleen Rd SE & SE 133rd Pl')
    ,(57600,'41st St SE & A St SE')
    ,(57609,'37th St SE & D St SE')
    ,(57610,'37th St SE & D St SE')
    ,(57611,'37th St SE & I St SE')
    ,(57612,'37th St SE & M St SE')
    ,(57618,'M St SE & 33rd St SE')
    ,(57619,'37th St SE & M St SE')
    ,(57620,'37th St SE & I St SE')
    ,(57621,'37th St SE & I St SE')
    ,(57622,'37th St SE & D St SE')
    ,(57623,'D St SE & D Pl SE')
    ,(57631,'F St SE & 21st St SE')
    ,(57632,'F St SE & 25th St SE')
    ,(57640,'F St SE & 29th St SE')
    ,(5765,'Greenwood Ave N & N 92nd St')
    ,(57650,'29th St SE & I St SE')
    ,(5770,'Greenwood Ave N & N 90th St')
    ,(5771,'Greenwood Ave N & N 87th St')
    ,(57740,'K St SE & 18th St SE')
    ,(57755,'Auburn Way S & M St SE')
    ,(57760,'Auburn Way S & 12th St SE')
    ,(57765,'Auburn Way S & F St SE')
    ,(57773,'Auburn Transit Center - Bay 1')
    ,(57774,'Auburn Transit Center - Bay 2')
    ,(57775,'Auburn Transit Center - Bay 3')
    ,(57776,'Auburn Transit Center - Bay 4')
    ,(57778,'Auburn Way S & Sr 18')
    ,(57784,'2nd St SW & A St SW')
    ,(57791,'A St SE & Cross St SE')
    ,(57792,'2nd St SE & A St SE')
    ,(57795,'S Division St & 3rd St SE')
    ,(57804,'15th St SW & O St SW')
    ,(57806,'15th St SW & Market St')
    ,(57810,'15th St SW & C St SW')
    ,(57840,'1st St NE & B St NE')
    ,(57846,'O St SW & 15th St SW')
    ,(57851,'Milwaukee Blvd N & Ellingson Rd')
    ,(57852,'Milwaukee Blvd S & Homer Ave SE')
    ,(57853,'3rd Ave SE & Pacific Ave S')
    ,(57854,'Pacific Ave S & 1st Ave SE')
    ,(57856,'Pacific Ave N & Ellingson Rd')
    ,(57860,'Auburn Way N & 4th St NE')
    ,(57861,'41st St SE & A St SE')
    ,(57892,'Auburn Park And Ride - Bay 1')
    ,(57899,'Auburn Way N & 17th St NE')
    ,(5790,'Greenwood Ave N & N 85th St')
    ,(57900,'Auburn Way N & 22nd St NE')
    ,(57901,'Auburn Way N & 15th St NE')
    ,(57902,'Auburn Way N & 15th St NE')
    ,(57903,'Auburn Way N & 9th St NE')
    ,(57904,'Auburn Way N & 8th St NE')
    ,(57910,'Auburn Way N & 28th St NE')
    ,(57912,'Auburn Way N & 30th St NE')
    ,(57915,'Auburn Way N & 37th St NE')
    ,(57920,'Auburn Way N & 42nd St NE')
    ,(57930,'Auburn Way N & 45th St NE')
    ,(57940,'Auburn Way N & 49th St NE')
    ,(57950,'Auburn Way N & S 277th St')
    ,(57960,'Central Ave S & S 266th St')
    ,(57962,'Central Ave S & S 262nd St')
    ,(57990,'Central Ave S & S 259th St')
    ,(58000,'Central Ave S & S 259th St')
    ,(58010,'Central Ave S & E Morton St')
    ,(58020,'Central Ave S & E Willis St')
    ,(58028,'West Valley Hwy & Strander Blvd')
    ,(58040,'S 212th St & 59th Pl S')
    ,(58043,'S 212th St & 59th Pl S')
    ,(58050,'S 212th St & Riverview Blvd S')
    ,(58051,'S 212th St & Riverview Blvd S')
    ,(58060,'S 212th St & 42nd Ave S')
    ,(58061,'S 212th St & 42nd Ave S')
    ,(58074,'68th Ave S & S 208th St')
    ,(58075,'68th Ave S & S 204th St')
    ,(58077,'S 212th St & 68th Ave S')
    ,(58078,'S 212th St & 72nd Ave S')
    ,(58079,'S 212th St & 64th Ave S')
    ,(58080,'S 212th St & 68th Ave S')
    ,(58081,'S 212th St & 84th Ave S')
    ,(58082,'S 212th St & 80th Ave S')
    ,(58083,'S 212th St & 76th Ave S')
    ,(58084,'S 212th St & 64th Ave S')
    ,(58085,'68th Ave S & S 212th St')
    ,(58086,'68th Ave S & S 196th St')
    ,(58087,'West Valley Hwy S & S 190th St')
    ,(58088,'S 180th St & Sperry Dr')
    ,(58090,'S 180th St & Andover Park W')
    ,(58092,'S 180th St & Southcenter Pkwy')
    ,(58094,'Southcenter Pkwy & S 180th St')
    ,(58095,'Southcenter Pkwy & 17500 Block')
    ,(58096,'Southcenter Pkwy & Minkler Blvd')
    ,(58098,'Southcenter Pkwy & S 168th St')
    ,(58099,'Southcenter Pkwy & Strander Blvd')
    ,(5810,'Greenwood Ave N & N 80th St')
    ,(58101,'Strander Blvd & 61st Pl S')
    ,(58102,'Southcenter Blvd & 62nd Ave S')
    ,(58104,'Southcenter Blvd & 65th Ave S')
    ,(58109,'Strander Blvd & 61st Pl S')
    ,(58110,'Interurban Ave S & Fort Dent Way')
    ,(58111,'Strander Blvd & Andover Park E')
    ,(58112,'Southcenter Blvd & 65th Ave S')
    ,(58113,'Strander Blvd & W Valley Hwy')
    ,(58114,'Southcenter Blvd & 62nd Ave S')
    ,(58116,'Southcenter Pkwy & Strander Blvd')
    ,(58118,'Southcenter Pkwy & S 168th St')
    ,(58119,'Southcenter Pkwy & Minkler Blvd')
    ,(58121,'Southcenter Pkwy & S 175th St')
    ,(58122,'Southcenter Pkwy & S 180th St')
    ,(58126,'S 180th St & Southcenter Pkwy')
    ,(58130,'S 180th St & Andover Park W')
    ,(58132,'S 180th St & Sperry Dr')
    ,(58134,'West Valley Hwy & Todd Blvd')
    ,(58135,'S 194th St & 62nd Ave S')
    ,(58136,'West Valley Hwy S & S 190th St')
    ,(58137,'58th Pl S & Russell Rd')
    ,(58138,'S 212th St & 72nd Ave S')
    ,(58139,'S 194th Way & 58th Pl S')
    ,(58140,'68th Ave S & S 196th St')
    ,(58141,'S 212th St & 76th Ave S')
    ,(58142,'S 212th St & 84th Ave S')
    ,(58144,'Central Ave N & E James St')
    ,(58145,'68th Ave S & S 208th St')
    ,(58148,'Central Ave S & E Meeker St')
    ,(58150,'Central Ave S & E Russell St')
    ,(58170,'Central Ave S & S 259th St')
    ,(58180,'Central Ave S & S 259th St')
    ,(58190,'Central Ave S & S 262nd St')
    ,(5820,'Greenwood Ave N & N 78th St')
    ,(58210,'Central Ave S & S 266th St')
    ,(58220,'Auburn Way N & S 277th St')
    ,(58230,'Auburn Way N & 85th Ave S')
    ,(58235,'Auburn Way N & 42nd St NE')
    ,(58240,'Auburn Way N & 45th St NE')
    ,(58255,'Auburn Way N & 37th St NE')
    ,(58257,'Auburn Way N & 30th St NE')
    ,(58260,'Auburn Way N & 28th St NE')
    ,(58270,'Auburn Way N & 22nd St NE')
    ,(5830,'Greenwood Ave N & N 76th St')
    ,(58310,'Auburn Ave & 5th St NE')
    ,(58320,'Auburn Ave & 2nd St NE')
    ,(58340,'15th St SW & C St SW')
    ,(58341,'Super Mall')
    ,(58342,'15th St SW & Market St')
    ,(58343,'Outlet Collection Way SW')
    ,(58344,'15th St SW & O St SW')
    ,(58345,'Supermall Dr & Supermall Acs')
    ,(58350,'Auburn Way S & 2nd St SE')
    ,(58360,'Auburn Way S & 8th St SE')
    ,(58370,'Auburn Way S & 12th St SE')
    ,(58380,'Auburn Way S & M St SE')
    ,(58389,'17th St SE & C St SE')
    ,(58391,'9th Ave S & Saint Francis Hospital')
    ,(58393,'17th St SE & H St SE')
    ,(58394,'17th St SE & K St SE')
    ,(5840,'Greenwood Ave N & N 74th St')
    ,(58400,'K St SE & 18th St SE')
    ,(58410,'K St SE & 20th St SE')
    ,(58481,'29th St SE & I St SE')
    ,(58500,'F St SE & 29th St SE')
    ,(58511,'F St SE & 25th St SE')
    ,(58512,'F St SE & Cedar Dr')
    ,(58513,'K St SE & 20th St SE')
    ,(58514,'9th Ave S & S 344th St')
    ,(58536,'Auburn Way S & Muckleshoot Plaza')
    ,(58537,'Auburn Way S & Muckleshoot Plaza')
    ,(58538,'Auburn Way S & Riverwalk Dr SE')
    ,(58539,'Auburn Way S & Riverwalk Dr SE')
    ,(58540,'Griffin Ave & Fell St')
    ,(58550,'Griffin Ave & Pioneer St')
    ,(58560,'Griffin Ave & Garfield St')
    ,(58570,'Griffin Ave & Florence St')
    ,(58580,'Griffin Ave & Farrelly St')
    ,(5860,'Greenwood Ave N & N 70th St')
    ,(58600,'S 144th St & Military Rd S')
    ,(58610,'S 144th St & Military Rd S')
    ,(58650,'Auburn-Enumclaw Rd & 196th Ave SE')
    ,(58730,'Auburn Way S & Academy Dr SE')
    ,(58740,'Auburn Way S & 32nd St SE')
    ,(5875,'Phinney Ave N & N 67th St')
    ,(58750,'Auburn Way S & Poplar St SE')
    ,(58752,'Auburn Way S & Poplar St SE')
    ,(58754,'Auburn Way S & Noble Ct SE')
    ,(58760,'Auburn Way S & Hemlock St SE')
    ,(58777,'Veterans Dr & Veterans Dr')
    ,(58778,'Veterans Dr & Riverview Blvd S')
    ,(58779,'Kent Des Moines Rd & I-5 Ramp')
    ,(58780,'Auburn Way S & Dogwood St SE')
    ,(58781,'W Meeker St & Frager Rd')
    ,(58782,'I-5 Ramp & Kent Des Moines Rd')
    ,(58785,'W Meeker St & Frager Rd')
    ,(58790,'Auburn Way S & Dogwood St SE')
    ,(5880,'Phinney Ave N & N 65th St')
    ,(58810,'Auburn Way S & Hemlock St SE')
    ,(58811,'Auburn Way S & Noble Ct SE')
    ,(58812,'Auburn Way S & Poplar St SE')
    ,(58820,'Auburn Way S & Poplar St SE')
    ,(58830,'Auburn Way S & 32nd St SE')
    ,(58840,'Auburn Way S & Academy Dr SE')
    ,(58845,'Auburn-Enumclaw Rd & SE 368th Pl')
    ,(58855,'Auburn-Enumclaw Rd & 151st Ave SE')
    ,(58856,'Auburn-Enumclaw Rd S & 151st Ave SE')
    ,(58858,'Auburn-Enumclaw Rd & 156th Ave SE')
    ,(58860,'Auburn-Enumclaw Rd & SE 380th Pl')
    ,(58862,'Auburn-Enumclaw Rd & SE 368th Pl')
    ,(58864,'Auburn-Enumclaw Rd & SE 388th St')
    ,(58865,'Auburn-Enumclaw Rd & SE 388th St')
    ,(58870,'Auburn-Enumclaw Rd & SE 392nd St')
    ,(58872,'Auburn-Enumclaw Rd & SE 392nd St')
    ,(58880,'Auburn-Enumclaw Rd & SE 400th St')
    ,(58882,'Auburn-Enumclaw Rd & SE 400th St')
    ,(58886,'Auburn-Enumclaw Rd & SE 408th St')
    ,(58888,'Auburn-Enumclaw Rd & SE 408th St')
    ,(58900,'Auburn-Enumclaw Rd & SE 416th St')
    ,(58902,'Auburn-Enumclaw Rd & SE 416th St')
    ,(58910,'Auburn-Enumclaw Rd & 188th Ave SE')
    ,(58912,'Auburn-Enumclaw Rd & 188th Ave SE')
    ,(58920,'Auburn-Enumclaw Rd & 196th Ave SE')
    ,(58960,'SE 436th St & 228th Ave SE')
    ,(58962,'SE 436th St & 236th Ave SE')
    ,(58964,'SE 436th St & 228th Ave SE')
    ,(58965,'SE 436th St & 236th Ave SE')
    ,(58980,'Griffin Ave & Farrelly St')
    ,(58990,'Griffin Ave & Florence St')
    ,(590,'3rd Ave & Pine St')
    ,(5900,'Phinney Ave N & N 61st St')
    ,(59010,'Griffin Ave & Pioneer St')
    ,(59020,'Griffin Ave & Montgomery Ave')
    ,(59029,'Griffin Ave & Wells St')
    ,(59031,'Griffin Ave & 1st St')
    ,(59032,'Wells St & Griffin Ave')
    ,(59033,'Griffin Ave & Roosevelt Ave E')
    ,(59034,'Semanski St & Christianson Ave')
    ,(59035,'Semanski St & Warner Ave')
    ,(59036,'Roosevelt Ave & Semanski St')
    ,(59037,'Roosevelt Ave & Melody Ln')
    ,(59038,'Roosevelt Ave & Myrtine St')
    ,(59041,'Cole St & Stevenson Ave')
    ,(59047,'124th Ave SE & SE 316th St')
    ,(59050,'SE 320th St & 104th Ave SE')
    ,(59053,'124th Ave SE & SE 312th St')
    ,(59057,'124th Ave SE & SE 310th St')
    ,(59059,'124th Ave SE & SE 304th St')
    ,(59060,'112th Ave SE & SE 312th St')
    ,(59061,'124th Ave SE & SE 300th Way')
    ,(59062,'124th Ave SE & SE 282nd St')
    ,(59063,'SE 277th Pl & 124th Ave SE')
    ,(59064,'124th Ave SE & SE 300th Way')
    ,(59065,'124th Ave SE & SE 296th Way')
    ,(59066,'124th Ave SE & SE 296th Way')
    ,(59067,'SE 276th Pl & 127th Ave SE')
    ,(59069,'124th Ave SE & SE 288th Pl')
    ,(59070,'112th Ave SE & SE 320th St')
    ,(59073,'SE 278th Pl & 132nd Ave SE')
    ,(59077,'132nd Ave SE & SE 274th St')
    ,(59084,'Lea Hill Rd SE & 106th Pl SE')
    ,(59086,'Lea Hill Rd SE & 107th Pl SE')
    ,(59094,'112th Ave SE & SE 316th Pl')
    ,(59096,'112th Ave SE & SE 315th St')
    ,(5910,'Phinney Ave N & N 59th St')
    ,(59110,'8th St NE & Pike St NE')
    ,(59120,'M St NE & 6th St NE')
    ,(59171,'E Main St & D St SE')
    ,(59173,'E Main St & H St SE')
    ,(59174,'E Main St & K St SE')
    ,(59175,'M St NE & E Main St')
    ,(59176,'M St NE & 4th St NE')
    ,(59177,'M St NE & 1st St NE')
    ,(59178,'E Main St & K St NE')
    ,(59200,'M St NE & 4th St NE')
    ,(59210,'M St NE & 6th St NE')
    ,(59220,'8th St NE & Henry Rd')
    ,(59240,'SE 320th St & 104th Pl SE')
    ,(59250,'112th Ave SE & Lea Hill Rd SE')
    ,(59252,'112th Ave SE & SE 316th Pl')
    ,(59254,'112th Ave SE & SE 316th Pl')
    ,(59260,'112th Ave SE & SE 320th St')
    ,(59270,'SE 320th St & 116th Ave SE')
    ,(59272,'SE 320th St & 118th Ave SE')
    ,(59282,'SE 320th St & 122nd Ave SE')
    ,(59284,'Lea Hill Rd SE & 106th Pl SE')
    ,(59286,'Lea Hill Rd SE & 107th Pl SE')
    ,(59292,'Interurban Ave S & 48th Ave S')
    ,(59295,'Interurban Ave S & 48th Ave S')
    ,(5930,'Phinney Ave N & N 55th St')
    ,(59310,'Andover Park W & Baker Blvd - Bay 2')
    ,(59312,'Andover Park W & Baker Blvd - Bay 1')
    ,(59314,'Andover Park W & Baker Blvd - Bay 3')
    ,(59316,'Andover Park W & Baker Blvd - Bay 4')
    ,(59320,'Andover Park W & Strander Blvd')
    ,(59330,'Andover Park W & Corporate Dr N')
    ,(59340,'Andover Park W & Minkler Blvd')
    ,(59350,'Andover Park W & Midland Dr')
    ,(59353,'S 180th St & 72nd Ave S')
    ,(59354,'SW 43rd St & Oakesdale Ave SW')
    ,(59356,'SW 43rd St & Oakesdale Ave SW')
    ,(59357,'SW 43rd St & Oakesdale Ave SW')
    ,(59358,'SW 43rd St & Lind Ave SW')
    ,(59359,'SW 43rd St & E Valley Hwy')
    ,(59370,'S Carr Rd & Talbot Rd S')
    ,(59380,'S Carr Rd & Smithers Ave S')
    ,(59390,'SE Carr Rd & 103rd Ave SE')
    ,(5940,'Phinney Ave N & N 54th St')
    ,(59400,'SE Carr Rd & 106th Pl SE')
    ,(59410,'SE Petrovitsky Rd & 108th Ave SE')
    ,(59420,'SE Petrovitsky Rd & 110th Ave SE')
    ,(59430,'SE Petrovitsky Rd & 113th Pl SE')
    ,(59441,'SE Petrovitsky Rd & 122nd Pl SE')
    ,(59442,'SE Petrovitsky Rd & 122nd Pl SE')
    ,(59443,'SE Petrovitsky Rd & 118th Ave SE')
    ,(59444,'SE Petrovitsky Rd & 118th Ave SE')
    ,(59460,'SE 168th St & 116th Ave SE')
    ,(59480,'SE 168th St & 120th Ave SE')
    ,(59490,'SE 168th St & 122nd Ave SE')
    ,(59500,'SE 168th St & 124th Ave SE')
    ,(59510,'SE 168th St & 126th Ave SE')
    ,(59520,'128th Ave SE & SE 169th St')
    ,(59540,'128th Ave SE & SE 172nd St')
    ,(59550,'128th Ave SE & SE Petrovitsky Rd')
    ,(59552,'SE Petrovitsky Rd & 140th Ave SE')
    ,(59554,'161st Ave SE & SE 170th Pl')
    ,(59555,'SE Petrovitsky Rd & 134th Ave SE')
    ,(59560,'140th Ave SE & SE Petrovitsky Rd')
    ,(59561,'SE Petrovitsky Rd & SE 176th St')
    ,(59562,'SE Petrovitsky Rd & 143rd Ave SE')
    ,(59563,'SE 179th St & 152nd Pl SE')
    ,(59564,'SE 179th St & 154th Ave SE')
    ,(59565,'SE 179th St & 156th Pl SE')
    ,(59566,'SE 179th St & 159th Ave SE')
    ,(59567,'161st Ave SE & SE 179th St')
    ,(59568,'161st Ave SE & SE 176th Pl')
    ,(59569,'161st Ave SE & SE 173rd St')
    ,(59570,'140th Ave SE & SE 171st Way')
    ,(59580,'SE Fairwood Blvd & 139th Pl SE')
    ,(59590,'SE Fairwood Blvd & 138th Ave SE')
    ,(5960,'Phinney Ave N & N 50th St')
    ,(59600,'SE Fairwood Blvd & 134th Ave SE')
    ,(59602,'SE Fairwood Blvd & 160th Pl SE')
    ,(59603,'SE Fairwood Blvd & SE 168th St')
    ,(59604,'156th Ave SE & SE Fairwood Blvd')
    ,(59605,'SE Fairwood Blvd & 154th Pl SE')
    ,(59606,'SE Fairwood Blvd & SE 171st Pl')
    ,(59610,'SE 164th St & 131st Ave SE')
    ,(59612,'SE Fairwood Blvd & SE 170th St')
    ,(59613,'SE Fairwood Blvd & 150th Ave SE')
    ,(59614,'SE Fairwood Blvd & 148th Ave SE')
    ,(59615,'SE Fairwood Blvd & 145th Ave SE')
    ,(59616,'SE Fairwood Blvd & 141st Ave SE')
    ,(59630,'SE 164th St & 128th Pl SE')
    ,(59710,'116th Ave SE & SE 20th Pl')
    ,(59712,'116th Ave SE & SE 168th St')
    ,(59716,'116th Ave SE & SE 164th St')
    ,(59718,'116th Ave SE & SE 160th St')
    ,(59720,'Edmonds Ave SE & Edmonds Way SE')
    ,(59724,'Puget Dr SE & Royal Hills Dr SE')
    ,(59730,'SE Royal Hills Dr & Lake Youngs Way SE')
    ,(59740,'SE Royal Hills Dr & Gem Dr SE')
    ,(59750,'SE Royal Hills Dr & Harader Dr SE')
    ,(59751,'SE Royal Hills Dr & Harrington Pl SE')
    ,(59760,'Royal Hills Dr SE & Lake Youngs Way SE')
    ,(59772,'Puget Dr SE & SE 16th Pl')
    ,(59773,'W James St & Lincoln Ave N')
    ,(59785,'S Puget Dr & Rolling Hills Ave SE')
    ,(5980,'Phinney Ave N & N 46th St')
    ,(59800,'S Puget Dr & Grant Ave S')
    ,(59810,'S Puget Dr & Benson Rd S')
    ,(59828,'S 21st St & Smithers Ave S')
    ,(59830,'Talbot Rd S & S Renton Village Pl')
    ,(59833,'Strander Blvd & Andover Park E')
    ,(59839,'Lake Ave S & S Grady Way - Bay 4')
    ,(59841,'Sr 515 & South Grady Way')
    ,(59842,'South Renton Park & Ride - Bay 1')
    ,(59860,'Rainier Ave S & S 7th St')
    ,(59868,'SW 16th St & Lind Ave SW')
    ,(59870,'Rainier Ave S & S 4th Pl')
    ,(59872,'Oakesdale Ave SW & Boeing Cag')
    ,(59873,'Oakesdale Ave SW & Boeing Cag')
    ,(59876,'SW 27th St & Naches Ave SW')
    ,(59877,'SW 27th St & Naches Ave SW')
    ,(59881,'Tukwila Station Acs & S Longacres Way - Bay 1')
    ,(59882,'Tukwila Station Acs & S Longacres Way - Bay 2')
    ,(59891,'Rainier Ave S & S 3rd Pl')
    ,(59902,'S 7th St & Rainier Ave S')
    ,(59904,'South Renton Park & Ride - Bay 3')
    ,(59911,'Sr 167 & SW 7th St')
    ,(59934,'Sr 515 & S 15th St')
    ,(59936,'S 21st St & Smithers Ave S')
    ,(59938,'Talbot Rd S & S Renton Village Pl')
    ,(59944,'Talbot Rd S & S 23rd St')
    ,(59945,'Talbot Rd S & S 26th St')
    ,(59946,'Talbot Rd S & S 27th Pl')
    ,(59947,'Talbot Rd S & S 36th St')
    ,(59948,'Talbot Rd S & S 177th St')
    ,(59949,'Talbot Rd S & S Carr Rd')
    ,(59950,'S Puget Dr & Talbot Rd S')
    ,(59951,'Talbot Rd S & S 32nd St')
    ,(59960,'S Puget Dr & Benson Rd S')
    ,(59971,'S Puget Dr & Grant Ave S')
    ,(59974,'Puget Dr SE & Jones Pl SE')
    ,(59976,'Puget Dr SE & SE 19th St')
    ,(600,'3rd Ave & Virginia St')
    ,(6000,'N 43rd St & Phinney Ave N')
    ,(60001,'Royal Hills Dr SE & Edmonds Ave SE')
    ,(60010,'Edmonds Ave SE & SE 16th St')
    ,(60020,'116th Ave SE & SE 20th Pl')
    ,(60022,'116th Ave SE & SE 160th St')
    ,(60026,'116th Ave SE & SE 164th St')
    ,(60100,'SE 164th St & 128th Ave SE')
    ,(60120,'SE 164th St & 131st Ave SE')
    ,(60130,'SE Fairwood Blvd & 134th Ave SE')
    ,(60136,'140th Way SE & SE 158th St')
    ,(60137,'140th Way SE & SE 158th St')
    ,(60140,'SE Fairwood Blvd & 138th Ave SE')
    ,(60142,'SE 176th St & SE 171st Way')
    ,(60144,'155th Ave SE & SE 175th Pl')
    ,(60146,'SE 176th St & 147th Ave SE')
    ,(60147,'155th Ave SE & SE 175th Ct')
    ,(60148,'SE 176th St & 151st Ave SE')
    ,(60150,'SE Fairwood Blvd & 140th Ave SE')
    ,(60151,'SE Fairwood Blvd & 141st Ave SE')
    ,(60152,'SE Fairwood Blvd & 145th Ave SE')
    ,(60153,'SE Fairwood Blvd & 148th Ave SE')
    ,(60154,'SE Fairwood Blvd & 150th Ave SE')
    ,(60155,'SE Fairwood Blvd & SE 170th St')
    ,(60156,'SE Fairwood Blvd & SE 171st Pl')
    ,(60157,'SE Fairwood Blvd & 154th Pl SE')
    ,(60158,'156th Ave SE & SE Fairwood Blvd')
    ,(60159,'SE 176th St & SE Petrovitsky Rd')
    ,(60161,'SE 177th St & 140th Ave SE')
    ,(60162,'SE Fairwood Blvd & SE 168th St')
    ,(60163,'SE Fairwood Blvd & 160th Pl SE')
    ,(60164,'161st Ave SE & SE 174th St')
    ,(60165,'161st Ave SE & SE 176th Pl')
    ,(60166,'SE 179th St & 160th Ave SE')
    ,(60167,'SE 179th St & 159th Ave SE')
    ,(60168,'SE 179th St & 156th Pl SE')
    ,(60172,'SE 179th St & 154th Ave SE')
    ,(60173,'SE 179th St & 152nd Pl SE')
    ,(60174,'SE Petrovitsky Rd & SE 176th St')
    ,(60175,'SE Petrovitsky Rd & SE 176th St')
    ,(60177,'SE Petrovitsky Rd & 134th Ave SE')
    ,(60180,'128th Ave SE & SE Petrovitsky Rd')
    ,(60184,'SE Petrovitsky Rd & 128th Ave SE')
    ,(60185,'SE Petrovitsky Rd & 140th Ave SE')
    ,(60186,'SE Petrovitsky Rd & 128th Ave SE')
    ,(60190,'128th Ave SE & SE 172nd St')
    ,(6020,'N 43rd St & Fremont Ave N')
    ,(60202,'128th Ave SE & SE 169th Pl')
    ,(60220,'SE 168th St & 127th Ave SE')
    ,(60230,'SE 168th St & 125th Ave SE')
    ,(60240,'SE 168th St & 122nd Ave SE')
    ,(60250,'SE 168th St & 120th Ave SE')
    ,(60260,'SE 168th St & 117th Ave SE')
    ,(6030,'Fremont Ave N & N 41st St')
    ,(60300,'SE Petrovitsky Rd & 113th Pl SE')
    ,(60310,'SE Petrovitsky Rd & 110th Ave SE')
    ,(60320,'SE Carr Rd & 108th Ave SE')
    ,(60340,'SE Carr Rd & 103rd Ave SE')
    ,(60350,'SE Carr Rd & 98th Ave S')
    ,(60359,'Talbot Rd S & S 32nd St')
    ,(60360,'S 43rd St & Talbot Rd S')
    ,(60361,'Talbot Rd S & S Carr Rd')
    ,(60362,'Talbot Rd S & S 177th St')
    ,(60363,'Talbot Rd S & S 37th St')
    ,(60364,'Talbot Rd S & S 27th Pl')
    ,(60366,'Talbot Rd S & S 23rd St')
    ,(60367,'Talbot Rd S & S 26th St')
    ,(60370,'SW 43rd St & E Valley Hwy')
    ,(60372,'SW 43rd St & Oakesdale Ave SW')
    ,(60373,'Lind Ave SW & SW 43rd St')
    ,(60374,'SW 43rd St & Lind Ave SW')
    ,(60375,'SW 43rd St & Oakesdale Ave SW')
    ,(60376,'SW 43rd St & Oakesdale Ave SW')
    ,(60378,'S 180th St & 72nd Ave S')
    ,(60380,'Andover Park W & S 180th St')
    ,(6040,'Fremont Ave N & N 39th St')
    ,(60400,'Andover Park W & Midland Dr')
    ,(60410,'Andover Park W & Minkler Blvd')
    ,(60420,'Andover Park W & Corporate Dr N')
    ,(60428,'Andover Park W & Strander Blvd')
    ,(60435,'Baker Blvd & Andover Park W')
    ,(60450,'132nd Ave SE & SE 256th St')
    ,(60453,'Lake Meridian Park And Ride')
    ,(60454,'132nd Ave SE & SE 260th St')
    ,(60455,'132nd Ave SE & SE 263rd Pl')
    ,(60456,'132nd Ave SE & SE 266th St')
    ,(60457,'132nd Ave SE & SE 268th St')
    ,(60459,'Kent Kangley Rd & 132nd Ave SE')
    ,(60461,'Kent Kangley Rd & 127th Ave SE')
    ,(60463,'Kent Kangley Rd & 124th Ave SE')
    ,(60465,'Kent Kangley Rd & 116th Ave SE')
    ,(60467,'Kent Kangley Rd & 111th Ave SE')
    ,(60469,'Kent Kangley Rd & 108th Ave SE')
    ,(60471,'Kent Kangley Rd & 108th Ave SE')
    ,(60473,'Kent Kangley Rd & 111th Ave SE')
    ,(60475,'Kent Kangley Rd & 127th Ave SE')
    ,(60477,'Kent Kangley Rd & 124th Ave SE')
    ,(60479,'Kent Kangley Rd & 116th Ave SE')
    ,(60480,'Kent Kangley Rd & 132nd Ave SE')
    ,(60482,'132nd Ave SE & SE Kent-Kangley Rd')
    ,(60484,'132nd Ave SE & SE 266th St')
    ,(60485,'SE 272nd St & 144th Ave SE')
    ,(60486,'132nd Ave SE & SE 260th St')
    ,(60487,'132nd Ave SE & SE 263rd Pl')
    ,(60489,'SE 272nd St & 132nd Ave SE')
    ,(60490,'SE 272nd St & 150th Pl SE')
    ,(60491,'SE 272nd St & 137th Ave SE')
    ,(60494,'SE 272nd St & 137th Ave SE')
    ,(60498,'SW Campus Dr & 1st Ave S')
    ,(60499,'SW Campus Dr & 1st St S')
    ,(605,'3rd Ave & Bell St')
    ,(6050,'Aurora Ave N & N 38th St')
    ,(60500,'1st Ave S & S 348th St')
    ,(60505,'1st Way S & S 344th St')
    ,(60510,'1st Way S & 1st Pl S')
    ,(60515,'1st Way S & S 340th St')
    ,(60520,'1st Way S & S 336th St')
    ,(60526,'SW Campus Dr & 21st Ave SW')
    ,(60527,'SW Campus Dr & 17th Ave SW')
    ,(60528,'SW Campus Dr & 10th Ave SW')
    ,(60529,'SW Campus Dr & 7th Way SW')
    ,(60531,'SW Campus Dr & 6th Ave SW')
    ,(60534,'S 336th St & 9th Ave S')
    ,(60537,'S 336th St & 13th Pl S')
    ,(60557,'S 324th St & 11th Pl S')
    ,(60566,'S 336th St & Pacific Hwy S')
    ,(60567,'S 336th St & 13th Pl S')
    ,(60568,'1st Way S & S 336th St')
    ,(60569,'S 336th St & 10th Pl S')
    ,(60571,'1st Way S & S 340th St')
    ,(60573,'9th Ave S & S 344th St')
    ,(60574,'1st Way S & 1st Pl S')
    ,(60575,'9th Ave S & S 344th St')
    ,(60576,'9th Ave S & S 344th St')
    ,(60577,'1st Ave S & S 344th St')
    ,(60578,'9th Ave S & S 336th St')
    ,(60579,'1st Ave S & SW Campus Dr')
    ,(60580,'9th Ave S & S 336th St')
    ,(60581,'SW Campus Dr & 6th Ave SW')
    ,(60582,'SW Campus Dr & 7th Way SW')
    ,(60583,'SW Campus Dr & 10th Ave SW')
    ,(60584,'SW Campus Dr & 10th Ave SW')
    ,(60585,'SW Campus Dr & 17th Ave SW')
    ,(6060,'Aurora Ave N & Halladay St')
    ,(60605,'1st Way S & S 333rd St')
    ,(60620,'Pacific Hwy S & S 336th St')
    ,(60632,'Pacific Hwy S & S 330th St')
    ,(60634,'S 324th St & 17th Ave S')
    ,(60636,'S 324th St & 17th Ave S')
    ,(60637,'23rd Ave S & S 322nd St')
    ,(60638,'S 320th St & 23rd Ave S')
    ,(60640,'S 320th St & 20th Ave S')
    ,(60646,'S 333rd St & 1st Way S')
    ,(60660,'Pacific Hwy S & S 316th St')
    ,(60670,'Pacific Hwy S & S 312th St')
    ,(60680,'Pacific Hwy S & S 308th St')
    ,(6070,'Aurora Ave N & Lynn St')
    ,(6071,'Seacrest Marina & Harbor Ave SW')
    ,(60710,'Pacific Hwy S & S Dash Point Rd')
    ,(6072,'Harbor Ave SW & California Way SW')
    ,(60720,'Pacific Hwy S & S 288th St')
    ,(60729,'Pacific Hwy S & S 283rd St')
    ,(60748,'Pacific Hwy S & S 276th St')
    ,(60750,'Pacific Hwy S & S 272nd St')
    ,(60752,'Pacific Hwy S & S 268th St')
    ,(60760,'Pacific Hwy S & S 260th St')
    ,(60780,'Pacific Hwy S & S 252nd St')
    ,(60790,'Pacific Hwy S & S 246th St')
    ,(6080,'Aurora Ave N & Crockett St')
    ,(60800,'Pacific Hwy S & Kent Des Moines Rd')
    ,(60806,'S 333rd St & 9th Ave S')
    ,(60808,'S 333rd St & 8th Ave S')
    ,(60810,'Pacific Hwy S & S 224th St')
    ,(60815,'S 333rd St & 8th Ave S')
    ,(60817,'Private Rd & S 333rd St')
    ,(60821,'S 324th St & 13th Pl S')
    ,(60830,'International Blvd & S 216th St')
    ,(60840,'International Blvd & S 208th St')
    ,(60850,'International Blvd & S 200th St')
    ,(60860,'International Blvd & S 195th St')
    ,(60880,'International Blvd & S 188th St')
    ,(60890,'International Blvd & S 180th St')
    ,(60900,'International Blvd & S 176th St - Bay 2')
    ,(60902,'S 176th St & International Blvd - Bay 4')
    ,(60903,'S 176th St & 30th Ave S - Bay 3')
    ,(60904,'S 176th St & 34th Ave S')
    ,(60906,'S 176th St & 34th Ave S')
    ,(60908,'S 176th St & 38th Ave S')
    ,(60909,'S 176th St & 42nd Ave S')
    ,(60910,'International Blvd & S 170th St')
    ,(60911,'S 176th St & 38th Ave S')
    ,(60914,'S 176th St & 42nd Ave S')
    ,(60915,'S 176th St & Military Rd S')
    ,(60916,'S 176th St & Military Rd S')
    ,(60920,'Tukwila Intl Blvd & S 152nd St')
    ,(60921,'Tukwila International Blvd Station - Bay 1')
    ,(60922,'Tukwila International Blvd Station - Bay 2')
    ,(60923,'Tukwila International Blvd Station - Bay 3')
    ,(60930,'Tukwila Intl Blvd & S 148th St')
    ,(60950,'Tukwila Intl Blvd & S 144th St')
    ,(60958,'Tukwila Intl Blvd & S 141st St')
    ,(60970,'Tukwila Intl Blvd & S 133rd St')
    ,(60980,'Tukwila Intl Blvd & S 130th St')
    ,(60983,'Tukwila Intl Blvd & Sr 99 Ramp')
    ,(60990,'Tukwila Intl Blvd & S 130th St')
    ,(6100,'Aurora Ave N & Galer St')
    ,(61000,'Tukwila Intl Blvd & S 133rd St')
    ,(61012,'Tukwila Intl Blvd & S 141st St')
    ,(61020,'Tukwila Intl Blvd & S 144th St')
    ,(61040,'Tukwila Intl Blvd & S 148th St')
    ,(61060,'International Blvd & S 160th St')
    ,(61070,'International Blvd & S 170th St')
    ,(61080,'International Blvd & S 176th St - Bay 1')
    ,(61082,'Seatac Airport Acs & International Blvd')
    ,(61090,'International Blvd & S 182nd St')
    ,(61100,'International Blvd & S 188th St')
    ,(61110,'International Blvd & S 195th St')
    ,(61120,'International Blvd & S 200th St')
    ,(61140,'International Blvd & S 208th St')
    ,(61150,'Pacific Hwy S & S 216th St')
    ,(61170,'Pacific Hwy S & S 224th St')
    ,(61180,'Pacific Hwy S & S 240th St')
    ,(61190,'Pacific Hwy S & S 246th St')
    ,(6120,'Aurora Ave N & Prospect St')
    ,(61201,'Pacific Hwy S & S 252nd St')
    ,(61220,'Pacific Hwy S & S 260th St')
    ,(61230,'Pacific Hwy S & S 268th St')
    ,(61240,'Pacific Hwy S & S 272nd St')
    ,(61243,'Pacific Hwy S & S 276th St')
    ,(61270,'Pacific Hwy S & S 288th St')
    ,(61280,'Pacific Hwy S & S Dash Point Rd')
    ,(61300,'Pacific Hwy S & S 308th St')
    ,(61310,'Pacific Hwy S & S 312th St')
    ,(61313,'S 316th St & Pacific Hwy S')
    ,(61330,'S 320th St & Pacific Hwy S')
    ,(61332,'S 320th St & 20th Ave S')
    ,(61335,'23rd Ave S & S 322nd St')
    ,(61336,'S 324th St & Pebble Beach Cir')
    ,(61338,'S 324th St & 17th Ave S')
    ,(61340,'Pacific Hwy S & S 324th St')
    ,(61342,'Pacific Hwy S & S 330th St')
    ,(61378,'SW 320th St & 26th Ave SW')
    ,(61380,'SW 320th St & 30th Ave SW')
    ,(61390,'SW 320th St & SW 323rd St')
    ,(61400,'SW 320th St & 36th Ave SW')
    ,(61410,'SW 320th St & 41st Ave SW')
    ,(61420,'SW 320th St & 47th Ave SW')
    ,(61421,'Norpoint Way NE & 29th St NE')
    ,(61422,'Hoyt Rd SW & SW 323rd St')
    ,(61423,'Norpoint Way NE & 29th St NE')
    ,(61424,'Hoyt Rd SW & SW 326th St')
    ,(61425,'Norpoint Way NE & 57th Ave NE')
    ,(61426,'Hoyt Rd SW & SW 329th Way')
    ,(61427,'Norpoint Way NE & 57th Ave NE')
    ,(61428,'Norpoint Way NE & 49th Ave NE')
    ,(61429,'Norpoint Way NE & 49th Ave NE')
    ,(61430,'Hoyt Rd SW & SW 331st Pl')
    ,(61431,'Norpoint Way NE & NE 53rd Pl')
    ,(61433,'Norpoint Way NE & 53rd Ave NE')
    ,(61435,'Hoyt Rd SW & SW 338th St')
    ,(61437,'39th Ave SW & SW 340th St')
    ,(61441,'9th Ave S & S 348th St')
    ,(61442,'S 348th St & 6th Ave S')
    ,(61443,'1st Ave S & SW Campus Dr')
    ,(61444,'SW 356th St & 1st Ave S')
    ,(61445,'SW 356th St & 8th Ave SW')
    ,(61446,'SW 356th St & 13th Way SW')
    ,(61447,'SW 356th St & 18th Ave SW')
    ,(61448,'SW 356th St & 21st Ave SW')
    ,(61450,'SW 342nd St & 38th Pl SW')
    ,(61453,'49th Ave NE & Norpoint Way NE')
    ,(61454,'49th Ave NE & 38th St NE')
    ,(61456,'49th Ave NE & 38th St NE')
    ,(61460,'SW 342nd St & 35th Ave SW')
    ,(61462,'SW 356th St & 14th Ave SW')
    ,(61463,'SW 356th St & 8th Ave SW')
    ,(61464,'1st Ave S & S 356th St')
    ,(61465,'1st Ave S & S 348th St')
    ,(61466,'S 348th St & 6th Ave S')
    ,(61467,'9th Ave S & S 348th St')
    ,(61468,'49th Ave NE & 35th St NE')
    ,(61470,'35th Ave SW & SW 340th Pl')
    ,(61473,'SW 340th St & 35th Ave SW')
    ,(61478,'29th St NE & 62nd Ave NE')
    ,(61480,'35th Ave SW & SW 336th St')
    ,(61490,'35th Ave SW & SW 332nd Pl')
    ,(61493,'29th St NE & 62nd Ave NE')
    ,(61500,'35th Ave SW & SW 328th Pl')
    ,(61510,'35th Ave SW & SW 327th St')
    ,(61520,'35th Ave SW & SW 325th St')
    ,(61530,'SW 325th St & 32nd Ave SW')
    ,(61540,'SW 327th St & 30th Ave SW')
    ,(61550,'SW 327th St & 26th Ave SW')
    ,(61560,'26th Ave SW & SW 323rd St')
    ,(61570,'26th Ave SW & 27th Ave SW')
    ,(61580,'26th Ave SW & SW 320th St')
    ,(61740,'S 312th St & 6th Ave S')
    ,(61750,'S 312th St & 4th Ave S')
    ,(6176,'7th Ave N & Thomas St')
    ,(61760,'SW 312th St & 1st Ave S')
    ,(61780,'SW 312th St & 4th Ave SW')
    ,(61790,'SW 312th St & 6th Pl SW')
    ,(61800,'SW 312th St & 8th Ave SW')
    ,(61810,'SW 312th St & 10th Ct SW')
    ,(61820,'SW 312th St & 14th Ave SW')
    ,(61830,'SW 312th St & SW Dash Point Rd')
    ,(61870,'SW 320th St & 21st Ave SW')
    ,(619,'4th Ave S & S Jackson St')
    ,(6190,'7th Ave & Blanchard St')
    ,(61996,'45th Ave NE & 45th St NE')
    ,(61997,'41st St NE & 45th Ave NE')
    ,(61998,'41st St NE & 49th Ave NE')
    ,(61999,'49th Ave NE & 42nd St NE')
    ,(620,'4th Ave S & S Jackson St')
    ,(62002,'SW 336th St & 21st Ave SW')
    ,(62004,'SW 336th St & 26th Pl SW')
    ,(62005,'SW 336th Way & SW 337th St')
    ,(62006,'SW 336th Way & SW 340th Pl')
    ,(62008,'SW 340th St & 31st Ave SW')
    ,(62079,'SE 264th St & 242nd Ave SE')
    ,(62081,'SE Kent-Kangley Rd & Maple Vally - Black Diamond Rd SE')
    ,(62083,'SE Kent-Kangley Rd & 235th Ave SE')
    ,(62085,'SE 272nd St & Witte Rd SE')
    ,(62089,'SE 272nd St & 213th Pl SE')
    ,(62094,'SE 272nd St & 204th Ave SE')
    ,(62096,'SE 272nd St & 201st Ave SE')
    ,(62097,'SE 272nd St & 195th Ave SE')
    ,(62100,'192nd Ave SE & SE 272nd St')
    ,(62102,'192nd Ave SE & SE 269th St')
    ,(62104,'Timberlane Way SE & SE 267th St')
    ,(62106,'Timberlane Way SE & SE 265th St')
    ,(62108,'Timberlane Way SE & Timberlane Dr SE')
    ,(62112,'SE Timberlane Blvd & Timberlane Way SE')
    ,(62114,'SE 262nd Pl & 184th Ave SE')
    ,(62116,'SE 262nd Pl & 180th Ave SE')
    ,(62117,'180th Ave SE & SE 266th Pl')
    ,(62133,'SE Wax Rd & SE 272nd St')
    ,(62139,'SE 272nd St & 164th Ave SE')
    ,(62142,'SE 272nd St & 156th Ave SE')
    ,(62144,'SE 272nd St & 152nd Way SE')
    ,(62151,'SE 272nd St & 172nd Ave SE')
    ,(62157,'SE 272nd St & 169th Pl SE')
    ,(62159,'SE 272nd St & 144th Ave SE')
    ,(62173,'132nd Ave SE & SE 256th St')
    ,(62175,'132nd Ave SE & SE 248th St')
    ,(62177,'SE 256th St & 132nd Ave SE')
    ,(62178,'SE 256th St & 127th Ave SE')
    ,(62180,'SE 256th St & 124th Ave SE')
    ,(62184,'SE 256th St & 118th Pl SE')
    ,(62186,'SE 256th St & 116th Ave SE')
    ,(62187,'132nd Ave SE & SE 253rd Pl')
    ,(62189,'132nd Ave SE & SE 253rd Pl')
    ,(62190,'SE 256th St & 113th Ave SE')
    ,(62194,'SE 256th St & 109th Ave SE')
    ,(62196,'SE 256th St & Kent Kangley Rd')
    ,(62198,'SE 256th St & 101st Ave SE')
    ,(6220,'7th Ave & Blanchard St')
    ,(62202,'Canyon Dr SE & S 252nd St')
    ,(62204,'Canyon Dr SE & 94th Ave S')
    ,(62208,'Canyon Dr SE & Alvord Ave')
    ,(62212,'E Smith St & Jason Ave N')
    ,(62213,'E Smith St & State Ave N')
    ,(62214,'E Gowe St & Central Ave S')
    ,(62216,'State Ave N & E Smith St')
    ,(62220,'Canyon Dr SE & E Titus St')
    ,(62228,'Canyon Dr SE & 94th Ave S')
    ,(62230,'Canyon Dr SE & S 252nd St')
    ,(62234,'SE 256th St & 101st Ave SE')
    ,(62236,'SE 256th St & 106th Ave SE')
    ,(62287,'SE 272nd St & 150th Pl SE')
    ,(62288,'SE 272nd St & 152nd Ave SE')
    ,(62290,'SE 272nd St & 156th Ave SE')
    ,(62293,'SE 272nd St & 172nd Ave SE')
    ,(62294,'SE 272nd St & 164th Ave SE')
    ,(62299,'SE 272nd St & 169th Pl SE')
    ,(62301,'SE Wax Rd & 176th Pl SE')
    ,(62303,'180th Ave SE & SE 267th Pl')
    ,(62307,'SE 272nd St & 201st Ave SE')
    ,(62309,'SE 272nd St & 204th Ave SE')
    ,(62313,'SE 272nd St & 213th Pl SE')
    ,(62316,'SE 262nd Pl & 180th Ave SE')
    ,(62317,'SE 272nd St & 228th Ave SE')
    ,(62318,'SE 262nd Pl & 184th Ave SE')
    ,(62319,'SE Kent-Kangley Rd & 235th Ave SE')
    ,(62320,'SE Timberlane Blvd & Timberlane Way SE')
    ,(62324,'Timberlane Way SE & Timberlane Dr SE')
    ,(62326,'Timberlane Way SE & SE 265th St')
    ,(62328,'192nd Ave SE & SE 267th St')
    ,(62329,'NE Redmond Fall City Rd & 185th Ave NE')
    ,(62331,'SE 272nd St & 209th Ave SE')
    ,(62332,'192nd Ave SE & SE 270th Pl')
    ,(62333,'SE 272nd St & 207th Ave SE')
    ,(62337,'188th Ave NE & Redmond Fall City Rd')
    ,(62338,'NE Redmond Fall City Rd & 188th Ave NE')
    ,(62339,'NE 65th St & 188th Ave NE')
    ,(62341,'NE 65th St & 185th Ave NE')
    ,(6236,'7th Ave N & Denny Way')
    ,(6237,'7th Ave N & Harrison St')
    ,(62370,'Mercer Village Shopping Center & SE 68th St')
    ,(62380,'SE 68th St & Island Crest Way')
    ,(6240,'Dexter Ave N & Denny Way');

INSERT INTO stations(stations_id,stations_street) 
VALUES
    (625,'S Washington St & 4th Ave S')
    ,(628,'4th Ave S & S Washington St')
    ,(6290,'Aurora Ave N & Prospect St')
    ,(6300,'Aurora Ave N & Galer St')
    ,(6310,'Aurora Ave N & Crockett St')
    ,(6320,'Aurora Ave N & Lynn St')
    ,(63210,'84th Ave SE & SE 72nd St')
    ,(63215,'84th Ave SE & SE 72nd St')
    ,(63220,'SE 78th St & 84th Ave SE')
    ,(63240,'Island Crest Way & SE 78th St')
    ,(63260,'Island Crest Way & SE 71st St')
    ,(63261,'77th Ave SE & SE 27th St')
    ,(63270,'Island Crest Way & SE 68th St')
    ,(63280,'Island Crest Way & SE 63rd St')
    ,(63290,'Island Crest Way & SE 61st St')
    ,(6330,'Aurora Ave N & Halladay St')
    ,(63300,'Island Crest Way & SE 58th St')
    ,(63305,'Island Crest Way & SE 54th Pl')
    ,(63310,'Island Crest Way & SE 53rd St')
    ,(63320,'Island Crest Way & SE 48th St')
    ,(63330,'Island Crest Way & SE 47th St')
    ,(63340,'Island Crest Way & 86th Ave SE')
    ,(63350,'86th Ave SE & SE 45th St')
    ,(63360,'86th Ave SE & SE 44th St')
    ,(63370,'86th Ave SE & SE 42nd St')
    ,(63380,'86th Ave SE & SE 40th St')
    ,(6340,'Aurora Ave N & N 38th St')
    ,(63404,'Island Crest Way & SE 39th St')
    ,(63462,'78th Ave SE & SE 28th St')
    ,(63490,'Island Crest Way & SE 32nd St')
    ,(63500,'Island Crest Way & 82nd Ave SE')
    ,(63515,'SE 40th St & 85th Ave SE')
    ,(63520,'86th Ave SE & SE 40th St')
    ,(63530,'86th Ave SE & SE 42nd St')
    ,(63540,'86th Ave SE & SE 44th St')
    ,(63550,'86th Ave SE & SE 44th Pl')
    ,(63560,'Island Crest Way & SE 46th St')
    ,(63570,'Island Crest Way & SE 47th St')
    ,(63580,'Island Crest Way & SE 48th St')
    ,(63590,'Island Crest Way & SE 53rd St')
    ,(63595,'Island Crest Way & SE 54th St')
    ,(6360,'Fremont Ave N & N 39th St')
    ,(63600,'Island Crest Way & SE 58th St')
    ,(63610,'Island Crest Way & SE 61st St')
    ,(63620,'Island Crest Way & SE 63rd St')
    ,(63622,'Island Crest Way & SE 68th St')
    ,(63630,'Island Crest Way & SE 68th St')
    ,(63640,'Island Crest Way & SE 71st St')
    ,(63660,'Island Crest Way & SE 78th St')
    ,(63680,'SE 78th St & 84th Ave SE')
    ,(63685,'84th Ave SE & SE 72nd St')
    ,(63690,'84th Ave SE & SE 72nd St')
    ,(63714,'77th Ave SE & SE 27th St')
    ,(63732,'78th Ave SE & SE 40th St')
    ,(63733,'78th Ave SE & SE 40th St')
    ,(63735,'78th Ave SE & SE 32nd St')
    ,(63736,'78th Ave SE & SE 32nd St')
    ,(63737,'78th Ave SE & SE 28th St')
    ,(63741,'78th Ave SE & SE 37th St')
    ,(63742,'78th Ave SE & SE 37th St')
    ,(63743,'SE 40th St & 81st Ave SE')
    ,(63744,'SE 40th St & 80th Ave SE')
    ,(6380,'Fremont Ave N & N 41st St')
    ,(63811,'NE 68th St & 180th Ave NE')
    ,(63812,'Willows Rd NE & NE 95th St')
    ,(63814,'Willows Rd NE & NE 100th St')
    ,(640,'4th Ave & James St')
    ,(6400,'N 43rd St & Fremont Ave N')
    ,(64048,'SE 24th St & 70th Ave SE')
    ,(64065,'N Mercer Way & 80th Ave SE - Bay 2')
    ,(64140,'N Mercer Way & 80th Ave SE - Bay 1')
    ,(64143,'76th Ave SE & SE 24th St')
    ,(64145,'N Mercer Way & 76th Ave SE')
    ,(6420,'Phinney Ave N & N 43rd St')
    ,(64265,'SE Fall City-Snoqualmie Rd & SE 47th Pl')
    ,(64270,'SE Fall City-Snoqualmie Rd & 361st Ave SE')
    ,(64275,'SE Fall City-Snoqualmie Rd & 356th Dr SE')
    ,(64285,'SE Fall City-Snoqualmie Rd & SE Fish Hatchery Rd')
    ,(64287,'SE Fall City-Snoqualmie Rd & 356th Ave SE')
    ,(64288,'SE Fall City-Snoqualmie Rd & 361st Ave SE')
    ,(64290,'SE Fall City-Snoqualmie Rd & 372nd Ave SE')
    ,(64295,'SE Fall City-Snoqualmie Rd & 367th Ave SE')
    ,(64296,'SE Fall City-Snoqualmie Rd & 367th Ave SE')
    ,(64308,'Factory Outlet Mall Acs & Mount Si Blvd')
    ,(64326,'Sr 203 & W Bird St')
    ,(64329,'Bendigo Blvd N & W 2nd St')
    ,(64330,'Bendigo Blvd N & Sidney Ave N')
    ,(64332,'Railroad Ave SE & SE Newton St')
    ,(64333,'Railroad Ave SE & SE Northern St')
    ,(64340,'Bendigo Blvd N & Sydney Ave')
    ,(64341,'Bendigo Blvd N & W 2nd St')
    ,(64358,'Douglas Ave SE & Baker Ave SE')
    ,(64360,'SE Redmond-Fall City Rd & 337th Pl SE')
    ,(64364,'Sr 203 & NE 40th St')
    ,(64366,'Sr 203 & NE 40th St')
    ,(64370,'SE 42nd Pl & 334th Pl SE')
    ,(64375,'Kelly Rd NE & 320th Way NE')
    ,(64378,'NE Big Rock Rd & NE 109th St')
    ,(64379,'NE Big Rock Rd & 322nd Ave NE')
    ,(64380,'SE Redmond Fall City Rd & 337th Pl SE')
    ,(64382,'Kelly Rd NE & NE Big Rock Rd')
    ,(64383,'NE Big Rock Rd & Carnation Duvall Rd NE')
    ,(64384,'NE Big Rock Rd & 279th Ln NE')
    ,(64385,'Kelly Rd NE & 320th Way NE')
    ,(64386,'NE Big Rock Rd & 279th Ln NE')
    ,(64387,'NE Big Rock Rd & Carnation Duvall Rd NE')
    ,(64388,'NE Big Rock Rd & 322nd Ave NE')
    ,(64395,'SE Fall City-Snoqualmie Rd & Tokul Rd')
    ,(64397,'Railroad Avenue Southeast Ave SE & SE Northern St')
    ,(64398,'Railroad Ave SE & Snoqualmie Pkwy')
    ,(64399,'Railroad Ave SE & SE River St')
    ,(6440,'Phinney Ave N & N 46th St')
    ,(64401,'Snoqualmie Pkwy & Better Way Loop SE')
    ,(64402,'Snoqualmie Pkwy & Better Way Loop SE')
    ,(64403,'Snoqualmie Pkwy & Railroad Ave SE')
    ,(64405,'Snoqualmie Pkwy & Orchard Ave SE')
    ,(64406,'Snoqualmie Pkwy & Orchard Ave SE')
    ,(64408,'Snoqualmie Pkwy & Fisher Ave SE')
    ,(64409,'Fairway Ave SE & Aspen Ln')
    ,(64411,'Fairway Ave SE & SE Ridge St')
    ,(64413,'SE Ridge St & Center Blvd SE')
    ,(64414,'SE Ridge St & Douglas Ave SE')
    ,(64415,'Snoqualmie Pkwy & Swenson Dr SE')
    ,(64416,'I-90 & 270th Ave SE')
    ,(64417,'Snoqualmie Pkwy & Swenson Dr SE')
    ,(64419,'Snoqualmie Pkwy & Fisher Ave SE')
    ,(64421,'Snoqualmie Pkwy & SE Jacobia St')
    ,(64425,'Snoqualmie Pkwy & SE Jacobia St')
    ,(64435,'SE Fall City-Snoqualmie Rd & Tokul Rd')
    ,(64448,'SE Bush St & Rainier Blvd S')
    ,(64450,'Maple St NW & NW Gilman Blvd')
    ,(64451,'Maple St NW & NW Gilman Blvd')
    ,(64456,'Front St N & NE Crescent Dr')
    ,(64464,'SE 56th St & 221st Pl SE')
    ,(64465,'SE 56th St & East Lake Sammamish Pkwy SE')
    ,(64466,'SE 56th St & East Lake Sammamish Pkwy SE')
    ,(64467,'NW Sammamish Rd & 11th Ave NW')
    ,(64468,'NW Sammamish Rd & 11th Ave NW')
    ,(64470,'I-90 & 270th Ave SE')
    ,(64480,'E Sunset Way & 6th Ave NE')
    ,(64490,'E Sunset Way & 5th Ave NE')
    ,(64502,'E Sunset Way & 1st Ave NE')
    ,(64512,'SE Bush St & Rainier Blvd S')
    ,(64540,'Front St N & NE Alder St')
    ,(64545,'Issaquah Highlands Park & Ride - Bay 1')
    ,(64548,'Front St N & NE Dogwood St')
    ,(64549,'9th Ave NE & NE Ellis Dr')
    ,(64554,'Front St N & NW Holly St')
    ,(64555,'Issaquah Transit Center - Bay 2')
    ,(64557,'NW Gilman Blvd & 4th Ave NW')
    ,(64559,'NW Gilman Blvd & 4th Ave NW')
    ,(64561,'Issaquah Highlands Park & Ride - Bay 4')
    ,(64566,'Issaquah Highlands Park & Ride - Bay 3')
    ,(64568,'NW Gilman Blvd & Rainier Blvd N')
    ,(64569,'NW Maple St & 12th Ave NW')
    ,(64572,'NW Gilman Blvd & NW Juniper St')
    ,(64579,'Issaquah Transit Center - Bay 1')
    ,(64582,'NW Gilman Blvd & 7th Ave NW')
    ,(64583,'NW Sammamish Rd & 17th Ave NW')
    ,(64584,'NW Sammamish Rd & 15th Pl NW')
    ,(64585,'Issaquah Transit Center - Bay 3')
    ,(64586,'NW Gilman Blvd & 7th Ave NW')
    ,(64588,'West Lake Sammamish Pkwy SE & SE 51st St')
    ,(64589,'West Lake Sammamish Pkwy SE & 193rd Pl SE')
    ,(64590,'Issaquah Transit Center - Bay 6')
    ,(64591,'West Lake Sammamish Pkwy SE & 192nd Ave SE')
    ,(64592,'Issaquah Transit Center - Bay 5')
    ,(64593,'Issaquah Transit Center - Bay 4')
    ,(64594,'West Lake Sammamish Pkwy SE & 188th Ave SE')
    ,(64598,'West Lake Sammamish Pkwy SE & 184th Ave SE')
    ,(6460,'Phinney Ave N & N 50th St')
    ,(64600,'West Lake Sammamish Pkwy SE & 182nd Ave SE')
    ,(64605,'West Lake Sammamish Pkwy SE & Lakemont Blvd SE')
    ,(64610,'SE Newport Way & 172nd Ave SE')
    ,(64620,'SE Newport Way & 165th Pl SE')
    ,(64630,'SE Newport Way & 163rd Ave SE')
    ,(64640,'SE Newport Way & 161st Ave SE')
    ,(64650,'SE Newport Way & 156th Ave SE')
    ,(64660,'SE Newport Way & 152nd Ave SE')
    ,(64670,'SE Newport Way & 151st Ave SE')
    ,(64720,'SE Allen Rd & 142nd Ave SE')
    ,(64730,'SE Allen Rd & 140th Ave SE')
    ,(64740,'SE Allen Rd & 139th Ave SE')
    ,(64760,'SE Allen Rd & SE Newport Way')
    ,(64768,'SE Newport Way & SE 42nd Pl')
    ,(64769,'SE Newport Way & SE 42nd Pl')
    ,(64770,'SE Newport Way & 133rd Ave SE')
    ,(64780,'SE Newport Way & 129th Pl SE')
    ,(64790,'Factoria Blvd SE & Coal Creek Pkwy SE')
    ,(648,'4th Ave & Cherry St')
    ,(6480,'Phinney Ave N & N 53rd St')
    ,(64800,'Coal Creek Pkwy SE & 124th Ave SE')
    ,(64802,'124th Ave SE & SE 44th St')
    ,(64830,'Coal Creek Pkwy SE & 124th Ave SE')
    ,(64835,'SE 41st Pl & 124th Ave SE')
    ,(64840,'Factoria Blvd SE & Coal Creek Pkwy SE')
    ,(64845,'SE Newport Way & Factoria Blvd SE')
    ,(64870,'SE Allen Rd & SE Newport Way')
    ,(64890,'SE Allen Rd & 139th Ave SE')
    ,(6490,'Phinney Ave N & N 55th St')
    ,(64900,'SE Allen Rd & 140th Ave SE')
    ,(64910,'SE Allen Rd & 142nd Ave SE')
    ,(64955,'146th Ave SE & SE Eastgate Dr')
    ,(64956,'146th Ave SE & SE Eastgate Dr')
    ,(64957,'SE Allen Rd & 146th Ave SE')
    ,(64958,'SE Allen Rd & 146th Ave SE')
    ,(64960,'SE Newport Way & 151st Ave SE')
    ,(64970,'SE Newport Way & 152nd Ave SE')
    ,(64980,'SE Newport Way & 156th Ave SE')
    ,(64990,'SE Newport Way & 161st Ave SE')
    ,(65000,'SE Newport Way & 163rd Ave SE')
    ,(65010,'SE Newport Way & 165th Pl SE')
    ,(65014,'SE Newport Way & Lakemont Blvd SE')
    ,(65015,'Lakemont Blvd SE & SE Newport Way')
    ,(65020,'SE Newport Way & SE 42nd Pl')
    ,(65030,'West Lake Sammamish Pkwy SE & 182nd Ave SE')
    ,(65034,'West Lake Sammamish Pkwy SE & 184th Ave SE')
    ,(65036,'West Lake Sammamish Pkwy SE & 186th Ave SE')
    ,(65038,'West Lake Sammamish Pkwy SE & 188th Ave SE')
    ,(65039,'West Lake Sammamish Pkwy SE & 192nd Ave SE')
    ,(65042,'West Lake Sammamish Pkwy SE & 193rd Pl SE')
    ,(65044,'West Lake Sammamish Pkwy SE & SE 51st St')
    ,(65048,'NW Sammamish Rd & 15th Pl NW')
    ,(65049,'NW Sammamish Rd & 15th Pl NW')
    ,(65090,'Front St N & NE Alder St')
    ,(65092,'Newport Way SW & W Sunset Way')
    ,(6510,'Phinney Ave N & N 58th St')
    ,(65130,'E Sunset Way & 5th Ave NE')
    ,(65140,'E Sunset Way Trailhead')
    ,(65150,'Highlands Dr NE & NE Ellis Dr')
    ,(65157,'SE Newport Way & Somerset Blvd SE')
    ,(65159,'SE Newport Way & SE Allen Rd')
    ,(6520,'Phinney Ave N & N 60th St')
    ,(65252,'Newcastle Way & Coal Creek Pkwy SE')
    ,(65287,'Newcastle Way & 132nd Pl SE')
    ,(65300,'SE Eastgate Way & Richards Rd')
    ,(65305,'SE Eastgate Way & 146th Pl SE')
    ,(65320,'SE Eastgate Way & 150th Ave SE')
    ,(65322,'SE Eastgate Way & 139th Ave SE')
    ,(65323,'SE Eastgate Way & 160th Ave SE')
    ,(65325,'SE Eastgate Way & 146th Pl SE')
    ,(65328,'SE Eastgate Way & 158th Ave SE')
    ,(65329,'SE Eastgate Way & 158th Ave SE')
    ,(65335,'SE Eastgate Way & SE 35th Pl')
    ,(6540,'Phinney Ave N & N 64th St')
    ,(65400,'Newcastle Way & 129th Ave SE')
    ,(65402,'SE Eastgate Way & 139th Ave SE')
    ,(65420,'Newcastle Way & 125th Ave SE')
    ,(65432,'123rd Ave SE & SE 68th Pl')
    ,(65450,'123rd Ave SE & SE 65th Pl')
    ,(65460,'123rd Ave SE & SE 64th Pl')
    ,(65470,'123rd Ave SE & SE 62nd St')
    ,(65480,'SE 60th St & 123rd Ave SE')
    ,(65490,'SE 60th St & 119th Ave SE')
    ,(6550,'Phinney Ave N & N 67th St')
    ,(65500,'119th Ave SE & SE 58th St')
    ,(65510,'119th Ave SE & SE 56th St')
    ,(65520,'119th Ave SE & SE 52nd St')
    ,(65530,'119th Ave SE & SE 49th Pl')
    ,(65540,'119th Ave SE & SE 47th St')
    ,(65550,'119th Ave SE & Lake Heights St')
    ,(65560,'119th Ave SE & Coal Creek Pkwy SE')
    ,(65570,'119th Ave SE & Coal Creek Pkwy SE')
    ,(65580,'119th Ave SE & Lake Heights St')
    ,(65590,'119th Ave SE & SE 47th St')
    ,(65600,'119th Ave SE & SE 49th Pl')
    ,(65610,'119th Ave SE & SE 52nd St')
    ,(65620,'119th Ave SE & SE 54th Pl')
    ,(65630,'119th Ave SE & SE 58th St')
    ,(65640,'SE 60th St & 119th Ave SE')
    ,(6565,'Greenwood Ave N & N 68th St')
    ,(65652,'123rd Ave SE & SE 60th St')
    ,(65660,'123rd Ave SE & SE 61st St')
    ,(65670,'123rd Ave SE & SE 64th Pl')
    ,(65680,'123rd Ave SE & SE 65th Pl')
    ,(65700,'123rd Ave SE & Newcastle Way')
    ,(65720,'Newcastle Way & 125th Ave SE')
    ,(65740,'Newcastle Way & 129th Ave SE')
    ,(6580,'Greenwood Ave N & N 72nd St')
    ,(6590,'Greenwood Ave N & N 75th St')
    ,(65925,'NE 24th St & 92nd Ave NE')
    ,(65926,'NE 24th St & 96th Ave NE')
    ,(65927,'NE 24th St & 96th Ave NE')
    ,(65928,'NE 24th St & 92nd Ave NE')
    ,(65930,'92nd Ave NE & NE 28th Pl')
    ,(65931,'92nd Ave NE & NE 28th St')
    ,(65940,'92nd Ave NE & Sr 520 Ramp')
    ,(660,'4th Ave & Madison St')
    ,(6600,'Greenwood Ave N & N 77th St')
    ,(6615,'Greenwood Ave N & N 80th St')
    ,(6640,'Greenwood Ave N & N 85th St')
    ,(6650,'Greenwood Ave N & N 87th St')
    ,(6660,'Greenwood Ave N & N 90th St')
    ,(6670,'Greenwood Ave N & N 92nd St')
    ,(66700,'NE 24th St & 162nd Ave NE')
    ,(66710,'164th Ave NE & NE 24th St')
    ,(66730,'164th Ave NE & NE 20th St')
    ,(66740,'164th Ave NE & NE 18th St')
    ,(66780,'164th Ave NE & NE 8th St')
    ,(66790,'164th Ave NE & NE 6th St')
    ,(66800,'164th Ave NE & NE 4th St')
    ,(66810,'164th Ave NE & NE 2nd St')
    ,(66820,'164th Ave SE & Main St')
    ,(66830,'164th Ave SE & SE 2nd St')
    ,(66840,'164th Ave SE & Lake Hills Blvd')
    ,(6685,'Greenwood Ave N & N 97th St')
    ,(66850,'164th Ave SE & SE 7th St')
    ,(66860,'164th Ave SE & SE 9th St')
    ,(66870,'164th Ave SE & SE 12th St')
    ,(66871,'NE 31st St & 156th Ave NE')
    ,(66874,'152nd Ave NE & NE 36th St')
    ,(66875,'152nd Ave NE & NE 31st St')
    ,(66880,'SE 14th St & 165th Ave SE')
    ,(66890,'SE 14th St & 168th Ave SE')
    ,(66900,'168th Ave SE & SE 16th St')
    ,(66920,'168th Ave SE & SE 21st Pl')
    ,(6693,'Greenwood Ave N & N 100th St')
    ,(66930,'168th Ave SE & SE 23rd Pl')
    ,(670,'4th Ave & Seneca St')
    ,(67013,'I-90 Expressway Ramp & 142nd Pl SE - Bay 4')
    ,(67014,'Eastgate Park & Ride - Bay 1')
    ,(67015,'Eastgate Park & Ride Acs & 140th Ave SE - Bay 2')
    ,(67021,'142nd Pl SE & SE 36th St')
    ,(67022,'142nd Pl SE & SE 32nd St')
    ,(67023,'142nd Pl SE & SE 36th St')
    ,(67025,'SE 36th St & 146th Ave SE')
    ,(67026,'SE 36th St & 136th Pl SE')
    ,(67028,'SE 36th St & 132nd Ave SE')
    ,(67032,'SE 36th St & 132nd Ave SE')
    ,(67033,'SE 26th St & 137th Ave SE')
    ,(67034,'SE 36th St & Factoria Blvd SE')
    ,(67035,'SE 26th St & Richards Rd')
    ,(67036,'128th Ave SE & SE 27th St')
    ,(67037,'Richards Rd & SE 26th St')
    ,(67038,'123rd Ave SE & SE 17th Pl')
    ,(67039,'Richards Rd & SE 21st Pl')
    ,(67045,'121st Ave SE & SE 10th St')
    ,(6710,'Greenwood Ave N & N 103rd St')
    ,(67100,'168th Ave SE & SE 23rd Pl')
    ,(67110,'168th Ave SE & SE 21st Pl')
    ,(67111,'139th Ave SE & SE 32nd St')
    ,(67112,'139th Ave SE & SE 32nd St')
    ,(67130,'168th Ave SE & SE 17th St')
    ,(67140,'SE 14th St & 167th Ave SE')
    ,(67150,'SE 14th St & 165th Ave SE')
    ,(67160,'164th Ave SE & SE 12th St')
    ,(67170,'164th Ave SE & SE 9th St')
    ,(67180,'164th Ave SE & SE 7th St')
    ,(67190,'164th Ave SE & Lake Hills Blvd')
    ,(67200,'164th Ave SE & SE 2nd St')
    ,(67210,'164th Ave NE & Main St')
    ,(67220,'164th Ave NE & NE 2nd St')
    ,(67230,'164th Ave NE & NE 4th St')
    ,(67240,'164th Ave NE & NE 6th St')
    ,(67280,'164th Ave NE & NE 16th Pl')
    ,(67290,'164th Ave NE & NE 18th St')
    ,(6730,'Greenwood Ave N & N 107th St')
    ,(67300,'164th Ave NE & NE 20th St')
    ,(67320,'164th Ave NE & NE 24th St')
    ,(67330,'Northup Way & 165th Ave NE')
    ,(67340,'Northup Way & 168th Ave NE')
    ,(67360,'Northup Way & 170th Ave NE')
    ,(67370,'Northup Way & NE 10th St')
    ,(67380,'NE 8th St & 172nd Pl NE')
    ,(67390,'NE 8th St & 172nd Ave NE')
    ,(6740,'Greenwood Ave N & N 110th St')
    ,(67400,'NE 8th St & 170th Pl NE')
    ,(67410,'NE 8th St & 167th Ave NE')
    ,(67420,'NE 8th St & 165th Ave NE')
    ,(67430,'NE 8th St & 164th Ave NE')
    ,(67450,'NE 8th St & 160th Ave NE')
    ,(67460,'NE 8th St & 160th Ave NE')
    ,(67470,'NE 8th St & 156th Ave NE')
    ,(6750,'Greenwood Ave N & N 112th St')
    ,(67500,'NE 8th St & 148th Ave NE')
    ,(67510,'NE 8th St & 143rd Ave NE')
    ,(67520,'NE 8th St & 140th Ave NE')
    ,(67540,'NE 8th St & 134th Ave NE')
    ,(67570,'NE 8th St & 124th Ave NE')
    ,(67580,'NE 8th St & 120th Ave NE')
    ,(67595,'NE 10th St & 116th Ave NE')
    ,(67598,'NE 10th St & 112th Ave NE')
    ,(67600,'NE 10th St & 110th Ave NE')
    ,(67610,'NE 8th St & 108th Ave NE')
    ,(67620,'Bellevue Way NE & NE 4th St')
    ,(67636,'110th Ave NE & NE 10th St')
    ,(67640,'Bellevue Way SE & Main St')
    ,(67650,'Bellevue Way SE & SE 3rd St')
    ,(67652,'Bellevue Transit Center - Bay 9')
    ,(67655,'Bellevue Transit Center - Bay 8')
    ,(67660,'Bellevue Way SE & SE 6th St')
    ,(67670,'Bellevue Way SE & SE 6th St')
    ,(6770,'Greenwood Ave N & N 117th St')
    ,(67700,'Bellevue Way SE & SE 11th St')
    ,(67720,'Bellevue Way SE & SE 16th St')
    ,(6790,'Greenwood Ave N & N 122nd St')
    ,(67922,'108th Ave SE & Bellevue Way SE')
    ,(67925,'108th Ave SE & Bellevue Way SE')
    ,(67932,'108th Ave SE & SE 3rd St')
    ,(67935,'108th Ave SE & SE 2nd St')
    ,(67938,'108th Ave SE & SE 12th St')
    ,(67939,'108th Ave SE & SE 14th St')
    ,(67943,'108th Ave SE & SE 10th St')
    ,(67944,'108th Ave SE & SE 12th St')
    ,(67947,'108th Ave SE & SE 14th St')
    ,(67960,'Bellevue Way SE & SE 16th St')
    ,(67990,'Bellevue Way SE & SE 10th St')
    ,(6800,'Greenwood Ave N & N 125th St')
    ,(68001,'Bellevue Transit Center - Bay 11')
    ,(68003,'Bellevue Transit Center - Bay 3')
    ,(68005,'Bellevue Transit Center - Bay 5')
    ,(68006,'Bellevue Transit Center - Bay 6')
    ,(68007,'Bellevue Transit Center - Bay 12')
    ,(68010,'Bellevue Way SE & SE 6th St')
    ,(68020,'Bellevue Way SE & SE 3rd St')
    ,(68035,'Bellevue Way NE & Main St')
    ,(68042,'NE 4th St & 105th Ave NE')
    ,(68048,'106th Ave NE & NE 6th St')
    ,(68063,'NE Bellevue Redmond Rd & 148th Ave NE')
    ,(68064,'NE 12th St & 120th Ave NE')
    ,(68065,'Bellevue Redmond Rd & 130th Ave NE')
    ,(68066,'Bellevue Redmond Rd & 124th Ave NE')
    ,(68067,'NE Bellevue Redmond Rd & 132nd Ave NE')
    ,(68068,'NE Bellevue Redmond Rd & 140th Ave NE')
    ,(68069,'NE Bellevue Redmond Rd & 143rd Ave NE')
    ,(68070,'NE Bellevue Redmond Rd & 136th Ave NE')
    ,(68085,'NE 8th St & 116th Ave NE')
    ,(68094,'NE 8th St & 120th Ave NE')
    ,(68100,'NE 8th St & 124th Ave NE')
    ,(68130,'NE 8th St & 131st Ave NE')
    ,(68150,'NE 8th St & 140th Ave NE')
    ,(68160,'NE 8th St & 143rd Ave NE')
    ,(68180,'NE 8th St & 148th Ave NE')
    ,(6820,'Greenwood Ave N & N 130th St')
    ,(68200,'NE 8th St & 156th Ave NE')
    ,(68210,'NE 8th St & 160th Ave NE')
    ,(68230,'NE 8th St & 164th Ave NE')
    ,(68240,'NE 8th St & 164th Ave NE')
    ,(68250,'NE 8th St & 165th Ave NE')
    ,(68260,'NE 8th St & 167th Ave NE')
    ,(68270,'NE 8th St & 170th Pl NE')
    ,(68280,'NE 8th St & 172nd Ave NE')
    ,(68290,'NE 8th St & 172nd Pl NE')
    ,(68300,'Northup Way & NE 10th St')
    ,(68310,'Northup Way & 170th Ave NE')
    ,(68330,'Northup Way & 168th Ave NE')
    ,(68340,'Northup Way & 165th Ave NE')
    ,(68348,'116th Ave NE & NE 20th St')
    ,(68349,'116th Ave NE & NE 20th St')
    ,(68353,'116th Ave NE & NE 12th St')
    ,(68354,'116th Ave NE & Northup Way')
    ,(68355,'116th Ave NE & Northup Way')
    ,(68360,'156th Ave NE & Northup Way')
    ,(68370,'NE 24th St & 156th Ave NE')
    ,(68372,'NE 24th St & 160th Ave NE')
    ,(68390,'156th Ave NE & NE 24th St')
    ,(68391,'156th Ave NE & NE 51st St')
    ,(68394,'NE 36th St & 150th Ave NE')
    ,(68397,'159th Ave NE & NE 39th St')
    ,(68398,'Redmond Technology Station - Bay 7')
    ,(6840,'Greenwood Ave N & N 134th St')
    ,(68400,'156th Ave NE & NE 20th St')
    ,(68401,'159th Ave NE & NE 39th St')
    ,(68402,'156th Ave NE & NE 36th St')
    ,(68403,'NE 40th St & West Lake Sammamish Pkwy SE')
    ,(68404,'NE 40th St & 156th Ave NE')
    ,(68405,'NE 40th St & 159th Ave NE')
    ,(68406,'156th Ave NE & NE 51st St')
    ,(68407,'NE 40th St & 163rd Ave NE')
    ,(68408,'156th Ave NE & NE 31st St')
    ,(68409,'NE 36th St & 150th Ave NE')
    ,(68410,'156th Ave NE & NE 15th St')
    ,(68411,'156th Ave NE & NE 33rd St')
    ,(68414,'NE 36th St & 157th Ave NE')
    ,(68420,'156th Ave NE & NE 15th Pl')
    ,(68435,'156th Ave NE & NE 13th St')
    ,(68438,'156th Ave NE & NE 10th St')
    ,(68440,'156th Ave NE & NE 8th St')
    ,(68460,'156th Ave NE & NE 4th St')
    ,(68462,'156th Ave NE & NE 45th St')
    ,(68463,'156th Ave NE & NE 45th St')
    ,(68470,'156th Ave NE & NE 1st St')
    ,(68471,'Main St & 155th Ave NE')
    ,(68472,'Main St & 152nd Pl SE')
    ,(68473,'Main St & 143rd Ave SE')
    ,(68474,'Main St & 148th Ave NE')
    ,(68475,'Main St & 143rd Ave SE')
    ,(68476,'Main St & 150th Ave NE')
    ,(68480,'156th Ave SE & Main St')
    ,(68490,'156th Ave SE & SE 4th St')
    ,(68495,'154th Ave NE & NE 85th St')
    ,(68496,'154th Ave NE & NE 85th St')
    ,(68498,'Redmond Technology Station Bay 8 - Bay 8')
    ,(6850,'Greenwood Ave N & N 137th St')
    ,(68502,'156th Ave SE & Lake Hills Blvd')
    ,(68510,'Lake Hills Blvd & 154th Ave SE')
    ,(68530,'Lake Hills Blvd & SE 12th Pl')
    ,(68540,'148th Ave SE & Lake Hills Blvd')
    ,(68550,'148th Ave SE & SE 16th St')
    ,(68560,'148th Ave SE & SE 22nd St')
    ,(68570,'148th Ave SE & SE 24th St')
    ,(68582,'Landerholm Cir SE & 148th Ave SE')
    ,(68584,'148th Ave SE & SE 28th St')
    ,(68590,'148th Ave SE & SE 28th St')
    ,(68591,'145th Pl SE & SE 13th Pl')
    ,(68592,'145th Pl SE & SE 22nd St')
    ,(68593,'145th Pl SE & SE 16th St')
    ,(68594,'145th Pl SE & SE 16th St')
    ,(68595,'145th Pl SE & SE 22nd St')
    ,(68596,'145th Pl SE & Lake Hills Blvd')
    ,(68597,'140th Ave SE & Lake Hills Connector')
    ,(68598,'Lake Hills Connector & 140th Ave SE')
    ,(68599,'145th Pl SE & 144th Ave SE')
    ,(68610,'148th Ave SE & SE 24th St')
    ,(68611,'145th Pl SE & Lake Hills Blvd')
    ,(68612,'SE 24th St & 148th Ave SE')
    ,(68613,'SE 24th St & 145th Pl SE')
    ,(68614,'145th Pl SE & 144th Ave SE')
    ,(68620,'148th Ave SE & SE 22nd St')
    ,(68630,'148th Ave SE & SE 16th St')
    ,(68640,'Lake Hills Blvd & 148th Ave SE')
    ,(68650,'Lake Hills Blvd & SE 12th Pl')
    ,(68670,'Lake Hills Blvd & 154th Ave SE')
    ,(68680,'156th Ave SE & Lake Hills Blvd')
    ,(68690,'156th Ave SE & SE 4th St')
    ,(6870,'Greenwood Ave N & N 143rd St')
    ,(68700,'156th Ave NE & Main St')
    ,(68710,'156th Ave NE & NE 1st St')
    ,(68720,'156th Ave NE & NE 4th St')
    ,(68740,'156th Ave NE & NE 8th St')
    ,(68750,'156th Ave NE & NE 10th St')
    ,(68770,'156th Ave NE & NE 13th St')
    ,(68780,'156th Ave NE & NE 15th St')
    ,(68782,'156th Ave NE & Northup Way')
    ,(68784,'156th Ave NE & NE 28th St')
    ,(68786,'156th Ave NE & NE 28th St')
    ,(68788,'156th Ave NE & NE 24th St')
    ,(6880,'Greenwood Ave N & N 145th St')
    ,(68803,'Brown Ave NE & NE Richardson St')
    ,(68805,'NE 90th St & 160th Ave NE')
    ,(68809,'160th Ave NE & NE 85th St')
    ,(68871,'Lake Washington Blvd NE & Lakeview Dr NE')
    ,(68873,'Lakeview Dr NE & NE 59th St')
    ,(68875,'Lakeview Dr NE & NE 64th St')
    ,(68888,'SE 22nd St & 150th Ave SE')
    ,(68889,'SE 22nd St & 150th Ave SE')
    ,(68890,'Lake Washington Blvd NE & NE 52nd St')
    ,(68900,'Lake Washington Blvd NE & NE 52nd St')
    ,(68910,'Lake Washington Blvd NE & NE 43rd St')
    ,(68920,'Lake Washington Blvd NE & NE 38th Pl')
    ,(68930,'Bellevue Way NE & NE 30th Pl')
    ,(68940,'Bellevue Way NE & NE 28th Pl')
    ,(68950,'Bellevue Way NE & NE 26th St')
    ,(68960,'Bellevue Way NE & NE 24th St')
    ,(68980,'Bellevue Way NE & NE 20th Pl')
    ,(68990,'Bellevue Way NE & NE 17th St')
    ,(69010,'Bellevue Way NE & NE 12th St')
    ,(69012,'NE 10th St & 108th Ave NE')
    ,(69021,'Bellevue Transit Center - Bay 10')
    ,(69026,'NE 10th St & 110th Ave NE')
    ,(69027,'NE 10th St & 108th Ave NE')
    ,(69028,'NE 10th St & 116th Ave NE')
    ,(69030,'104th Ave SE & SE 8th St')
    ,(69040,'104th Ave SE & Cedarcrest Ln')
    ,(69060,'104th Ave SE & SE 16th St')
    ,(69070,'104th Ave SE & SE 19th St')
    ,(69080,'104th Ave SE & SE 20th St')
    ,(69090,'104th Ave SE & SE 22nd St')
    ,(691,'4th Ave & Union St')
    ,(69100,'104th Ave SE & SE 23rd St')
    ,(69110,'104th Ave SE & SE 25th St')
    ,(69120,'104th Ave SE & SE 27th St')
    ,(69124,'SE 34th St & 111th Ave SE')
    ,(69126,'SE 34th St & 111th Ave SE')
    ,(69128,'104th Ave SE & SE 28th St')
    ,(69140,'105th Ave SE & SE 29th St')
    ,(69150,'106th Ave SE & SE 32nd St')
    ,(69160,'106th Ave SE & 108th Ave SE')
    ,(69170,'106th Ave SE & 108th Ave SE')
    ,(69181,'106th Ave SE & SE 30th St')
    ,(69200,'105th Ave SE & SE 28th St')
    ,(69210,'104th Ave SE & SE 27th St')
    ,(69220,'104th Ave SE & SE 25th St')
    ,(69230,'104th Ave SE & SE 23rd St')
    ,(69240,'104th Ave SE & SE 22nd St')
    ,(69250,'104th Ave SE & SE 20th St')
    ,(69260,'104th Ave SE & SE 19th St')
    ,(69270,'104th Ave SE & SE 16th St')
    ,(69280,'104th Ave SE & SE 14th St')
    ,(69290,'104th Ave SE & Cedarcrest Ln')
    ,(69300,'104th Ave SE & SE 10th St')
    ,(69320,'Bellevue Way NE & NE 12th St')
    ,(69340,'Bellevue Way NE & NE 17th St')
    ,(69350,'Bellevue Way NE & NE 20th Pl')
    ,(69370,'Bellevue Way NE & NE 24th St')
    ,(69380,'Bellevue Way NE & NE 26th St')
    ,(69390,'Bellevue Way NE & NE 28th Pl')
    ,(6940,'N Innis Arden Way & Greenwood Ave N')
    ,(69400,'Bellevue Way NE & NE 30th Pl')
    ,(69402,'Bellevue Way NE & 103rd Ave NE')
    ,(69420,'Lake Washington Blvd NE & NE 43rd St')
    ,(69430,'Lake Washington Blvd NE & NE 46th St')
    ,(69440,'Lake Washington Blvd NE & NE 52nd St')
    ,(69465,'Lakeview Dr NE & Lake Washington Blvd NE')
    ,(69475,'Lakeview Dr NE & NE 59th St')
    ,(69485,'Lakeview Dr NE & NE 64th St')
    ,(6950,'Aurora Ave N & N 145th St')
    ,(69530,'68th Ave NE & NE 181st St')
    ,(69540,'68th Ave NE & NE 175th St')
    ,(69550,'Juanita Dr NE & Inglewood Rd NE')
    ,(69559,'Juanita Dr NE & NE 165th St')
    ,(69560,'Juanita Dr NE & NE 160th St')
    ,(69570,'NE 153rd Pl & Juanita Dr NE')
    ,(69580,'NE 153rd Pl & 70th Ave NE')
    ,(69590,'NE 153rd Pl & NE 155th Pl')
    ,(69600,'NE 155th St & 75th Ave NE')
    ,(69610,'NE 155th Pl & 78th Ave NE')
    ,(69620,'NE 155th St & 81st Ave NE')
    ,(69630,'84th Ave NE & NE 155th St')
    ,(69640,'84th Ave NE & NE 150th St')
    ,(69650,'84th Ave NE & NE 145th St')
    ,(69660,'84th Ave NE & NE 143rd St')
    ,(69670,'84th Ave NE & NE 141st St')
    ,(69680,'84th Ave NE & NE 138th St')
    ,(69690,'84th Ave NE & NE 136th St')
    ,(69874,'NE 132nd St & 84th Ave NE')
    ,(69876,'NE 132nd St & 86th Pl NE')
    ,(69878,'87th Ave NE & NE 134th St')
    ,(69882,'84th Ave NE & NE 136th St')
    ,(69884,'84th Ave NE & NE 138th St')
    ,(69890,'84th Ave NE & NE 141st St')
    ,(6990,'Aurora Ave N & N 135th St')
    ,(69900,'84th Ave NE & NE 143rd St')
    ,(69910,'84th Ave NE & NE 145th St')
    ,(69920,'84th Ave NE & NE 150th St')
    ,(69928,'84th Ave NE & NE 155th St')
    ,(69940,'NE 155th St & 81st Ave NE')
    ,(69950,'NE 155th Pl & 76th Pl NE')
    ,(69960,'NE 155th St & 74th Ave NE')
    ,(69970,'NE 153rd Pl & 72nd Ave NE')
    ,(69980,'NE 153rd Pl & 70th Ave NE')
    ,(69990,'NE 153rd Pl & Juanita Dr NE')
    ,(700,'4th Ave & Pike St')
    ,(7000,'Aurora Ave N & N 130th St')
    ,(70000,'Juanita Dr NE & NE 160th St')
    ,(70002,'Juanita Dr NE & NE 163rd St')
    ,(70003,'140th Ave NE & NE 175th St')
    ,(70004,'NE 171st St & 140th Ave NE')
    ,(70005,'NE Woodinville Dr & Brickyard Rd NE')
    ,(70006,'NE Woodinville Dr & Brickyard Rd NE')
    ,(70007,'131st Ave NE & NE 175th St')
    ,(70008,'140th Ave NE & NE 171st St')
    ,(70010,'68th Ave NE & Inglewood Rd NE')
    ,(70020,'68th Ave NE & NE 175th St')
    ,(70022,'68th Ave NE & NE Bothell Way')
    ,(70040,'Juanita Woodinville Way NE & 115th Ave NE')
    ,(70060,'Juanita Woodinville Way NE & NE 149th St')
    ,(70070,'Juanita Woodinville Way NE & NE 145th St')
    ,(70080,'Juanita Woodinville Way NE & NE 143rd Pl')
    ,(70090,'Juanita Woodinville Way NE & NE 141st Pl')
    ,(7010,'Aurora Ave N & N 125th St')
    ,(70100,'Juanita Woodinville Way NE & NE 140th St')
    ,(70110,'Juanita Woodinville Way NE & NE 137th Pl')
    ,(70120,'Juanita Woodinville Way NE & NE 136th Pl')
    ,(70130,'100th Ave NE & NE 132nd St')
    ,(70140,'100th Ave NE & NE 128th St')
    ,(70150,'100th Ave NE & NE 124th St')
    ,(70151,'NE 124th St & 100th Ave NE')
    ,(70160,'NE 120th Pl & NE 122nd St')
    ,(70164,'98th Ave NE & NE 117th St')
    ,(70170,'98th Ave NE & NE Juanita Dr')
    ,(70180,'98th Ave NE & NE 116th St')
    ,(70184,'98th Ave NE & NE 119th Way')
    ,(70190,'NE 120th Pl & 100th Ave NE')
    ,(70200,'100th Ave NE & NE 124th St')
    ,(70210,'100th Ave NE & NE 128th St')
    ,(70220,'100th Ave NE & NE 132nd St')
    ,(70230,'Juanita Woodinville Way NE & NE 136th Pl')
    ,(70240,'Juanita Woodinville Way NE & NE 137th Pl')
    ,(70250,'Juanita Woodinville Way NE & NE 140th St')
    ,(70260,'Juanita Woodinville Way NE & NE 141st Pl')
    ,(70270,'Juanita Woodinville Way NE & 108th Ave NE')
    ,(70280,'Juanita Woodinville Way NE & NE 145th St')
    ,(70290,'Juanita Woodinville Way NE & NE 149th St')
    ,(70310,'Juanita Woodinville Way NE & 115th Ave NE')
    ,(70311,'Brickyard Rd NE & E Riverside Dr')
    ,(70312,'Brickyard Rd NE & NE Woodinville Dr')
    ,(70313,'Brickyard Rd NE & Woodcrest Dr NE')
    ,(70314,'Brickyard Rd NE & Woodcrest Dr NE')
    ,(70315,'Brickyard Rd NE & NE 170th Pl')
    ,(70317,'Brickyard Rd NE & NE 167th St')
    ,(70318,'Juanita Woodinville Way NE & NE 163rd Pl')
    ,(70319,'Brickyard Rd NE & NE 167th St')
    ,(70320,'98th Ave NE & Forbes Creek Dr')
    ,(70330,'Market St & 20th Ave W')
    ,(70340,'Market St & 18th Ave W')
    ,(70350,'Market St & 16th Ave W')
    ,(70370,'Market St & 11th Ave W')
    ,(70390,'Market St & 2nd St W')
    ,(7040,'Aurora Ave N & N 115th St')
    ,(70410,'Market St & Waverly Way')
    ,(70420,'Market St & 4th Ave')
    ,(70440,'Market St & 8th Ave')
    ,(70460,'Market St & 12th Ave')
    ,(70480,'Market St & 16th Ave')
    ,(70490,'Market St & 18th Ave')
    ,(70500,'Market St & 20th Ave')
    ,(70510,'98th Ave NE & Forbes Creek Dr')
    ,(70515,'NE 112th St & 120th Ave NE')
    ,(70516,'120th Ave NE & NE 112th St')
    ,(70520,'NE 23rd St & 98th Ave NE')
    ,(70521,'Forbes Creek Dr & 108th Ave NE')
    ,(70522,'Forbes Creek Dr & 111th Ct NE')
    ,(70528,'Forbes Creek Dr & 111th Ct NE')
    ,(70529,'Forbes Creek Dr & 108th Ave NE')
    ,(70530,'100th Ave NE & NE 24th St')
    ,(70533,'Forbes Creek Dr & 115th Ct NE')
    ,(70534,'Forbes Creek Dr & 115th Ct NE')
    ,(70536,'116th Ave NE & NE 111th St')
    ,(70537,'116th Ave NE & NE 112th St')
    ,(70538,'NE 80th St & 122nd Ave NE')
    ,(70540,'100th Ave NE & NE 22nd St')
    ,(70550,'100th Ave NE & NE 20th St')
    ,(70560,'100th Ave NE & NE 18th St')
    ,(70570,'100th Ave NE & NE 16th St')
    ,(70578,'116th Ave NE & NE 94th St')
    ,(70580,'100th Ave NE & NE 14th St')
    ,(70587,'7th Ave & 6th St')
    ,(70588,'7th Ave & 6th St')
    ,(70589,'7th Ave & 8th St')
    ,(70590,'100th Ave NE & NE 10th St')
    ,(70591,'7th Ave & 8th St')
    ,(70595,'NE 87th St & 114th Ave NE')
    ,(70596,'NE 8th St & 100th Ave NE')
    ,(70597,'NE 100th St & 116th Ave NE')
    ,(70600,'Bellevue Way SE & 108th Ave SE')
    ,(70608,'NE 8th St & 102nd Ave NE')
    ,(70610,'100th Ave NE & NE 10th St')
    ,(70619,'NE 8th St & 100th Ave NE')
    ,(70620,'100th Ave NE & NE 14th St')
    ,(70630,'100th Ave NE & NE 16th Pl')
    ,(70640,'100th Ave NE & NE 18th St')
    ,(70650,'100th Ave NE & NE 20th St')
    ,(70660,'100th Ave NE & NE 22nd St')
    ,(70664,'NE 85th St & 114th Ave NE')
    ,(70665,'Central Way & 5th St')
    ,(70666,'NE 85th St & Kirkland Way')
    ,(70672,'Central Way & 5th St')
    ,(70676,'6th St & Kirkland Way')
    ,(70677,'6th St S & 5th Ave S')
    ,(70679,'6th St S & 9th Ave S')
    ,(70681,'NE 68th St & 6th St S')
    ,(70691,'120th Ave NE & NE 80th St')
    ,(70694,'NE 80th St & 120th Ave NE')
    ,(70700,'NW 196th St & 24th Ave NW')
    ,(70702,'3rd Ave NW & NW Richmond Beach Rd')
    ,(70704,'3rd Ave NW & NW 191st St')
    ,(70706,'3rd Ave NW & NW 195th St')
    ,(70710,'NW 200th St & 3rd Ave NW')
    ,(70714,'N 200th St & Greenwood Ave N')
    ,(70716,'N 200th St & Dayton Ave N')
    ,(70718,'N 200th St & Fremont Ave N')
    ,(70720,'N 200th St & Whitman Ave N')
    ,(70782,'140th Ave NE & NE 24th St')
    ,(7080,'Aurora Ave N & N 105th St')
    ,(70802,'140th Ave SE & SE 1st St')
    ,(70803,'Lake Hills Connector & 134th Ave SE')
    ,(70805,'Lake Hills Connector & 134th Ave SE')
    ,(70806,'140th Ave SE & SE 5th St')
    ,(70807,'Lake Hills Connector & SE 8th St')
    ,(70812,'SE 8th St & I-405')
    ,(70813,'Lake Hills Connector & SE 8th St')
    ,(70814,'SE 8th St & 114th Ave SE')
    ,(70815,'121st Ave SE & SE 8th St')
    ,(70817,'121st Ave SE & SE 10th St')
    ,(70820,'SE 8th St & 114th Ave SE')
    ,(70823,'145th Pl SE & SE 10th St')
    ,(70825,'SE 8th St & 121st Ave SE')
    ,(70826,'140th Ave SE & SE 7th St')
    ,(70828,'140th Ave SE & SE 5th St')
    ,(70832,'140th Ave SE & SE 1st St')
    ,(70835,'Main St & 148th Ave SE')
    ,(70837,'Main St & 152nd Pl SE')
    ,(70841,'Lake Hills Connector & Richards Rd')
    ,(70843,'Lake Hills Connector & Richards Rd')
    ,(70850,'140th Ave NE & NE 21st St')
    ,(7100,'Aurora Ave N & N 100th St')
    ,(71133,'Richards Rd & SE 21st Pl')
    ,(71139,'SE 26th St & Richards Rd')
    ,(71140,'West Lake Sammamish Pkwy NE & NE 40th St')
    ,(71141,'SE 26th St & 136th Ave SE')
    ,(71150,'West Lake Sammamish Pkwy NE & 177th Ave NE')
    ,(71160,'West Lake Sammamish Pkwy NE & 180th Ave NE')
    ,(71170,'West Lake Sammamish Pkwy NE & 180th Ave NE')
    ,(71180,'West Lake Sammamish Pkwy NE & NE 27th St')
    ,(71190,'West Lake Sammamish Pkwy NE & NE 27th St')
    ,(7120,'Aurora Ave N & N 95th St')
    ,(71210,'NE 24th St & 186th Ave NE')
    ,(71220,'NE 24th St & 185th Pl NE')
    ,(71230,'NE 24th St & 182nd Ave NE')
    ,(71240,'NE 24th St & 180th Ave NE')
    ,(71250,'NE 24th St & 175th Ave NE')
    ,(71260,'NE 24th St & 173rd Ave NE')
    ,(71270,'NE 24th St & 169th Ave NE')
    ,(71280,'NE 24th St & 167th Ave NE')
    ,(71290,'NE 24th St & 164th Ave NE')
    ,(71300,'NE 24th St & 162nd Ave NE')
    ,(71310,'NE 24th St & 160th Ave NE')
    ,(71320,'NE 24th St & 156th Ave NE')
    ,(71322,'NE 24th St & NE Bel-Red Rd')
    ,(71323,'152nd Ave NE & NE Shen St')
    ,(71325,'NE 40th St & 152nd Ave NE')
    ,(71326,'152nd Ave NE & Overlake Park&Ride')
    ,(71327,'NE 40th St & 150th Ave NE')
    ,(71328,'Overlake Park & Ride')
    ,(71329,'NE 40th St & 152nd Ave NE')
    ,(71331,'Overlake Park & Ride')
    ,(71335,'Sr 520 & NE 40th St')
    ,(71336,'State Route 520 & NE 40th St')
    ,(71341,'Sr 520 & NE 51st St')
    ,(71345,'Redmond Technology Station Acs & 156th Ave NE - Bay 4')
    ,(71347,'Redmond Technology Station Acs & 156th Ave NE - Bay 6')
    ,(71348,'Sr 520 & Evergreen Point Rd')
    ,(71353,'Sr 520 & NE 51st St')
    ,(71355,'Sr 520 & Evergreen Point Rd')
    ,(71356,'Clyde Hill/Yarrow Pt & Sr-520 - 92nd Avenue')
    ,(71359,'Clyde Hill/Yarrow Pt & Sr-520 - 92nd Avenue')
    ,(71370,'NE 24th St & 152nd Ave NE')
    ,(71380,'NE 24th St & 164th Ave NE')
    ,(71390,'NE 24th St & 167th Ave NE')
    ,(7140,'Aurora Ave N & N 90th St')
    ,(71400,'NE 24th St & 171st Ave NE')
    ,(71410,'NE 24th St & 173rd Ave NE')
    ,(71420,'NE 24th St & 175th Ave NE')
    ,(71430,'NE 24th St & 180th Pl NE')
    ,(71440,'NE 24th St & 182nd Ave NE')
    ,(71450,'NE 24th St & 184th Ave NE')
    ,(71460,'NE 24th St & 186th Ave NE')
    ,(71470,'West Lake Sammamish Pkwy NE & NE 24th St')
    ,(71480,'West Lake Sammamish Pkwy NE & NE 27th St')
    ,(71490,'West Lake Sammamish Pkwy NE & NE 27th St')
    ,(71500,'West Lake Sammamish Pkwy NE & 180th Ave NE')
    ,(71510,'West Lake Sammamish Pkwy NE & 180th Ave NE')
    ,(71520,'West Lake Sammamish Pkwy NE & 177th Ave NE')
    ,(7160,'Aurora Ave N & N 85th St')
    ,(71658,'SE 24th St & 156th Ave SE')
    ,(71660,'SE 24th St & 158th Ave SE')
    ,(71661,'SE 24th St & 161st Ave SE')
    ,(71675,'SE 24th St & 161st Ave SE')
    ,(71678,'SE 24th St & 158th Ave SE')
    ,(71680,'SE 24th St & 156th Ave SE')
    ,(7180,'Aurora Ave N & N 80th St')
    ,(71828,'Avondale Pl NE & Avondale Rd NE')
    ,(71830,'Avondale Pl NE & Avondale Rd NE')
    ,(71850,'Avondale Rd NE & NE 116th St')
    ,(71864,'Avondale Rd NE & 11000 Block')
    ,(71866,'NE 20th St & NE Bel-Red Rd')
    ,(71868,'Avondale Rd NE & Puget Power Trail Walk')
    ,(71870,'Avondale Rd NE & NE 104th St')
    ,(71876,'Avondale Rd NE & NE Novelty Hill Rd')
    ,(71880,'Avondale Rd NE & NE 95th St')
    ,(71890,'Avondale Rd NE & 180th Ave NE')
    ,(71910,'Avondale Rd NE & NE 85th Pl')
    ,(71951,'Redmond Transit Center - Bay 3')
    ,(71954,'Redmond Transit Center - Bay 6')
    ,(71960,'Redmond Transit Center - Bay 5')
    ,(71961,'Redmond Transit Center - Bay 4')
    ,(71970,'NE Redmond Way & 160th Ave NE')
    ,(71971,'NE Redmond Way & Bear Creek Pkwy')
    ,(71981,'NE Old Redmond Rd & West Lake Sammamish Way NE')
    ,(71985,'NE Old Redmond Rd & NE 70th St')
    ,(71990,'NE Old Redmond Rd & NE 68th St')
    ,(720,'4th Ave & Stewart St')
    ,(7200,'Aurora Ave N & N 76th St')
    ,(72005,'NE Old Redmond Rd & 151st Ave NE')
    ,(72015,'NE Old Redmond Rd & 148th Ave NE')
    ,(72030,'NE Old Redmond Rd & 143rd Ct NE')
    ,(72040,'NE Old Redmond Rd & 140th Ave NE')
    ,(72050,'NE Old Redmond Rd & 137th Ave NE')
    ,(72060,'NE 70th Pl & 132nd Ave NE')
    ,(72080,'NE 70th St & 128th Ave NE')
    ,(7210,'Aurora Ave N & N 65th St')
    ,(72100,'NE 70th St & 124th Ave NE')
    ,(72120,'NE 70th St & 120th Ave NE')
    ,(72134,'NE 72nd Pl & 116th Ave NE')
    ,(72140,'NE 68th St & 112th Ave NE')
    ,(72155,'108th Ave NE & NE 62nd St')
    ,(72156,'108th Ave NE & NE 68th St')
    ,(72161,'6th St S & 9th Ave S')
    ,(72163,'6th St S & 5th Ave S')
    ,(72164,'6th St S & 1st Ave S')
    ,(72180,'State St S & 10th Ave S')
    ,(72190,'State St & 7th Ave S')
    ,(72200,'State St & 3rd Ave S')
    ,(72230,'State St & 4th Ave S')
    ,(72232,'State St & 6th Ave S')
    ,(72250,'State St S & 10th Ave S')
    ,(72290,'NE 68th St & 112th Ave NE')
    ,(72291,'185th Ave NE & NE 68th St')
    ,(72294,'NE 72nd Pl & 116th Ave NE')
    ,(72299,'Bear Creek Pkwy & 164th Ave NE')
    ,(72303,'166th Ave NE & NE 74th St')
    ,(72304,'185th Ave NE & NE 68th St')
    ,(72305,'NE 76th St & 177th Pl NE')
    ,(72306,'NE 76th St & 177th Pl NE')
    ,(72307,'NE Union Hill Rd & 178th Pl NE')
    ,(72308,'Bear Creek Pkwy & NE 74th St')
    ,(72309,'NE Union Hill Rd & Avondale Rd NE')
    ,(72310,'NE 70th St & 120th Ave NE')
    ,(72311,'NE 70th Pl & 116th Ave NE')
    ,(72312,'NE 70th Pl & 116th Ave NE')
    ,(72319,'154th Ave NE & NE 90th St')
    ,(72324,'NE 65th St & 185th Ave NE')
    ,(72326,'NE 65th St & 188th Ave NE')
    ,(72329,'NE Redmond Way & 185th Ave NE')
    ,(72330,'NE 70th St & 124th Ave NE')
    ,(72348,'NE 70th St & NE 70th Pl')
    ,(72371,'NE Old Redmond Rd & 132nd Ave NE')
    ,(72380,'NE Old Redmond Rd & 137th Ave NE')
    ,(72391,'NE Old Redmond Rd & 140th Ave NE')
    ,(72400,'NE Old Redmond Rd & 143rd Ave NE')
    ,(72410,'NE Old Redmond Rd & 147th Ct NE')
    ,(72420,'NE Old Redmond Rd & 148th Ave NE')
    ,(72435,'NE Old Redmond Rd & 151st Ave NE')
    ,(72442,'NE Old Redmond Rd & NE 68th St')
    ,(72444,'NE Old Redmond Rd & NE 70th St')
    ,(72446,'NE Old Redmond Rd & West Lake Sammamish Way NE')
    ,(72452,'NE Redmond Way & Bear Creek Pkwy')
    ,(72456,'West Lake Sammamish Pkwy NE & Leary Way')
    ,(72458,'West Lake Sammamish Pkwy NE & Leary Way')
    ,(72487,'Redmond Way & 166th Ave NE')
    ,(72488,'Redmond Way & 166th Ave NE')
    ,(72520,'Avondale Rd NE & NE 85th Pl')
    ,(72521,'Cedar Park NE & NE Marketplace Dr')
    ,(72522,'Cedar Park NE & NE Marketplace Dr')
    ,(72523,'Cedar Park NE & NE 100th Way')
    ,(72524,'Cedar Park NE & NE 100th Way')
    ,(72525,'NE Cedar Park Cres & 228th Way NE')
    ,(72526,'NE Cedar Park Cres & 228th Way NE')
    ,(72527,'NE Cedar Park Cres & NE 100th St')
    ,(72528,'NE Cedar Park Cres & NE 100th St')
    ,(72529,'NE Cedar Park Cres & Eastridge Dr NE')
    ,(72530,'NE Cedar Park Cres & Eastridge Dr NE')
    ,(72531,'Eastridge Dr NE & NE 110th St')
    ,(72532,'Eastridge Dr NE & NE 112th Pl')
    ,(72533,'Trilogy Pkwy NE & Muirwood Way NE')
    ,(72534,'Trilogy Pkwy NE & NE 113th Way')
    ,(72540,'Avondale Rd NE & 180th Ave NE')
    ,(72545,'NE Novelty Hill Rd & 208th Ct NE')
    ,(72546,'NE Novelty Hill Rd & 208th Ave NE')
    ,(72550,'Avondale Rd NE & NE 95th St')
    ,(72552,'Avondale Rd NE & NE Novelty Hill Rd')
    ,(72560,'Avondale Rd NE & NE 104th St')
    ,(72580,'Avondale Rd NE & NE 116th St')
    ,(72869,'150th Ave SE & SE 38th St')
    ,(72871,'150th Ave SE & SE 38th St')
    ,(72872,'150th Ave SE & SE Newport Way')
    ,(72873,'150th Ave SE & SE Newport Way')
    ,(72874,'148th Ave SE & SE 45th Pl')
    ,(72875,'148th Ave SE & SE 46th St')
    ,(72876,'Highland Dr & 147th Pl SE')
    ,(72877,'Highland Dr & 147th Pl SE')
    ,(72878,'Highland Dr & Somerset Blvd SE')
    ,(72879,'Somerset Blvd SE & Highland Dr')
    ,(72880,'150th Ave SE & SE Eastgate Way')
    ,(72881,'Somerset Blvd SE & 143rd Ave SE')
    ,(72882,'Somerset Blvd SE & 143rd Ave SE')
    ,(72884,'Somerset Blvd SE & Somerset Ln')
    ,(72885,'Somerset Blvd SE & SE 44th St')
    ,(72886,'Somerset Blvd SE & SE 43rd St')
    ,(72887,'Somerset Blvd SE & SE 43rd St')
    ,(72888,'Somerset Blvd SE & SE 44th St')
    ,(72889,'Somerset Blvd SE & Somerset Ln')
    ,(72932,'NE 8th St & 98th Ave NE')
    ,(72940,'NE 8th St & 92nd Ave NE')
    ,(72950,'Lake Washington Blvd NE & NE 10th St')
    ,(72960,'NE 12th St & 84th Ave NE')
    ,(72970,'84th Ave NE & NE 20th St')
    ,(72980,'84th Ave NE & NE 24th St')
    ,(72983,'Kelsey Creek Rd & Tye River Rd')
    ,(72984,'Kelsey Creek Rd & Tye River Rd')
    ,(730,'4th Ave & Lenora St')
    ,(73010,'84th Ave NE & NE 24th St')
    ,(73020,'84th Ave NE & NE 20th St')
    ,(73030,'NE 12th St & 84th Ave NE')
    ,(73040,'NE 1st St & Lake Washington Blvd NE')
    ,(73042,'NE 8th St & 92nd Ave NE')
    ,(73043,'NE 8th St & 95th Ave NE')
    ,(73044,'NE 8th St & 94th Ave NE')
    ,(73047,'116th Ave NE & NE 24th St')
    ,(73048,'NE 8th St & 98th Ave NE')
    ,(73049,'NE 8th St & 106th Ave NE')
    ,(73051,'116th Ave NE & NE 12th St')
    ,(73054,'116th Ave NE & NE 12th St')
    ,(73055,'116th Ave NE & NE 12th St')
    ,(73056,'116th Ave NE & NE 21st St')
    ,(73059,'NE 40th St & 156th Ave NE')
    ,(73077,'NE 40th St & NE Bel-Red Rd')
    ,(73079,'NE 40th St & 159th Ave NE');

INSERT INTO stations(stations_id,stations_street) 
VALUES
    (73080,'150th Ave SE & SE Eastgate Way')
    ,(73089,'NE 40th St & 163rd Ave NE')
    ,(73092,'NE 40th St & NE Bel-Red Rd')
    ,(73095,'NE Redmond Way & Willows Rd NE')
    ,(73100,'NE Redmond Way & 149th Pl NE')
    ,(73106,'NE Redmond Way & 145th Ave NE')
    ,(73108,'148th Ave NE & NE 87th St')
    ,(73110,'148th Ave NE & NE Redmond Way')
    ,(73112,'NE Redmond Way & 140th Ave NE')
    ,(73130,'148th Ave NE & NE Old Redmond Rd')
    ,(73152,'148th Ave NE & NE 61st St')
    ,(73167,'NE 51st St & 148th Ave NE')
    ,(73168,'NE 51st St & 154th Ave NE')
    ,(73188,'NE 51st St & 154th Ave NE')
    ,(73227,'Redmond Transit Center - Bay 1')
    ,(73240,'148th Ave NE & NE 51st St')
    ,(73243,'148th Ave NE & NE 46th St')
    ,(73246,'148th Ave NE & NE 43rd Pl')
    ,(73248,'148th Ave NE & NE 40th St')
    ,(73250,'148th Ave NE & NE 37th Pl')
    ,(73282,'148th Ave NE & NE 32nd St')
    ,(73284,'NE 29th Pl & 148th Ave NE')
    ,(73286,'NE 29th Pl & NE 28th St')
    ,(73300,'148th Ave NE & NE 29th Pl')
    ,(73310,'148th Ave NE & NE 31st St')
    ,(73340,'148th Ave NE & NE 37th Pl')
    ,(73342,'148th Ave NE & NE 40th St')
    ,(73350,'148th Ave NE & NE 51st St')
    ,(73351,'148th Ave NE & NE 55th St')
    ,(73352,'148th Ave NE & NE 55th St')
    ,(73366,'148th Ave NE & NE 46th St')
    ,(73368,'148th Ave NE & NE 61st Way')
    ,(73380,'148th Ave NE & NE 66th St')
    ,(73391,'148th Ave NE & NE Old Redmond Rd')
    ,(73407,'NE 40th St & 148th Ave NE')
    ,(73410,'148th Ave NE & NE Redmond Way')
    ,(73412,'148th Ave NE & NE 87th St')
    ,(73418,'NE Redmond Way & 140th Ave NE')
    ,(73419,'NE 51st St & Sr 520')
    ,(73420,'NE Redmond Way & 148th Ave NE')
    ,(73425,'NE Redmond Way & Willows Rd NE')
    ,(73430,'NE Redmond Way & West Lake Sammamish Pkwy NE')
    ,(7350,'Stone Way N & N 45th St')
    ,(73527,'NE 116th St & Woodinville Redmond Rd')
    ,(73528,'NE 116th St & 158th Ave NE')
    ,(73539,'NE 116th St & 167th Pl NE')
    ,(73541,'NE 116th St & 169th Ct NE')
    ,(73560,'166th Ave NE & NE 104th St')
    ,(73570,'166th Ave NE & NE 100th St')
    ,(73590,'166th Ave NE & NE 95th St')
    ,(7360,'Stone Way N & N 43rd St')
    ,(73600,'166th Ave NE & NE 91st St')
    ,(73620,'166th Ave NE & NE 87th St')
    ,(73625,'166th Ave NE & NE 83rd St')
    ,(73637,'164th Ave NE & NE 80th St')
    ,(73638,'164th Ave NE & NE 83rd St')
    ,(73757,'NE 85th St & 161st Ave NE')
    ,(73758,'NE 85th St & 160th Ave NE')
    ,(7380,'Stone Way N & N 40th St')
    ,(73812,'Kirkland Transit Center - Bay 1')
    ,(73813,'Central Way & 3rd St')
    ,(73814,'Kirkland Transit Center - Bay 2')
    ,(73816,'Kirkland Transit Center - Bay 3')
    ,(73818,'Kirkland Transit Center - Bay 4')
    ,(7382,'Stone Way N & N 38th St')
    ,(73840,'NE 85th St & 120th Ave NE')
    ,(73845,'NE 85th St & 126th Ave NE')
    ,(73847,'NE 85th St & 128th Ave NE')
    ,(73848,'NE 85th St & 154th Ave NE')
    ,(73852,'NE 85th St & 132nd Ave NE')
    ,(73853,'NE 90th St & 154th Ave NE')
    ,(73854,'NE 90th St & 154th Ave NE')
    ,(73867,'NE 90th St & 151st Ave NE')
    ,(73868,'NE 90th St & 151st Ave NE')
    ,(73872,'NE 90th St & 154th Ave NE')
    ,(73922,'132nd Ave NE & NE 80th St')
    ,(73923,'132nd Ave NE & NE 80th St')
    ,(73924,'132nd Ave NE & NE 75th St')
    ,(73925,'132nd Ave NE & NE 75th St')
    ,(73926,'132nd Ave NE & NE 70th Pl')
    ,(73945,'NE Redmond Way & 145th Ave NE')
    ,(73950,'NE 85th St & 132nd Ave NE')
    ,(73951,'NE 85th St & 128th Ave NE')
    ,(73952,'NE 85th St & 126th Ave NE')
    ,(73953,'NE 85th St & 124th Ave NE')
    ,(73960,'166th Ave NE & NE 83rd St')
    ,(73970,'166th Ave NE & NE 87th St')
    ,(73990,'166th Ave NE & NE 91st St')
    ,(73991,'Willows Rd NE & 10800 Block')
    ,(73992,'Willows Rd NE & 10800 Block')
    ,(74000,'166th Ave NE & NE 95th St')
    ,(74001,'Willows Rd NE & NE 116th St')
    ,(74002,'NE 124th St & 134th Ct NE')
    ,(74003,'Willows Rd NE & NE 116th St')
    ,(74004,'NE 124th St & 134th Ct NE')
    ,(74009,'Willows Rd NE & NE 103rd St')
    ,(74011,'Willows Rd NE & NE 102nd St')
    ,(74012,'Willows Rd NE & NE 124th St')
    ,(74013,'Willows Rd NE & NE 102nd St')
    ,(74014,'Willows Rd NE & NE 124th St')
    ,(74016,'Willows Rd NE & NE 95th St')
    ,(74017,'Willows Rd NE & NE 91st St')
    ,(74019,'Willows Rd NE & NE 91st St')
    ,(74020,'166th Ave NE & NE 100th St')
    ,(74027,'160th Ave NE & NE 90th St')
    ,(74030,'166th Ave NE & NE 102nd Pl')
    ,(74032,'Woodinville Redmond Rd & NE 113th Ct')
    ,(74033,'NE 109th St & 156th Ct NE')
    ,(74034,'NE 109th St & 159th Ave NE')
    ,(74035,'160th Ave NE & NE 106th St')
    ,(74037,'NE 104th St & 163rd Ave NE')
    ,(74039,'NE 104th St & 166th Ave NE')
    ,(74041,'Woodinville Redmond Rd & NE 109th St')
    ,(74044,'Willows Rd NE & NE 100th Ct')
    ,(74071,'NE 124th St & 113th Ave NE')
    ,(74072,'NE 124th St & 111th Ln NE')
    ,(74073,'NE 124th St & 109th Ct NE')
    ,(74074,'NE 124th St & Willows Rd NE')
    ,(74075,'NE 124th St & 103rd Ave NE')
    ,(74076,'NE 124th St & Willows Rd NE')
    ,(74077,'NE 124th St & 103rd Ave NE')
    ,(74078,'NE 124th St & 107th Pl NE')
    ,(74079,'NE 124th St & 111th Ln NE')
    ,(74081,'NE 124th St & 113th Ave NE')
    ,(74101,'132nd Ave NE & NE 129th St')
    ,(74102,'132nd Ave NE & NE 129th St')
    ,(74103,'132nd Pl NE & NE 126th Pl')
    ,(74104,'132nd Pl NE & NE 126th Pl')
    ,(74142,'NE 104th St & 176th Ave NE')
    ,(74144,'172nd Ave NE & NE 115th Way')
    ,(74146,'179th Ave NE & NE 108th Way')
    ,(74147,'172nd Ave NE & NE 111th St')
    ,(74151,'179th Ave NE & NE 105th St')
    ,(74152,'NE 104th St & 170th Ave NE')
    ,(74154,'NE 104th St & 179th Ave NE')
    ,(74161,'124th Ave NE & NE 142nd Pl')
    ,(74180,'124th Ave NE & NE 140th St')
    ,(74190,'124th Ave NE & NE 137th Pl')
    ,(74202,'124th Ave NE & NE 132nd St')
    ,(74220,'NE 132nd St & 121st Ave NE')
    ,(74225,'NE 128th St & 116th Ave NE')
    ,(74226,'NE 128th St & Totem Lake Blvd')
    ,(74230,'Totem Lake Transit Center - Bay 3')
    ,(74232,'Totem Lake Transit Center - Bay 2')
    ,(74233,'132nd Ave NE & NE 85th St')
    ,(74234,'Totem Lake Transit Center - Bay 1')
    ,(7430,'Wall St & 5th Ave')
    ,(74318,'18th Ave & Market St')
    ,(74320,'18th Ave & 3rd St')
    ,(74321,'124th Ave NE & Slater Ave NE')
    ,(74322,'124th Ave NE & NE 110th Pl')
    ,(74324,'124th Ave NE & NE 108th Pl')
    ,(74326,'124th Ave NE & NE 104th St')
    ,(74327,'124th Ave NE & NE 100th St')
    ,(74328,'124th Ave NE & NE 97th St')
    ,(74331,'124th Ave NE & NE 90th St')
    ,(74332,'3rd St & 15th Ave')
    ,(74340,'3rd St & 13th Ave')
    ,(74342,'124th Ave NE & NE 85th St')
    ,(74344,'124th Ave NE & NE 90th St')
    ,(74346,'124th Ave NE & NE 97th St')
    ,(74347,'124th Ave NE & NE 100th St')
    ,(74348,'124th Ave NE & NE 104th St')
    ,(74352,'124th Ave NE & NE 108th Pl')
    ,(74354,'124th Ave NE & NE 112th Pl')
    ,(74370,'3rd St & 9th Ave')
    ,(74380,'3rd St & 7th Ave')
    ,(74390,'3rd St & 5th Ave')
    ,(74395,'108th Ave NE & NE 68th St')
    ,(74396,'108th Ave NE & NE 62nd St')
    ,(74400,'108th Ave NE & NE 60th St')
    ,(74410,'108th Ave NE & NE 58th St')
    ,(74420,'108th Ave NE & NE 53rd St')
    ,(74430,'108th Ave NE & NE 47th Pl')
    ,(74437,'NE 38th Pl & Lake Washington Blvd NE')
    ,(74440,'108th Ave NE & NE 45th St')
    ,(74441,'108th Ave NE & NE 39th St')
    ,(74442,'108th Ave NE & NE 38th Pl')
    ,(74446,'Northup Way & NE 30th St')
    ,(74447,'Northup Way & NE 30th St')
    ,(74448,'Northup Way & NE 33rd Pl')
    ,(74449,'Northup Way & 120th Ave NE')
    ,(74450,'South Kirkland Park & Ride')
    ,(74451,'Northup Way & NE 33rd Pl')
    ,(74452,'Northup Way & NE 24th St')
    ,(74453,'Northup Way & NE 28th St')
    ,(74454,'Northup Way & 124th Ave NE')
    ,(74455,'Northup Way & NE 28th St')
    ,(74460,'108th Ave NE & Northup Way')
    ,(74463,'112th Ave NE & NE 19 St')
    ,(74472,'NE 20th St & 130th Ave NE')
    ,(74474,'NE 20th St & 132nd Ave NE')
    ,(74476,'NE 20th St & 132nd Ave NE')
    ,(74482,'148th Ave NE & NE 20th St')
    ,(74525,'NE 20th St & 156th Ave NE')
    ,(74530,'108th Ave NE & NE 45th St')
    ,(74533,'108th Ave NE & NE 39th St')
    ,(74540,'108th Ave NE & NE 47th St')
    ,(74542,'NE 20th St & 132nd Ave NE')
    ,(74544,'NE 20th St & 132nd Ave NE')
    ,(74550,'108th Ave NE & NE 53rd St')
    ,(74560,'108th Ave NE & NE 58th St')
    ,(74570,'108th Ave NE & NE 60th St')
    ,(74575,'6th St & Kirkland Way')
    ,(74580,'3rd St & 5th Ave')
    ,(74590,'3rd St & 7th Ave')
    ,(74600,'3rd St & 9th Ave')
    ,(74610,'3rd St & 10th Ave')
    ,(74630,'3rd St & 13th Ave')
    ,(74640,'3rd St & 15th Ave')
    ,(74650,'18th Ave & 3rd St')
    ,(74710,'124th Ave NE & NE 116th St')
    ,(74711,'124th Ave NE & NE 120th St')
    ,(74714,'Totem Lake Blvd & NE 124th St')
    ,(74721,'Kingsgate Park & Ride')
    ,(74722,'NE 132nd St & 129th Ave NE')
    ,(74723,'NE 132nd St & 126th Pl NE')
    ,(74724,'NE 132nd St & 132nd Ave NE')
    ,(74729,'Totem Lake Blvd & 120th Ave NE')
    ,(74731,'NE 128th St & 120th Ave NE')
    ,(74733,'Totem Lake Blvd & NE 124th St')
    ,(74734,'NE 128th St & I-405')
    ,(74735,'NE 128th St & 116th Ave NE')
    ,(74741,'Totem Lake Blvd & 120th Ave NE')
    ,(74743,'Totem Lake Blvd & NE Village Plaza')
    ,(74754,'NE 132nd St & 129th Pl NE')
    ,(74756,'NE 132nd St & 127th Dr NE')
    ,(74758,'NE 132nd St & 124th Ave NE')
    ,(74760,'NE 132nd St & 121st Ave NE')
    ,(74762,'124th Ave NE & NE 132nd St')
    ,(74766,'124th Ave NE & NE 137th Pl')
    ,(74768,'124th Ave NE & NE 140th St')
    ,(74772,'124th Ave NE & NE 142nd Pl')
    ,(74785,'Richmond Beach Dr NW & NW 195th Pl')
    ,(74850,'NW 195th St & 20th Ave NW')
    ,(74870,'NW Richmond Beach Rd & 15th Ave NW')
    ,(74871,'NW Richmond Beach Rd & 15th Ave NW')
    ,(74880,'NW Richmond Beach Rd & NW 191st St')
    ,(74885,'8th Ave NW & NW Richmond Beach Rd')
    ,(74886,'8th Ave NW & NW 195th St')
    ,(74954,'N 200th St & Dayton Ave N')
    ,(74956,'N 200th St & Greenwood Ave N')
    ,(74960,'3rd Ave NW & NW 200th St')
    ,(7498,'Stone Way N & N 38th St')
    ,(74980,'3rd Ave NW & NW 195th St')
    ,(74990,'3rd Ave NW & NW 191st St')
    ,(7500,'Stone Way N & N 40th St')
    ,(75000,'NW Richmond Beach Rd & 8th Ave NW')
    ,(75005,'NW Richmond Beach Rd & 3rd Ave NW')
    ,(75007,'NW Richmond Beach Rd & 1st Ave NW')
    ,(75020,'Dayton Ave N & N 185th St')
    ,(75030,'Dayton Ave N & N 183rd St')
    ,(75050,'Dayton Ave N & N 179th Pl')
    ,(75060,'Dayton Ave N & St. Luke Pl N')
    ,(75110,'Dayton Ave N & N 160th St')
    ,(75120,'Dayton Ave N & N 155th St')
    ,(75135,'N 175th St & Aurora Ave N')
    ,(75136,'Fremont Ave N & N 175th St')
    ,(75137,'Fremont Ave N & N 175th St')
    ,(75139,'Fremont Ave N & N 170th Pl')
    ,(75140,'Dayton Ave N & N 150th St')
    ,(75141,'N 172nd St & Fremont Ave N')
    ,(75142,'N 172nd St & Dayton Ave N')
    ,(75143,'Fremont Ave N & N 170th St')
    ,(75144,'Fremont Ave N & N 167th St')
    ,(75145,'Fremont Ave N & N 167th St')
    ,(75160,'N 145th St & Greenwood Ave N')
    ,(75170,'N 145th St & Evanston Ave N')
    ,(75180,'N 145th St & Linden Ave N')
    ,(75190,'N 145th St & Aurora Ave N')
    ,(7520,'Stone Way N & N 42nd St')
    ,(75200,'N 145th St & Interlake Ave N')
    ,(75210,'N 145th St & Courtland Pl N')
    ,(75220,'N 145th St & Meridian Ave N')
    ,(75230,'N 145th St & Corliss Ave N')
    ,(75240,'NE 145th St & 1st Ave NE')
    ,(7530,'Stone Way N & N Allen Pl')
    ,(75304,'NE 135th St & 1st Ave NE')
    ,(75310,'NE 145th St & 5th Ave NE')
    ,(75320,'NE 145th St & 1st Ave NE')
    ,(75330,'N 145th St & Corliss Ave N')
    ,(75340,'N 145th St & Meridian Ave N')
    ,(75350,'N 145th St & Courtland Pl N')
    ,(75360,'N 145th St & Interlake Ave N')
    ,(75370,'N 145th St & Aurora Ave N')
    ,(75380,'N 145th St & Linden Ave N')
    ,(75390,'N 145th St & Dayton Ave N')
    ,(75400,'N 145th St & Greenwood Ave N')
    ,(75402,'Stevens Way & Rainier Vista NE')
    ,(75403,'East Stevens Way NE & Benton Ln')
    ,(75404,'W Stevens Way & Okanaogan Ln')
    ,(75405,'West Stevens Way NE Way NE & George Washington Ln')
    ,(75406,'East Stevens Way NE & Pend Oreille Rd')
    ,(75407,'NW Market St & 3rd Ave NW')
    ,(75408,'Aurora Ave N & N 46th St')
    ,(75409,'Aurora Ave N & N 46th St')
    ,(75410,'Stevens Way & Pend Oreille Rd')
    ,(75414,'Stevens Way & Benton Ln')
    ,(75415,'Stevens Way & Rainier Vista NE')
    ,(75417,'Stevens Way & Okanogan Ln')
    ,(75418,'Stevens Way & Asotin Pl')
    ,(75430,'Dayton Ave N & N 150th St')
    ,(75450,'Dayton Ave N & N 155th St')
    ,(75460,'Dayton Ave N & N 160th St')
    ,(75510,'Dayton Ave N & St. Luke Pl N')
    ,(75520,'Dayton Ave N & N 179th Pl')
    ,(75530,'Dayton Ave N & N 183rd St')
    ,(75540,'Dayton Ave N & N 185th St')
    ,(75549,'NW Richmond Beach Rd & 2nd Ave NW')
    ,(75565,'NW Richmond Beach Rd & 8th Ave NW')
    ,(75570,'NW Richmond Beach Rd & 12th Ave NW')
    ,(75580,'NW Richmond Beach Rd & 15th Ave NW')
    ,(75585,'N 185th St & Fremont Ave N')
    ,(75592,'NW 196th St & 20th Ave NW')
    ,(75594,'NW 196th St & NW 194th Pl')
    ,(75670,'NW 196th St & 26th Ave NW')
    ,(75700,'Aurora Ave N & N 200th St')
    ,(75730,'Aurora Ave N & N 192nd St')
    ,(75732,'N 185th St & Aurora Ave N')
    ,(75734,'N 185th St & Ashworth Ave N')
    ,(75740,'Aurora Ave N & N 185th St')
    ,(75750,'Aurora Ave N & N 180th St')
    ,(75751,'N 175th St & Aurora Ave N')
    ,(75754,'N 175th St & Densmore Ave N')
    ,(75756,'N 175th St & Meridian Ave N')
    ,(75760,'Aurora Ave N & N 175th St')
    ,(75770,'Aurora Ave N & N 170th St')
    ,(75780,'Aurora Ave N & N 165th St')
    ,(75788,'N 155th St & Aurora Ave N')
    ,(75789,'Westminster Way N & N 155th St')
    ,(75790,'Aurora Ave N & N 160th St')
    ,(75800,'Aurora Ave N & N 155th St')
    ,(75810,'Aurora Ave N & N 152nd St')
    ,(75820,'Aurora Ave N & N 145th St')
    ,(75830,'Aurora Ave N & N 152nd St')
    ,(75840,'Aurora Ave N & N 155th St')
    ,(75850,'Aurora Ave N & N 160th St')
    ,(75860,'Aurora Ave N & N 165th St')
    ,(75870,'Aurora Ave N & N 170th St')
    ,(75881,'Aurora Ave N & N 175th St')
    ,(75884,'N 175th St & Meridian Ave N')
    ,(75886,'N 175th St & Densmore Ave N')
    ,(75890,'Aurora Ave N & N 180th St')
    ,(75901,'Aurora Ave N & N 185th St')
    ,(75902,'N 185th St & Meridian Ave N')
    ,(75906,'N 185th St & Ashworth Ave N')
    ,(75909,'N 185th St & Aurora Ave N')
    ,(75910,'Aurora Ave N & N 192nd St')
    ,(75932,'Aurora Ave N & N 200th St')
    ,(75949,'NE 171st St & 133rd Ave NE')
    ,(75972,'Sr 203 & NE 145th St')
    ,(75975,'Sr 203 & NE 145th St')
    ,(75982,'Sr 203 & Stewart St')
    ,(75983,'Sr 203 & Stewart St')
    ,(75992,'Woodinville Park And Ride')
    ,(75993,'NE 175th St & 140th Ave NE')
    ,(75995,'Woodinville Park And Ride')
    ,(75997,'NE 175th St & 135th Ave NE')
    ,(75999,'NE 171st St & 133rd Ave NE')
    ,(760,'5th Ave & Pine St')
    ,(76000,'NE 175th St & 135th Ave NE')
    ,(76002,'131st Ave NE & NE 175th St')
    ,(76009,'NE 195th St & 120th Ave NE')
    ,(76010,'NE 175th St & 131st Ave NE')
    ,(76014,'Sr 522 & 132nd Ave NE')
    ,(76021,'E Riverside Dr & 102nd Ave NE')
    ,(76023,'102nd Ave NE & E Riverside Dr')
    ,(76024,'E Riverside Dr & 111th Ave NE')
    ,(76030,'E Riverside Dr & E Riverside Pl')
    ,(76035,'39th Ave SE & 243rd Pl SE')
    ,(76036,'240th St SE & 35th Ave SE')
    ,(76044,'E Riverside Dr & Eason Ave')
    ,(76045,'E Riverside Dr & Eason Ave')
    ,(76058,'E Riverside Dr & 111th Ave NE')
    ,(76060,'E Riverside Dr & 111th Ave NE')
    ,(76081,'Monte Villa Pkwy & 35th Ave SE')
    ,(76082,'Monte Villa Pkwy & 39th Ave SE')
    ,(76083,'39th Ave SE & NE 204th Pl')
    ,(76084,'120th Ave NE & NE 203rd St')
    ,(76085,'120th Ave NE & North Creek Pkwy')
    ,(76086,'120th Ave NE & NE 195th St')
    ,(76087,'120th Ave NE & NE 195th St')
    ,(76214,'NE 185th St & 101st Ave NE')
    ,(76215,'NE 185th St & 101st Ave NE')
    ,(76216,'NE 185th St & 104th Ave NE')
    ,(76218,'NE 185th St & 103rd Ave NE')
    ,(76220,'NE 185th St & Ross Rd')
    ,(76222,'Beardslee Blvd & Sunrise Dr')
    ,(76224,'Beardslee Blvd & 108th Ave NE')
    ,(76226,'Beardslee Blvd & 110th Ave NE')
    ,(76228,'Beardslee Blvd & NE 195th St')
    ,(76234,'NE 195th St & North Creek Pkwy')
    ,(76298,'Main St & 103rd Ave NE')
    ,(76299,'Beardslee Blvd & NE 195th St')
    ,(7630,'Woodland Pl N & N 65th St')
    ,(76300,'Kaysner Way & Woodinville Dr')
    ,(76301,'Beardslee Blvd & 110th Ave NE')
    ,(76302,'Woodinville Dr & Kaysner Way')
    ,(76305,'U Of Washington -- Bothell & Cascadia College')
    ,(76306,'Beardslee Blvd & NE 185th St')
    ,(76308,'Beardslee Blvd & 104th Ave NE')
    ,(76309,'NE 185th St & Beardslee Blvd')
    ,(76310,'Bothell Way NE & NE 180th St')
    ,(76312,'98th Ave NE & NE 183rd St')
    ,(76315,'102nd Ave NE & Main St')
    ,(76317,'102nd Ave NE & Main St')
    ,(76330,'NE Bothell Way & 96th Ave NE')
    ,(76340,'NE Bothell Way & 91st Ave NE')
    ,(76350,'NE Bothell Way & 83rd Pl NE')
    ,(76360,'NE Bothell Way & 80th Ave NE')
    ,(76370,'NE Bothell Way & 77th Ct NE')
    ,(76372,'NE Bothell Way & Kenmore Park & Ride')
    ,(76374,'Kenmore Park & Ride & NE Bothell Way')
    ,(76376,'Kenmore Park & Ride & 73rd Ave NE')
    ,(76377,'NE 181st St & 73rd Ave NE')
    ,(76390,'NE Bothell Way & 68th Ave NE')
    ,(76420,'NE Bothell Way & 61st Ave NE')
    ,(76490,'35th Ave NE & Ballinger Way NE')
    ,(76527,'NE 181st St & 73rd Ave NE')
    ,(76590,'Bothell Way NE & Ballinger Way NE')
    ,(76595,'Bothell Way NE & NE 170th St')
    ,(76610,'Bothell Way NE & NE 165th St')
    ,(76620,'Bothell Way NE & 39th Ave NE')
    ,(76630,'Bothell Way NE & NE 153rd St')
    ,(76660,'Lake City Way NE & NE 145th St')
    ,(76680,'Lake City Way NE & NE 137th St')
    ,(7670,'Linden Ave N & N 72nd St')
    ,(76700,'Lake City Way NE & NE 130th St')
    ,(76710,'Lake City Way NE & NE 125th St')
    ,(76720,'Lake City Way NE & NE 125th St')
    ,(76730,'Lake City Way NE & NE 130th St')
    ,(76731,'Lake City Way NE & NE 135th St')
    ,(76750,'Lake City Way NE & NE 137th St')
    ,(76770,'Bothell Way NE & NE 145th St')
    ,(76790,'Bothell Way NE & NE 153rd St')
    ,(76810,'Bothell Way NE & NE 165th St')
    ,(76820,'Bothell Way NE & NE 170th St')
    ,(76830,'Bothell Way NE & Ballinger Way NE')
    ,(76840,'NE Bothell Way & 61st Ave NE')
    ,(76870,'NE Bothell Way & 68th Ave NE')
    ,(76880,'NE Bothell Way & 73rd Ave NE')
    ,(76890,'NE Bothell Way & 77th Ct NE')
    ,(7690,'Aurora Ave N & N 76th St')
    ,(76900,'NE Bothell Way & 80th Ave NE')
    ,(76910,'NE Bothell Way & 83rd Pl NE')
    ,(76925,'Bothell Way NE & 96th Ave NE')
    ,(76970,'Sr 522 & 132nd Ave NE')
    ,(76979,'NE 175th St & 133rd Ave NE')
    ,(77074,'NE Woodinville Duvall Rd & West Snoqualmie Val Rd NE')
    ,(77090,'Woodinville Snohomish Rd & NE 190th St')
    ,(77093,'Woodinville Snohomish Rd & 139th Ave NE')
    ,(7710,'Aurora Ave N & N 80th St')
    ,(77197,'N 200th St & Whitman Ave N')
    ,(77199,'N 200th St & Fremont Ave N')
    ,(7730,'Aurora Ave N & N 85th St')
    ,(77390,'Meridian Ave N & N 200th St')
    ,(77391,'Meridian Ave N & N 205th St')
    ,(77392,'Meridian Ave N & N 205th St')
    ,(77400,'15th Ave NE & Ballinger Way NE')
    ,(77410,'15th Ave NE & Forest Park Dr NE')
    ,(77418,'15th Ave NE & NE 200th Ct')
    ,(77440,'15th Ave NE & NE Perkins Way')
    ,(77450,'15th Ave NE & 24th Ave NE')
    ,(77460,'15th Ave NE & NE 180th St')
    ,(77480,'15th Ave NE & NE 175th St')
    ,(77490,'15th Ave NE & NE 172nd St')
    ,(7750,'Aurora Ave N & N 91st St')
    ,(77500,'15th Ave NE & NE 170th St')
    ,(77510,'15th Ave NE & NE 168th St')
    ,(77520,'15th Ave NE & NE 165th St')
    ,(77560,'5th Ave NE & NE 163rd St')
    ,(77570,'5th Ave NE & NE 161st St')
    ,(77580,'5th Ave NE & NE 158th St')
    ,(77609,'N 155th St & Meridian Ave N')
    ,(77611,'N 155th St & Meridian Ave N')
    ,(77613,'N 155th St & 1st Ave NE')
    ,(77615,'N 155th St & Ashworth Ave N')
    ,(77616,'NE 155th St & 1st Ave NE')
    ,(77617,'N 155th St & Ashworth Ave N')
    ,(77619,'N 155th St & Midvale Ave N')
    ,(77630,'15th Ave NE & NE 155th St')
    ,(77650,'15th Ave NE & NE 150th St')
    ,(7770,'Aurora Ave N & N 95th St')
    ,(77720,'15th Ave NE & NE 150th St')
    ,(77732,'5th Ave NE & NE 175th St')
    ,(77734,'NE 175th St & 5th Ave NE')
    ,(77737,'NE 175th St & 10th Ave NE')
    ,(77738,'NE 175th St & 15th Ave NE')
    ,(77739,'NE 175th St & 5th Ave NE')
    ,(77752,'NE 175th St & 10th Ave NE')
    ,(77780,'5th Ave NE & NE 155th St')
    ,(77790,'5th Ave NE & NE 158th St')
    ,(77800,'5th Ave NE & NE 160th St')
    ,(77810,'5th Ave NE & NE 163rd St')
    ,(77860,'15th Ave NE & NE 165th St')
    ,(77880,'15th Ave NE & NE 170th St')
    ,(77882,'15th Ave NE & NE 172nd St')
    ,(77890,'15th Ave NE & NE 175th St')
    ,(7790,'Aurora Ave N & N 100th St')
    ,(77910,'15th Ave NE & NE 180th St')
    ,(77920,'15th Ave NE & 24th Ave NE')
    ,(77930,'15th Ave NE & NE Perkins Way')
    ,(77939,'15th Ave NE & NE 192nd St')
    ,(77940,'15th Ave NE & NE 192nd St')
    ,(77942,'Ballinger Way NE & 19th Ave NE')
    ,(77950,'15th Ave NE & NE 196th St')
    ,(77960,'15th Ave NE & Forest Park Dr NE')
    ,(77970,'15th Ave NE & Ballinger Way NE')
    ,(77998,'NE 178th Pl & NE 180th Pl')
    ,(77999,'NE 178th Pl & 138th Pl NE')
    ,(78000,'138th Pl NE & NE 175th St')
    ,(78001,'138th Pl NE & NE 175th St')
    ,(78002,'138th Pl NE & NE 178th Pl')
    ,(78003,'138th Pl NE & NE 178th Pl')
    ,(78044,'Tolt Ave & W Morrison St')
    ,(78045,'Sr 203 & W Bird St')
    ,(78046,'Tolt Ave & W Rutherford St')
    ,(78070,'SE 24th St & 70th Ave SE')
    ,(7810,'Aurora Ave N & N Northgate Way')
    ,(7850,'Aurora Ave N & N 115th St')
    ,(7880,'Aurora Ave N & N 125th St')
    ,(790,'5th Ave & Seneca St')
    ,(7900,'Aurora Ave N & N 130th St')
    ,(7912,'Aurora Ave N & N 135th St')
    ,(79213,'S 228th St & 64th Ave S')
    ,(79214,'S 228th St & 68th Ave S')
    ,(79215,'W Smith St & 6th Ave N')
    ,(79226,'W Smith St & 6th Ave N')
    ,(79227,'68th Ave S & S 216th St')
    ,(79228,'68th Ave S & S 220th St')
    ,(79229,'68th Ave S & S 224th St')
    ,(79234,'68th Ave S & S 228th St')
    ,(79236,'68th Ave S & S 224th St')
    ,(79237,'68th Ave S & S 220th St')
    ,(79238,'68th Ave S & S 216th St')
    ,(79239,'68th Ave S & S 204th St')
    ,(79240,'68th Ave S & S 212th St')
    ,(79243,'W James St & Washington Ave N')
    ,(79247,'W Smith St & 4th Ave N')
    ,(79248,'4th Ave N & W Smith St')
    ,(79296,'Bothell Way NE & Bothell Way NE')
    ,(7950,'62nd Ave S & S Prentice St')
    ,(79520,'SW Sunset Blvd & Rainier Ave S')
    ,(79521,'Hardie Ave SW & SW 2nd St')
    ,(79522,'Hardie Ave SW & SW 2nd St')
    ,(79530,'SW Sunset Blvd & Stevens Ave SW')
    ,(79540,'SW Sunset Blvd & Oakesdale Ave SW')
    ,(79555,'Martin L King Jr Way S & 68th Ave S')
    ,(79560,'Martin L King Jr Way S & S 129th St')
    ,(79561,'East Marginal Way S & 14th Ave S')
    ,(79562,'East Marginal Way S & 16th Ave S')
    ,(79569,'East Marginal Way S & S Webster St')
    ,(79570,'Martin L King Jr Way S & S 129th St')
    ,(79580,'Martin L King Jr Way S & S 135th St')
    ,(79590,'SW Sunset Blvd & Oakesdale Ave SW')
    ,(7960,'S Prentice St & 64th Ave S')
    ,(79600,'SW Sunset Blvd & Stevens Ave SW')
    ,(79610,'SW Sunset Blvd & Hardie Ave SW')
    ,(7970,'64th Ave S & S Ryan St')
    ,(7980,'64th Ave S & S Cooper St')
    ,(79854,'SE 27th St & SE 26th Pl')
    ,(79856,'128th Ave SE & SE 26th Pl')
    ,(79858,'SE 26th St & Richards Rd')
    ,(79862,'SE 36th St & 131st Ave SE')
    ,(79864,'SE 36th St & 132nd Ave SE')
    ,(79868,'Factoria Blvd SE & SE 38th St')
    ,(79871,'SE 37th St & 150th Ave SE')
    ,(79872,'SE 36th St & 132nd Ave SE')
    ,(79874,'SE 36th St & 136th Pl SE')
    ,(79877,'SE 37th St & I-90')
    ,(79878,'142nd Pl SE & SE 32nd St')
    ,(79880,'Factoria Blvd SE & SE 40th Ln')
    ,(79890,'Factoria Blvd SE & SE 42nd St')
    ,(79892,'Richards Rd & SE 32nd St')
    ,(79900,'Factoria Blvd SE & SE Newport Way')
    ,(79906,'Richards Rd & SE 26th Pl')
    ,(79933,'112th Ave NE & NE 95th St')
    ,(79960,'53rd Ave S & Klickitat Dr')
    ,(79970,'S 160th St & 53rd Ave S')
    ,(79972,'S 154th St & 32nd Ave S')
    ,(79973,'S 154th St & 32nd Ave S')
    ,(79980,'51st Ave S & S 160th St')
    ,(79983,'S 164th St & 44th Ct S')
    ,(800,'5th Ave & Spring St')
    ,(8000,'Waters Ave S & S Norfolk St')
    ,(80002,'Lakeside Blvd W & 55th Pl S')
    ,(80003,'53rd Pl S & 54th Ave S')
    ,(80004,'S 233rd St & Lakeside Blvd E')
    ,(80005,'S 228th St & 54th Ave S')
    ,(80021,'S 228th St & 54th Ave S')
    ,(80025,'53rd Pl S & 54th Ave S')
    ,(80031,'Lakeside Blvd E & S 228th St')
    ,(80051,'Lakeside Blvd W & 55th Pl S')
    ,(80061,'Lakeside Blvd W & Lakeside Blvd E')
    ,(8010,'Waters Ave S & S Pilgrim St')
    ,(80121,'Air Cargo Rd & S 166th St')
    ,(80123,'Air Cargo Rd & S 160th St')
    ,(80124,'Air Cargo Rd & S 156th St')
    ,(80147,'Air Cargo Rd & S 156th St')
    ,(80150,'S 154th Ln & 24th Ave S')
    ,(80151,'S 154th Ln & 24th Ave S')
    ,(80152,'Air Cargo Rd & S 161st St')
    ,(80153,'Air Cargo Rd & S 165th St')
    ,(80154,'Air Cargo Rd & S 166th St')
    ,(80160,'Lakeside Blvd W & Lakeside Blvd E')
    ,(80189,'S 164th St & Military Rd S')
    ,(80240,'S 170th St & Military Rd S')
    ,(80250,'S 170th St & 51st Ave S')
    ,(80260,'51st Ave S & S 170th St')
    ,(80270,'51st Ave S & S 168th St')
    ,(80280,'51st Ave S & S 166th St')
    ,(80290,'51st Ave S & S 164th St')
    ,(8030,'Waters Ave S & S Carver St')
    ,(80300,'51st Ave S & S 160th St')
    ,(80310,'S 160th St & 53rd Ave S')
    ,(80320,'53rd Ave S & Klickitat Dr')
    ,(80322,'I-405 & NE 30th St')
    ,(80380,'Factoria Blvd SE & SE Newport Way')
    ,(80390,'Factoria Blvd SE & SE 41st Ln')
    ,(8040,'57th Ave S & Waters Ave S')
    ,(80400,'Factoria Blvd SE & SE 40th Ln')
    ,(80412,'Factoria Blvd SE & SE 38th St')
    ,(80414,'112th Ave NE & NE 91st St')
    ,(80431,'Federal Way TC - Bay 1')
    ,(80432,'Federal Way TC - Bay 2')
    ,(80433,'Federal Way TC - Bay 3')
    ,(80437,'Federal Way TC - Bay 7')
    ,(80438,'Federal Way TC - Bay 8')
    ,(80439,'Federal Way TC - Bay 9')
    ,(80448,'S 312th St & Pacific Hwy S')
    ,(80450,'S 312th St & 20th Ave S')
    ,(80452,'S 312th St & 23rd Ave S')
    ,(80454,'28th Ave S & S 312th St')
    ,(80457,'23rd Ave S & S 314th St')
    ,(80458,'S 317th St & 26th Ave S')
    ,(80462,'S 317th St & 26th Ave S')
    ,(80464,'28th Ave S & S 312th St')
    ,(80468,'S 312th St & 23rd Ave S')
    ,(80470,'S 312th St & 20th Ave S')
    ,(80472,'S 312th St & Pacific Hwy S')
    ,(80474,'S 312th St & 13th Ave S')
    ,(80476,'S 312th St & 10th Ave S')
    ,(80477,'23rd Ave S & S 314th St')
    ,(80480,'2nd Ave SE & SE Andrews St')
    ,(80484,'Front St S & SE Andrews St')
    ,(80485,'E Sunset Way & Rainier Blvd S')
    ,(80486,'Front St S & E Sunset Way')
    ,(80488,'2nd Ave SE & SE Andrews St')
    ,(80489,'112th Ave NE & NE 2nd St')
    ,(80492,'112th Ave NE & NE 4th St')
    ,(80496,'Avondale Way NE & 170th Pl NE')
    ,(80497,'NE 4th St & 114th Ave NE')
    ,(80498,'Avondale Way NE & NE Redmond Way')
    ,(8050,'Rainier Ave S & Seward Park Ave S')
    ,(80501,'NE 120th St & 131st Ln NE')
    ,(80505,'120th Ave NE & NE 85th St')
    ,(80506,'NE 120th St & Slater Ave NE')
    ,(80509,'132nd Ave NE & NE 117th St')
    ,(80510,'132nd Ave NE & NE 114th St')
    ,(80512,'132nd Ave NE & NE 112th St')
    ,(80514,'132nd Ave NE & NE 114th St')
    ,(80515,'132nd Ave NE & NE 117th St')
    ,(80518,'NE 120th St & 128th Way NE')
    ,(80519,'NE 120th St & 131st Ln NE')
    ,(80565,'116th Ave SE & SE 1st St')
    ,(80566,'123rd Ave SE & SE 17th Pl')
    ,(80570,'116th Ave SE & SE 1st St')
    ,(80571,'116th Ave NE & NE 2nd Pl')
    ,(80572,'116th Ave NE & NE 2nd Pl')
    ,(80580,'W James St & Lincoln Ave N')
    ,(80590,'W James St & 4th Ave N')
    ,(80600,'W James St & 1st Ave N')
    ,(80610,'Central Ave N & E Meeker St')
    ,(80620,'Central Ave N & E James St')
    ,(80630,'Central Ave N & E George St')
    ,(80640,'Central Ave N & S 228th St')
    ,(80642,'84th Ave S & S 224th St')
    ,(80650,'SW Grady Way & Rainier Ave S')
    ,(80663,'Lind Ave SW & SW 27th St')
    ,(80665,'Lind Ave SW & SW 29th St')
    ,(80666,'Lind Ave SW & SW 41st St')
    ,(80667,'Lind Ave SW & SW 34th St')
    ,(80668,'Lind Ave SW & SW 16th St')
    ,(80669,'Lind Ave SW & SW 34th St')
    ,(80680,'Interurban Ave S & Fort Dent Way')
    ,(80692,'Interurban Ave S & S 147th St')
    ,(8070,'Rainier Ave S & 52nd Ave S')
    ,(80700,'Interurban Ave S & 58th Ave S')
    ,(80710,'Interurban Ave S & 52nd Ave S - Bay 1')
    ,(80720,'Interurban Ave S & 52nd Ave S - Bay 2')
    ,(80730,'Interurban Ave S & 58th Ave S')
    ,(80742,'Interurban Ave S & S 147th St')
    ,(80761,'Lind Ave SW & SW Grady Way')
    ,(80762,'Lind Ave SW & SW 16th St')
    ,(80763,'Lind Ave SW & SW 39th St')
    ,(80764,'Lind Ave SW & SW 41st St')
    ,(80765,'Lind Ave SW & SW 39th St')
    ,(80766,'Lind Ave SW & SW 21st St')
    ,(80767,'Lind Ave SW & SW 21st St')
    ,(80768,'Lind Ave SW & SW 16th St')
    ,(80769,'Lind Ave SW & SW 29th St')
    ,(80772,'Lind Ave SW & SW 27th St')
    ,(80780,'Central Ave N & S 228th St')
    ,(80790,'Central Ave N & E George St')
    ,(8080,'Rainier Ave S & S Fisher Pl')
    ,(80820,'W James St & 4th Ave N')
    ,(80862,'8th St NE & Harvey Rd NE')
    ,(80890,'E Main St & D St NE')
    ,(8090,'Rainier Ave S & S Henderson St')
    ,(80932,'M St SE & 29th St SE')
    ,(80966,'M St SE & 33rd St SE')
    ,(80968,'M St SE & 29th St SE')
    ,(80977,'17th St SE & J St SE')
    ,(80978,'17th St SE & G St SE')
    ,(80982,'17th St SE & B St SE')
    ,(810,'5th Ave & Marion St')
    ,(8100,'Rainier Ave S & Cloverdale Pl S')
    ,(8110,'Rainier Ave S & S Rose St')
    ,(81100,'2nd St SE & B St SE')
    ,(81103,'Boundary Blvd & O St SW')
    ,(81106,'C St SW & 8th St SW')
    ,(81110,'Algona Blvd N & 10th Ave N')
    ,(81114,'Algona Blvd N & 8th Ave N')
    ,(81115,'Algona Blvd N & Broadway')
    ,(81117,'Main St & 5th Ave N')
    ,(81122,'Main St & 2nd Ave N')
    ,(81126,'Milwaukee Blvd S & Warde St')
    ,(81130,'Milwaukee Blvd S & 3rd Ave S')
    ,(81132,'Milwaukee Blvd S & 4th Ave S')
    ,(81144,'3rd Ave SE & Milwaukee Blvd S')
    ,(81146,'3rd Ave SE & Butte Ave')
    ,(81170,'Milwaukee Blvd S & Ellingson Rd')
    ,(81172,'Milwaukee Blvd S & 4th Ave S')
    ,(81174,'Milwaukee Blvd S & 3rd Ave S')
    ,(81178,'Milwaukee Blvd S & Warde St')
    ,(81182,'Main St & 2nd Ave N')
    ,(81186,'Main St & 5th Ave N')
    ,(81188,'Main St & Broadway')
    ,(81190,'Algona Blvd N & 8th Ave N')
    ,(81194,'Algona Blvd N & 10th Ave N')
    ,(81195,'O St SW & Boundary Rd SW')
    ,(81199,'C St SW & Highway 18')
    ,(81200,'S Division St & 3rd St SE')
    ,(81201,'2nd St SE & A St SE')
    ,(81205,'2nd St SE & B St SE')
    ,(81230,'N 185th St & Meridian Ave N')
    ,(81232,'N 185th St & Corliss Ave N')
    ,(81234,'NE 185th St & 1st Ave NE')
    ,(81236,'NE 185th St & 3rd Ave NE')
    ,(81242,'5th Ave NE & NE 180th St')
    ,(81243,'Shoreline North/185th Station - Bay 3')
    ,(81245,'Shoreline North/185th Station - Bay 4')
    ,(81246,'5th Ave NE & NE 174th St')
    ,(81248,'5th Ave NE & NE 170th St')
    ,(81252,'5th Ave NE & NE 155th St')
    ,(81254,'5th Ave NE & NE 152nd St')
    ,(81294,'1st Ave NE & NE 140th St')
    ,(81299,'Shoreline South/148th Station - Bay 1')
    ,(81301,'Shoreline South/148th Station - Bay 2')
    ,(81302,'5th Ave NE & NE 152nd St')
    ,(81305,'5th Ave NE & NE 170th St')
    ,(81309,'5th Ave NE & NE 174th St')
    ,(81311,'10th Ave NE & NE 180th St')
    ,(81315,'10th Ave NE & NE 180th St')
    ,(81316,'5th Ave NE & NE 180th St')
    ,(81321,'NE 185th St & 1st Ave NE')
    ,(81322,'NE 185th St & 3rd Ave NE')
    ,(81326,'N 185th St & Corliss Ave N')
    ,(81361,'Pinehurst Way NE & NE 115th St')
    ,(81364,'NE Northgate Way & 5th Ave NE')
    ,(81367,'NE Northgate Way & Roosevelt Way NE')
    ,(81368,'Roosevelt Way NE & NE 111th St')
    ,(81399,'N 185th St & Fremont Ave N')
    ,(8140,'Rainier Ave S & S Holden St')
    ,(81400,'NE 160th St & 116th Ave NE')
    ,(81402,'NE 160th St & 119th Ave NE')
    ,(81404,'NE 160th St & 121st Ave NE')
    ,(81408,'124th Ave NE & NE 157th St')
    ,(81410,'124th Ave NE & NE 149th St')
    ,(81412,'124th Ave NE & NE 146th Pl')
    ,(81418,'124th Ave NE & NE 144th St')
    ,(81420,'124th Ave NE & NE 144th St')
    ,(81422,'124th Ave NE & NE 145th Pl')
    ,(81424,'124th Ave NE & NE 149th St')
    ,(81426,'124th Ave NE & NE 157th St')
    ,(81428,'NE 160th St & 124th Ave NE')
    ,(81430,'NE 160th St & 121st Ave NE')
    ,(81432,'NE 160th St & 119th Ave NE')
    ,(81434,'NE 160th St & Juanita Woodinville Way NE')
    ,(81436,'NE 144th St & 123rd Ave NE')
    ,(81440,'119th Ave NE & NE 159th St')
    ,(81445,'119th Ave NE & NE 153rd Pl')
    ,(81446,'119th Ave NE & NE 150th Pl')
    ,(81448,'119th Ave NE & NE 148th St')
    ,(81450,'119th Pl NE & NE 144th Pl')
    ,(81452,'NE 144th St & 119th Pl NE')
    ,(81454,'NE 144th St & 121st Pl NE')
    ,(81456,'NE 144th St & 124th Ave NE')
    ,(81458,'NE 144th St & 121st Pl NE')
    ,(81460,'NE 144th St & 119th Pl NE')
    ,(81462,'119th Pl NE & NE 144th Pl')
    ,(81464,'119th Ave NE & NE 148th St')
    ,(81466,'119th Ave NE & NE 150th Pl')
    ,(81469,'119th Ave NE & NE 153rd Pl')
    ,(81472,'119th Ave NE & NE 159th St')
    ,(81532,'132nd Ave NE & NE 85th St')
    ,(81534,'132nd Ave NE & NE 88th St')
    ,(81536,'132nd Ave NE & NE 93rd St')
    ,(81538,'132nd Ave NE & NE 95th St')
    ,(81540,'132nd Ave NE & NE 97th St')
    ,(81542,'132nd Ave NE & NE 100th St')
    ,(81544,'132nd Ave NE & NE 102nd Pl')
    ,(81546,'132nd Ave NE & NE 104th St')
    ,(81548,'132nd Ave NE & NE 106th Pl')
    ,(81550,'132nd Ave NE & NE 108th St')
    ,(81552,'132nd Ave NE & NE 110th Pl')
    ,(81554,'132nd Ave NE & NE 112th St')
    ,(81564,'132nd Ave NE & NE 110th Pl')
    ,(81566,'132nd Ave NE & NE 109th Pl')
    ,(81568,'132nd Ave NE & NE 108th St')
    ,(81570,'132nd Ave NE & NE 104th St')
    ,(81572,'132nd Ave NE & NE 100th St')
    ,(81574,'132nd Ave NE & NE 97th St')
    ,(81576,'132nd Ave NE & NE 95th St')
    ,(81578,'132nd Ave NE & NE 93rd St')
    ,(81580,'132nd Ave NE & NE 88th St')
    ,(8160,'Rainier Ave S & S Othello St')
    ,(81633,'Northup Way & 130th Ave NE')
    ,(81635,'Northup Way & 124th Ave NE')
    ,(81637,'Northup Way & NE 24th St')
    ,(81665,'228th Ave NE & NE 8th St')
    ,(81668,'228th Ave NE & NE 4th St')
    ,(81670,'228th Ave SE & E Main St')
    ,(81672,'228th Ave SE & SE 4th St')
    ,(81674,'228th Ave SE & SE 16th St')
    ,(81677,'228th Ave NE & NE 8th St')
    ,(81678,'228th Ave SE & SE 20th St')
    ,(81680,'228th Ave SE & SE 24th St')
    ,(81681,'228th Ave SE & SE 10th St')
    ,(81684,'South Sammamish P&R - Bay 1')
    ,(81685,'228th Ave SE & SE 8th St')
    ,(81687,'228th Ave SE & SE 8th St')
    ,(81692,'Front St N & NE Dogwood St')
    ,(81703,'228th Ave SE & SE 10th St')
    ,(81704,'Front St N & NE Crescent Dr')
    ,(81713,'Issaquah Pine Lake Rd SE & 228th Ave SE')
    ,(81714,'228th Ave SE & Issaquah Pine Lake Rd SE')
    ,(81716,'228th Ave SE & SE 24th St')
    ,(81718,'228th Ave SE & SE 20th St')
    ,(81722,'228th Ave SE & SE 16th St')
    ,(81724,'228th Ave SE & SE 4th St')
    ,(81726,'228th Ave SE & E Main St')
    ,(81728,'228th Ave NE & NE 4th St')
    ,(81731,'Issaquah Pine Lake Rd SE & 231st Ln SE')
    ,(81733,'Issaquah Pine Lake Rd SE & 231st Ln SE')
    ,(81735,'Issaquah Pine Lake Rd SE & SE 40th Pl')
    ,(81737,'Issaquah Pine Lake Rd SE & SE 40th Pl')
    ,(81738,'Issaquah Pine Lake Rd SE & SE 37th Pl')
    ,(81739,'Issaquah Pine Lake Rd SE & SE Klahanie Blvd')
    ,(81741,'Issaquah Pine Lake Rd SE & SE Klahanie Blvd')
    ,(81743,'Issaquah Pine Lake Rd SE & SE 47th Way')
    ,(81745,'Issaquah Pine Lake Rd SE & SE 47th Way')
    ,(81749,'Issaquah Pine Lake Rd SE & SE Issaquah-Fall City Rd')
    ,(8175,'Rainier Ave S & S Frontenac St')
    ,(81751,'Issaquah Pine Lake Rd SE & SE Issaquah Fall City Rd')
    ,(81755,'Bear Creek Park And Ride')
    ,(81760,'228th Ave NE & NE 14th St')
    ,(81762,'180th Ave NE & NE 68th St')
    ,(81775,'228th Ave NE & NE 25th Way')
    ,(81790,'Sahalee Way NE & NE 36th St')
    ,(81791,'180th Ave NE & NE 76th St')
    ,(81794,'Sahalee Way NE & NE 37th Way')
    ,(81800,'Sahalee Way NE & NE 36th St')
    ,(81802,'180th Ave NE & NE 76th St')
    ,(81810,'Sahalee Way NE & Sahalee Dr E')
    ,(81820,'228th Ave NE & NE 25th Way')
    ,(81825,'228th Ave NE & NE 22nd St')
    ,(81837,'SE Black Nugget Rd & East Lake Sammamish Pkwy SE')
    ,(81838,'SE Black Nugget Rd & East Lake Sammamish Pkwy SE')
    ,(81840,'Sahalee Way NE & NE 28th Pl')
    ,(81841,'SE Black Nugget Rd & SE Issaquah Fall City Rd')
    ,(81842,'Sahalee Way NE & 223rd Ave NE')
    ,(81845,'Sahalee Way NE & NE 37th Way')
    ,(81846,'SE Black Nugget Rd & SE Issaquah-Fall City Rd')
    ,(81847,'Issaquah Pine Lake Rd SE & SE 37th Pl')
    ,(81849,'SE Black Nugget Rd & SE Issaquah-Fall City Rd')
    ,(81850,'SE Black Nugget Rd & SE 62nd St')
    ,(81851,'SE Black Nugget Rd & SE 62nd St')
    ,(81852,'Sahalee Way NE & Sahalee Dr E')
    ,(81853,'SE Black Nugget Rd & SE 62nd St')
    ,(81854,'Sahalee Way NE & Redmond Fall City Rd')
    ,(81861,'228th Ave NE & NE 22nd St')
    ,(81870,'228th Ave NE & 18th Pl NE')
    ,(81871,'228th Ave NE & 18th Pl NE')
    ,(81880,'228th Ave NE & NE 14th St')
    ,(81884,'Sahalee Way NE & Redmond Fall City Rd')
    ,(8190,'Rainier Ave S & S Holly St')
    ,(81981,'Van Ry Blvd & Mountlake Dr')
    ,(81982,'Van Ry Blvd & Mountlake Terrace Station')
    ,(820,'5th Ave & Jefferson St')
    ,(8210,'Rainier Ave S & S Graham St')
    ,(82104,'Ballinger Way NE & 37th Ave NE')
    ,(82105,'Ballinger Way NE & 40th Ave NE')
    ,(82106,'Ballinger Way NE & NE 184th St')
    ,(82107,'Ballinger Way NE & NE 175th St')
    ,(82120,'NE 145th St & 30th Ave NE')
    ,(82126,'NE 75th St & 31st Ave NE')
    ,(82127,'NE 75th St & 20th Ave NE')
    ,(82128,'NE 75th St & 25th Ave NE')
    ,(82129,'NE 75th St & 36th Ave NE')
    ,(82130,'NE 145th St & 27th Ave NE')
    ,(82140,'NE 145th St & 25th Ave NE')
    ,(82145,'Roosevelt Way NE & NE 80th St')
    ,(82155,'Roosevelt Way NE & NE 85th St')
    ,(82160,'NE 145th St & 15th Ave NE')
    ,(82165,'Roosevelt Way NE & NE 90th St')
    ,(82167,'Roosevelt Way NE & NE 92nd St')
    ,(82175,'Roosevelt Way NE & NE 95th St')
    ,(82185,'Roosevelt Way NE & NE 100th St')
    ,(82187,'Roosevelt Way NE & NE 103rd St')
    ,(82195,'Roosevelt Way NE & NE 105th St')
    ,(82197,'Roosevelt Way NE & NE 108th St')
    ,(82198,'NE Northgate Way & Roosevelt Way NE')
    ,(82205,'Roosevelt Way NE & NE 108th St')
    ,(82207,'Roosevelt Way NE & NE 105th St')
    ,(82216,'Roosevelt Way NE & NE 102nd St')
    ,(82227,'Roosevelt Way NE & NE 95th St')
    ,(82230,'NE 145th St & 15th Ave NE')
    ,(82235,'Roosevelt Way NE & NE 92nd St')
    ,(82237,'Roosevelt Way NE & NE 90th St')
    ,(82247,'Roosevelt Way NE & NE 85th St')
    ,(82250,'NE 145th St & 25th Ave NE')
    ,(82260,'NE 145th St & 27th Ave NE')
    ,(82266,'NE 75th St & 16th Ave NE')
    ,(82273,'NE 75th St & 30th Ave NE')
    ,(82275,'NE 75th St & 20th Ave NE')
    ,(82276,'NE 75th St & 25th Ave NE')
    ,(82279,'NE 75th St & 36th Ave NE')
    ,(82280,'Ballinger Way NE & NE 175th St')
    ,(82300,'Ballinger Way NE & NE 184th St')
    ,(8231,'Rainier Ave S & S Kenny St')
    ,(82310,'Ballinger Way NE & 40th Ave NE')
    ,(82320,'Ballinger Way NE & 37th Ave NE')
    ,(82324,'Ballinger Way NE & 25th Ave NE')
    ,(82326,'Ballinger Way NE & 23rd Ave NE')
    ,(82330,'35th Ave NE & NE 190th St')
    ,(82332,'NE 190th St & 33rd Ave NE')
    ,(82334,'NE 190th St & Ballinger Way NE')
    ,(82335,'Ballinger Way NE & NE 190th St')
    ,(82425,'Railroad Ave S & SE King St')
    ,(82429,'19th Ave NE & 244th St SW')
    ,(82431,'56th Ave W & 240th St SW')
    ,(82432,'56th Ave W & 240th St SW')
    ,(82433,'56th Ave W & 244th St SW')
    ,(82434,'56th Ave W & 236th St SW')
    ,(82480,'100th Ave NE & Juanita Woodinville Way NE')
    ,(82490,'NE 137th St & 100th Ave NE')
    ,(8250,'Rainier Ave S & S Orcas St')
    ,(82500,'NE 136th St & 98th Ave NE')
    ,(82510,'NE 136th St & 95th Ave NE')
    ,(82520,'NE 135th St & 93rd Ave NE')
    ,(82530,'NE 134th St & 92nd Ave NE')
    ,(82540,'NE 134th St & 90th Ave NE')
    ,(82550,'NE 134th St & 87th Ave NE')
    ,(82620,'NE 134th St & 90th Ave NE')
    ,(82630,'NE 134th St & 92nd Ave NE')
    ,(82640,'NE 135th St & 93rd Ave NE')
    ,(82650,'NE 136th St & 95th Ave NE')
    ,(82660,'NE 137th St & 98th Ave NE')
    ,(82670,'NE 137th St & 100th Ave NE')
    ,(82671,'100th Ave NE & NE 137th St')
    ,(82672,'100th Ave NE & NE 137th St')
    ,(82673,'100th Ave NE & NE 140th St')
    ,(82674,'100th Ave NE & Simonds Rd NE')
    ,(82675,'100th Ave NE & Simonds Rd NE')
    ,(82676,'100th Ave NE & NE 140th St')
    ,(82677,'100th Ave NE & NE 145th St')
    ,(82678,'100th Ave NE & NE 151st St')
    ,(82679,'100th Ave NE & NE 151st St')
    ,(82680,'100th Ave NE & Juanita Woodinville Way NE')
    ,(82681,'Waynita Way NE & NE 155th St')
    ,(82682,'Waynita Way NE & NE 155th St')
    ,(82683,'Waynita Way NE & Valhalla Dr')
    ,(82684,'Waynita Way NE & Valhalla Dr')
    ,(82685,'96th Ave NE & NE Riverbend Dr')
    ,(82687,'I-405 & Totem Lake Freeway Station - Bay 1')
    ,(8270,'Rainier Ave S & S Brandon St')
    ,(82700,'I-405 & Juanita Woodinville Way NE')
    ,(82718,'I-405 & SE 8th St')
    ,(82720,'Main St & 106th Ave SE')
    ,(82730,'Main St & 108th Ave SE')
    ,(82741,'112th Ave NE & Main St')
    ,(82742,'112th Ave NE & Main St')
    ,(82749,'112th Ave SE & SE 4th St')
    ,(82760,'112th Ave SE & SE 4th St')
    ,(82772,'Ballinger Way NE & 19th Ave NE')
    ,(82775,'Ballinger Way NE & 23rd Ave NE')
    ,(82776,'Ballinger Way NE & 25th Ave NE')
    ,(82777,'Ballinger Way NE & 35th Ave NE');
    INSERT INTO stations(stations_id,stations_street) VALUES
    (82778,'Ballinger Way NE & NE 190th St')
    ,(82780,'I-405 & Lake Washington Blvd SE')
    ,(82788,'Coal Creek Pkwy SE & SE 89th Pl')
    ,(82789,'Coal Creek Pkwy SE & SE 84th Way')
    ,(82790,'112th Ave SE & SE 4th St')
    ,(82791,'Coal Creek Pkwy SE & SE 91st St')
    ,(82792,'Coal Creek Pkwy SE & SE 76th St')
    ,(82793,'Coal Creek Pkwy SE & SE 89th Pl')
    ,(82794,'Coal Creek Pkwy SE & SE 79th Pl')
    ,(82795,'Coal Creek Pkwy SE & 135th Ave SE')
    ,(82796,'Coal Creek Pkwy SE & SE 91st St')
    ,(82797,'Coal Creek Pkwy SE & SE 79th Pl')
    ,(82798,'Coal Creek Pkwy SE & Newcastle Golf Club Rd')
    ,(82810,'Main St & 112th Ave NE')
    ,(82830,'Main St & 106th Ave NE')
    ,(82831,'Main St & 108th Ave NE')
    ,(8285,'Rainier Ave S & 39th Ave S')
    ,(82854,'I-405 Ramp & NE 160th St')
    ,(82878,'I-405 & Totem Lake Freeway Station - Bay 2')
    ,(8300,'Rainier Ave S & S Edmunds St')
    ,(8310,'Rainier Ave S & S Alaska St')
    ,(8330,'Rainier Ave S & S Genesee St')
    ,(8350,'Rainier Ave S & S Andover St')
    ,(83501,'SW Dash Point Rd & SW 310th St')
    ,(83520,'SW Dash Point Rd & SW 306th St')
    ,(83540,'SW Dash Point Rd & 8th Ave SW')
    ,(83560,'SW Dash Point Rd & 4th Ave SW')
    ,(83580,'SW 301st St & 1st Ave S')
    ,(83590,'1st Ave S & SW Dash Point Rd')
    ,(83595,'S 304th Pl & 1st Pl S')
    ,(8360,'Rainier Ave S & 33rd Ave S')
    ,(83610,'S 304th Pl & 3rd Ave S')
    ,(83620,'S 304th Pl & 4th Ave S')
    ,(83630,'S 305th St & 4th Ave S')
    ,(83640,'S 305th St & 8th Ave S')
    ,(83641,'8th Ave S & S 306th St')
    ,(83650,'8th Ave S & S 308th St')
    ,(83651,'S 308th St & 10th Ave S')
    ,(83652,'S 308th St & 14th Ave S')
    ,(83656,'28th Ave S & S 308th Ln')
    ,(83657,'28th Ave S & S 308th Ln')
    ,(83663,'S 320th St & Military Rd S')
    ,(83664,'S 320th St & 32nd Ave S')
    ,(83665,'S 320th St & 32nd Ave S')
    ,(83666,'S 320th St & Military Rd S')
    ,(83701,'SW 320th St & 10th Pl SW')
    ,(83702,'SW 320th St & 13th Ave SW')
    ,(83703,'SW 320th St & 21st Ave SW')
    ,(83704,'SW 320th St & 18th Ave SW')
    ,(83706,'S 320th St & 1st Ave S')
    ,(83707,'S 320th St & 3rd Ave S')
    ,(83708,'S 320th St & 5th Ave S')
    ,(83709,'S 320th St & 8th Ave S')
    ,(83711,'SW 320th St & 3rd Pl SW')
    ,(83716,'SW 320th St & 6th Ave SW')
    ,(83720,'S 320th St & 11th Pl S')
    ,(83751,'Fed Way/320th Street P&R - Bay 1')
    ,(83752,'Fed Way/320th Street P&R - Bay 2')
    ,(83760,'S 320th St & Pacific Hwy S')
    ,(83770,'S 320th St & 11th Pl S')
    ,(83781,'S 320th St & 8th Ave S')
    ,(83782,'S 320th St & 6th Ave S')
    ,(83783,'S 320th St & 4th Ave S')
    ,(83784,'SW 320th St & 1st Ave S')
    ,(83785,'SW 320th St & 6th Ave SW')
    ,(83786,'SW 320th St & 18th Ave SW')
    ,(83787,'SW 320th St & 13th Ave SW')
    ,(83788,'SW 320th St & 10th Pl SW')
    ,(83789,'SW 320th St & 3rd Pl SW')
    ,(8380,'Rainier Ave S & S Walden St')
    ,(840,'5th Ave S & S Jackson St')
    ,(8400,'Rainier Ave S & S Mount Baker Blvd')
    ,(8401,'Rainier Ave S & Mount Baker Transit Center - Bay 1')
    ,(84013,'Avondale Way NE & NE Redmond Way')
    ,(84014,'Avondale Way NE & 170th Pl NE')
    ,(84015,'Avondale Rd NE & NE Union Hill Rd')
    ,(8402,'Mount Baker Transit Center - Bay 2')
    ,(84025,'NE Woodinville Duvall Rd & West Snoqualmie Val Rd NE')
    ,(8403,'Mount Baker Transit Center - Bay 3')
    ,(84263,'South Bellevue Station Bus Plaza - Bay 1')
    ,(84264,'South Bellevue Station Bus Plaza - Bay 2')
    ,(84270,'Bellevue Way SE & 113th Ave SE')
    ,(84280,'I-405 & Lake Washington Blvd SE')
    ,(8429,'Rainier Ave S & S Bayview St')
    ,(84292,'South Bellevue Station Bus Plaza - Bay 3')
    ,(84309,'112th Ave SE & SE 6th St')
    ,(84351,'84th Ave S & S 216th St')
    ,(84352,'84th Ave S & S 212th St')
    ,(84353,'84th Ave S & S 216th St')
    ,(84354,'84th Ave S & S 212th St')
    ,(84356,'84th Ave S & S 208th St')
    ,(84357,'84th Ave S & S 202nd St')
    ,(84358,'84th Ave S & S 208th St')
    ,(84359,'84th Ave S & S 200th St')
    ,(84362,'E Valley Hwy & S 180th St')
    ,(84363,'E Valley Hwy & S 184th St')
    ,(84364,'E Valley Hwy & S 187th St')
    ,(84365,'84th Ave S & S 192nd St')
    ,(84366,'84th Ave S & S 196th St')
    ,(84367,'84th Ave S & S 200th St')
    ,(84368,'84th Ave S & S 202nd St')
    ,(84369,'84th Ave S & S 196th St')
    ,(84370,'84th Ave S & S 192nd St')
    ,(84371,'E Valley Hwy & S 184th St')
    ,(84372,'E Valley Hwy & S 187th St')
    ,(844,'5th Ave S & S Weller St')
    ,(8440,'Rainier Ave S & S Walker St')
    ,(8450,'Rainier Ave S & S Plum St')
    ,(8460,'Rainier Ave S & S Grand St')
    ,(84810,'148th Ave NE & NE 24th St')
    ,(84820,'148th Ave NE & NE 20th St')
    ,(84821,'NE Bellevue Redmond Rd & 152nd Ave NE')
    ,(84822,'NE Bellevue Redmond Rd & 143rd Ave NE')
    ,(84824,'NE Bellevue Redmond Rd & 140th Ave NE')
    ,(84825,'NE Bellevue Redmond Rd & 148th Ave NE')
    ,(84826,'Bellevue Redmond Rd & 132nd Ave NE')
    ,(84827,'Bellevue Redmond Rd & 130th Ave NE')
    ,(84828,'NE 12th St & 124th Ave NE')
    ,(84829,'NE Bellevue Redmond Rd & NE 20th St')
    ,(84830,'148th Ave NE & NE 16th St')
    ,(84831,'NE Bellevue Redmond Rd & 136th Ave NE')
    ,(84832,'NE 12th St & 120th Ave NE')
    ,(8485,'Rainier Ave S & I-90')
    ,(8494,'Rainier Ave S & S Charles St')
    ,(84940,'148th Ave NE & NE 8th St')
    ,(84970,'148th Ave NE & NE 15th St')
    ,(85040,'108th Ave NE & NE 38th Pl')
    ,(85059,'East Marginal Way S & S Idaho St')
    ,(85062,'East Marginal Way S & Diagonal Ave S')
    ,(85064,'East Marginal Way S & S Alaska St')
    ,(85066,'East Marginal Way S & S Hudson St')
    ,(85067,'East Marginal Way S & S Lucile St')
    ,(85070,'26th Ave SW & SW Roxbury St')
    ,(85090,'26th Ave SW & SW 100th St')
    ,(8510,'Rainier Ave S & S Dearborn St')
    ,(85100,'26th Ave SW & SW 104th St')
    ,(85110,'26th Ave SW & SW 106th St')
    ,(85120,'26th Ave SW & SW 110th St')
    ,(85130,'26th Ave SW & SW 112th St')
    ,(85140,'26th Ave SW & SW 114th St')
    ,(85150,'SW 114th St & 28th Ave SW')
    ,(85160,'28th Ave SW & SW 116th St')
    ,(85170,'26th Ave SW & SW 116th St')
    ,(85180,'26th Ave SW & SW 114th St')
    ,(85190,'26th Ave SW & SW 112th St')
    ,(85200,'26th Ave SW & SW 110th St')
    ,(85203,'SW 106th St & 35th Ave SW')
    ,(85205,'SW 106th St & Seola Beach Dr SW')
    ,(85210,'26th Ave SW & SW 106th St')
    ,(85220,'26th Ave SW & SW 104th St')
    ,(85230,'26th Ave SW & SW 100th St')
    ,(85254,'Mountlake Terrace Transit Center - Bay 1')
    ,(85260,'NE 132nd St & 100th Ave NE')
    ,(85270,'NE 132nd St & 104th Pl NE')
    ,(85271,'NE 132nd St & 105th Ave NE')
    ,(85280,'NE 132nd St & 109th Ave NE')
    ,(85290,'NE 132nd St & 111th Ave NE')
    ,(8530,'S Jackson St & Boren Ave S')
    ,(85300,'NE 132nd St & 116th Way NE')
    ,(85310,'NE 132nd St & 114th Pl NE')
    ,(85320,'NE 132nd St & 111th Ave NE')
    ,(85330,'NE 132nd St & 108th Ave NE')
    ,(85340,'NE 132nd St & 104th Pl NE')
    ,(85350,'NE 132nd St & 100th Pl NE')
    ,(85386,'Railroad Ave SE & Meadowbrook Way SE')
    ,(85388,'Railroad Ave SE & Meadowbrook Way SE')
    ,(85392,'384th Ave SE & SE 85th St')
    ,(85393,'384th Ave SE & SE 85th Ct')
    ,(85394,'384th Ave SE & SE 92nd St')
    ,(85395,'384th Ave SE & SE 92nd St')
    ,(8541,'S Jackson St & 12th Ave S')
    ,(85410,'I-90 & Richards Rd')
    ,(85450,'116th Ave NE & NE 124th St')
    ,(85460,'116th Ave NE & NE 124th St')
    ,(85489,'108th Ave NE & NE 2nd St')
    ,(8550,'Rainier Ave S & S King St')
    ,(85630,'Bellevue Transit Center - Bay 1')
    ,(85640,'NE 4th St & 108th Ave NE')
    ,(85669,'NE 8th St & 102nd Ave NE')
    ,(85725,'NE 4th St & 108th Ave NE')
    ,(85730,'108th Ave NE & NE 2nd St')
    ,(85770,'Bellevue Way NE & NE 10th St')
    ,(85781,'NW 14th St & Boalch Ave NW')
    ,(85782,'NW 14th St & Boalch Ave NW')
    ,(85785,'Snoqualmie Casino Acs & SE North Bend Way')
    ,(85791,'Stow Ave S & Healy Ave S')
    ,(85792,'Bendigo Blvd S & W Mccellan St')
    ,(85793,'Main Ave S & Cedar Ave S')
    ,(85794,'W North Bend Way & Sydney Ave S')
    ,(85796,'Main Ave S & W Park St')
    ,(85799,'W North Bend Way & Sydney Ave S')
    ,(85800,'N 205th St & 1st Ave NE')
    ,(85810,'NE 205th St & 6th Ave NE')
    ,(85851,'84th Ave S & S 220th St')
    ,(85853,'84th Ave S & S 220th St')
    ,(85855,'84th Ave S & S 224th St')
    ,(85890,'S 288th St & 25th Pl S')
    ,(85892,'S 288th St & 28th Pl S')
    ,(85894,'S 288th St & 34th Ave S')
    ,(85896,'S 288th St & 37th Pl S')
    ,(8590,'Rainier Ave S & S Charles St')
    ,(85900,'S 288th St & 42nd Ave S')
    ,(85902,'45th Pl S & S 288th St')
    ,(85904,'45th Pl S & S 290th St')
    ,(85906,'S 294th St & S 292nd St')
    ,(85908,'S 294th St & 44th Pl S')
    ,(85910,'S 294th St & 41st Ave S')
    ,(85912,'39th Ave S & 38th Pl S')
    ,(85914,'36th Pl S & S 298th St')
    ,(85916,'37th Ave S & S 300th Pl')
    ,(85918,'37th Ave S & S 302nd St')
    ,(85921,'S 304th St & 38th Ave S')
    ,(85922,'S 304th St & 32nd Ave S')
    ,(85924,'31st Ave S & Military Rd S')
    ,(85942,'31st Ave S & Military Rd S')
    ,(85944,'S 304th St & 32nd Ave S')
    ,(85946,'S 304th St & 37th Ave S')
    ,(85947,'S 304th St & Military Rd S')
    ,(85948,'37th Ave S & S 302nd St')
    ,(85949,'S 304th St & 28th Ave S')
    ,(85950,'37th Ave S & S 300th Pl')
    ,(85954,'37th Ave S & S 298th Pl')
    ,(85956,'36th Pl S & 38th Pl S')
    ,(85958,'S 294th St & 44th Pl S')
    ,(85959,'S 294th St & 41st Ave S')
    ,(85960,'S 294th St & S 292nd St')
    ,(85962,'45th Pl S & S 290th St')
    ,(85964,'45th Pl S & S 288th St')
    ,(85966,'S 288th St & 42nd Ave S')
    ,(85970,'S 288th St & 37th Pl S')
    ,(85972,'S 288th St & 34th Ave S')
    ,(85974,'S 288th St & 28th Pl S')
    ,(85976,'S 288th St & 25th Pl S')
    ,(860,'5th Ave & James St')
    ,(8608,'Rainier Ave S & I-90')
    ,(8620,'Rainier Ave S & S State St')
    ,(8641,'Rainier Ave S & S Walker St')
    ,(8660,'Rainier Ave S & S Bayview St')
    ,(8672,'Martin L King Jr Way S & S Bayview St')
    ,(8681,'Rainier Ave S & S Forest St - Bay 4')
    ,(8710,'Rainier Ave S & S Walden St')
    ,(8730,'Rainier Ave S & Letitia Ave S')
    ,(8740,'Rainier Ave S & S Andover St')
    ,(8760,'Rainier Ave S & S Genesee St')
    ,(8780,'Rainier Ave S & S Alaska St')
    ,(8790,'Rainier Ave S & S Edmunds St')
    ,(880,'Virginia St & 6th Ave')
    ,(8810,'Rainier Ave S & S Dawson St')
    ,(8820,'Rainier Ave S & S Brandon St')
    ,(8840,'Rainier Ave S & S Orcas St')
    ,(8850,'Rainier Ave S & S Kenny St')
    ,(8870,'Rainier Ave S & S Graham St')
    ,(8890,'Rainier Ave S & S Holly St')
    ,(8905,'Rainier Ave S & S Frontenac St')
    ,(8920,'Rainier Ave S & S Othello St')
    ,(8940,'Rainier Ave S & S Holden St')
    ,(8970,'Rainier Ave S & S Rose St')
    ,(8990,'Rainier Ave S & S Cloverdale St')
    ,(89990,'N 200th St & Burke Ave N')
    ,(900,'Virginia St & 9th Ave')
    ,(9000,'Rainier Ave S & S Henderson St')
    ,(9010,'Rainier Ave S & 51st Ave S')
    ,(9030,'Rainier Ave S & 54th Ave S')
    ,(905,'Stewart St & Yale Ave N')
    ,(9050,'Waters Ave S & S Fletcher St')
    ,(9060,'Waters Ave S & S Carver St')
    ,(9080,'Waters Ave S & 61st Ave S')
    ,(9090,'Waters Ave S & 62nd Ave S')
    ,(9110,'62nd Ave S & S Cooper St')
    ,(9132,'University Way NE & NE 50th St')
    ,(9133,'University Way NE & NE 45th St')
    ,(9134,'U District Station - Bay 4')
    ,(9135,'University Way NE & NE 52nd St')
    ,(9138,'NE Campus Pkwy & 12th Ave NE - Bay 4')
    ,(9140,'University Bridge & NE 40th St')
    ,(9141,'Eastlake Ave E & Harvard Ave E')
    ,(9142,'University Way NE & NE 41st St')
    ,(9144,'NE Campus Pkwy & University Way NE')
    ,(9147,'Brooklyn Ave NE & NE Campus Pkwy - Bay 3')
    ,(9150,'Eastlake Ave E & E Allison St')
    ,(91699,'236th St SW & 56th Ave W')
    ,(9170,'Eastlake Ave E & E Hamlin St')
    ,(9190,'Eastlake Ave E & E Louisa St')
    ,(9200,'Eastlake Ave E & E Lynn St')
    ,(9220,'Eastlake Ave E & E Newton St')
    ,(9240,'Eastlake Ave E & E Garfield St')
    ,(940,'Stewart St & 9th Ave')
    ,(9460,'Eastlake Ave E & E Garfield St')
    ,(9480,'Eastlake Ave E & E Howe St')
    ,(950,'Stewart St & 7th Ave')
    ,(9500,'Eastlake Ave E & E Lynn St')
    ,(9510,'Eastlake Ave E & E Louisa St')
    ,(9530,'Eastlake Ave E & E Hamlin St')
    ,(9550,'Eastlake Ave E & E Allison St')
    ,(9560,'Eastlake Ave E & Harvard Ave E')
    ,(9575,'NE Campus Pkwy & University Way NE - Bay 2')
    ,(9580,'NE Campus Pkwy & Brooklyn Ave NE - Bay 1')
    ,(9581,'University Way NE & NE 41st St')
    ,(9582,'U District Station - Bay 5')
    ,(9584,'University Way NE & NE 45th St')
    ,(9586,'NE 50th St & University Way NE')
    ,(9587,'U District Station - Bay 1')
    ,(9589,'Roosevelt Way NE & NE 50th St')
    ,(9605,'Roosevelt Way NE & NE 45th St')
    ,(9610,'Roosevelt Way NE & NE 42nd St')
    ,(9612,'NE 42nd St & 8th Ave NE')
    ,(9630,'11th Ave NE & NE 42nd St')
    ,(9650,'11th Ave NE & NE 45th St')
    ,(9660,'11th Ave NE & NE 47th St')
    ,(9670,'NE 125th St & Lake City Way NE')
    ,(96760,'Martin L King Jr Way & E Union St')
    ,(9680,'NE 125th St & 33rd Ave NE')
    ,(9690,'NE 125th St & 35th Ave NE')
    ,(970,'Stewart St & 4th Ave')
    ,(9710,'NE 125th St & 39th Ave NE')
    ,(97137,'NE 155th St & 5th Ave NE')
    ,(9720,'Sand Point Way NE & Bartlett Ave NE')
    ,(9730,'Sand Point Way NE & NE 120th St')
    ,(9750,'Sand Point Way NE & NE 115th St')
    ,(9770,'Sand Point Way NE & NE 110th St')
    ,(9790,'Sand Point Way NE & NE 106th St')
    ,(9800,'Sand Point Way NE & NE 103rd St')
    ,(98105,'Virginia St & 4th Ave')
    ,(9820,'Sand Point Way NE & NE 97th St')
    ,(9830,'Sand Point Way NE & NE 95th St')
    ,(9840,'Sand Point Way NE & NE 93rd St')
    ,(9850,'Sand Point Way NE & Mathews Ave NE')
    ,(9860,'Sand Point Way NE & Inverness Dr NE')
    ,(98750,'Redmond Transit Center - Bay 2')
    ,(9895,'Sand Point Way NE & NE 77th St')
    ,(9900,'Sand Point Way NE & NE 74th St')
    ,(9901,'62nd Ave NE & NE 65th St')
    ,(9912,'Sand Point Way NE & NE 70th St')
    ,(992,'Howell St & 9th Ave')
    ,(9921,'Sand Point Way NE & NE 65th St')
    ,(99252,'SODO Busway & S Spokane St')
    ,(99253,'SODO Busway & S Spokane St')
    ,(99254,'SODO Busway & S Lander St')
    ,(99261,'S Lander St & SODO Busway')
    ,(99263,'SODO Busway & S Lander St')
    ,(99264,'SODO Busway & S Holgate St')
    ,(99266,'SODO Busway & S Holgate St')
    ,(99267,'SODO Busway & S Royal Brougham Way')
    ,(99271,'SODO Busway & S Royal Brougham Way')
    ,(99294,'Maple Vally - Black Diamond Rd SE & SE Kent-Kangley Rd')
    ,(99296,'Maple Vally - Black Diamond Rd SE & SE 253rd Pl')
    ,(99297,'Maple Vally - Black Diamond Rd SE & SE 244th St')
    ,(9930,'Sand Point Way NE & NE 62nd St')
    ,(99300,'Renton Maple Valley Rd & 131st Ave SE')
    ,(99301,'Maple Vally - Black Diamond Rd SE & SE Maple Ridge Dr')
    ,(99303,'Maple Vally - Black Diamond Rd SE & SE 280th St')
    ,(99310,'Renton Maple Valley Rd & 131st Ave SE')
    ,(99312,'Maple Vally - Black Diamond Rd SE & SE 280th St')
    ,(99318,'Renton Maple Valley Rd & Cedar Grove Rd')
    ,(99320,'Renton Maple Valley Rd & 149th Ave SE')
    ,(99321,'SE Renton Maple Valley Rd & 152nd Ave SE')
    ,(99322,'SE Renton Maple Valley Rd & 161st Ave SE')
    ,(99325,'Renton Maple Valley Rd & 152nd Ave SE')
    ,(99330,'Renton Maple Valley Rd & 149th Ave SE')
    ,(99350,'Renton Maple Valley Rd & 174th Ave SE')
    ,(99360,'SE Renton Maple Valley Rd & Cedar River Park Dr')
    ,(99364,'Renton Maple Valley Rd & 201st Pl SE')
    ,(99380,'Renton Maple Valley Rd & Cedar Grove Rd SE')
    ,(99382,'Renton Maple Valley Rd & Cedar Grove Rd')
    ,(99384,'Renton Maple Valley Rd & SE 193rd St')
    ,(99385,'Renton Maple Valley Rd & 201st Pl SE')
    ,(99386,'Renton Maple Valley Rd & SE 193rd St')
    ,(99388,'Renton Maple Valley Rd & SE 207th St')
    ,(99390,'Renton Maple Valley Rd & Cedar Grove Rd')
    ,(99400,'Sr 169 & SE 216th Pl')
    ,(99410,'Sr 169 & SE 216th Pl')
    ,(99411,'Sr 169 & Black Diamond-Ravensdl Rd SE')
    ,(99412,'Renton Maple Valley Rd & SE 207th St')
    ,(99413,'Sr 169 & S Summit Dr')
    ,(99414,'Renton Maple Valley Rd & SE 206th St')
    ,(99416,'Renton Maple Valley Rd & SE 206th St')
    ,(99417,'Sr 169 & Black Diamond-Ravensdl Rd SE')
    ,(99418,'Sr 169 & Black Diamond-Ravensdl Rd SE')
    ,(99420,'Sr 169 & SE 231st St')
    ,(99421,'SE 237th St & 222nd Pl SE')
    ,(99422,'Maple Vally - Black Diamond Rd SE & SE 237th St')
    ,(99423,'Maple Vally - Black Diamond Rd SE & SE 240th St')
    ,(99424,'Maple Vally - Black Diamond Rd SE & SE 240th St')
    ,(99428,'Maple Vally - Black Diamond Rd SE & 231st Ave SE')
    ,(99429,'Maple Vally - Black Diamond Rd SE & SE 253rd Pl')
    ,(99430,'Sr 169 & SE 231st St')
    ,(99431,'Maple Vally - Black Diamond Rd SE & SE 264th St')
    ,(99432,'Maple Vally - Black Diamond Rd SE & SE 264th St')
    ,(99434,'Maple Valley Hwy & Cedar River Park Dr')
    ,(99436,'Maple Vally - Black Diamond Rd SE & SE 261st Pl')
    ,(99437,'Maple Vally - Black Diamond Rd SE & SE Kent-Kangley Rd')
    ,(99460,'Maple Valley Hwy & Monroe Ave SE')
    ,(99470,'Maple Valley Hwy & Monroe Ave SE')
    ,(99474,'Monroe Ave & Railroad St')
    ,(99476,'Roosevelt Ave & Lafromboise St')
    ,(99477,'Roosevelt Ave & Loraine St')
    ,(99478,'Semanski St & Roosevelt Ave')
    ,(99479,'Semanski St & Christianson Ave')
    ,(99481,'Semanski St & Warner Ave')
    ,(99482,'School District Rd & Mcdougall Ave')
    ,(99483,'SE 272nd St & 228th Ave SE')
    ,(99497,'Maple Valley Hwy & Cedar River Park Dr')
    ,(9950,'Sand Point Way NE & NE 58th St')
    ,(996,'5th Ave & Marion St')
    ,(997,'6th Ave & Union St')
    ,(9970,'Sand Point Way NE & Ivanhoe Pl NE')
    ,(9972,'Sand Point Way NE & Princeton Ave NE')
    ,(9974,'Sand Point Way NE & NE 52nd St')
    ,(99746,'Juanita Woodinville Way NE & NE 160th St')
    ,(99747,'Juanita Woodinville Way NE & NE 160th St')
    ,(99750,'123rd Ave SE & SE 20th Pl')
    ,(99751,'123rd Ave SE & SE 20th Pl')
    ,(99752,'123rd Ave SE & SE 25th St')
    ,(99753,'123rd Ave SE & 123rd Pl SE')
    ,(99754,'SE 27th St & 124th Ave SE')
    ,(99755,'SE 27th St & 124th Ave SE')
    ,(99756,'Juanita Woodinville Way NE & NE 163rd Pl')
    ,(9976,'Sand Point Way NE & NE 50th St')
    ,(99760,'Brickyard Rd NE & NE 170th Pl')
    ,(9978,'Sand Point Way NE & 40th Ave NE')
    ,(9980,'NE 55th St & Princeton Ave NE')
    ,(9990,'NE 55th St & 45th Ave NE')
    ,(99908,'Vashon Passenger Ferry & Vashon Ferry Dock')
    ,(99997,'Water Taxi Route & Harbor Ave SW');
SET IDENTITY_INSERT stations off

SET IDENTITY_INSERT route_stations on
INSERT INTO route_stations(route_stations_id,route_id,stations_id) 
VALUES
    (1,100160,6520)
    ,(2,100074,10515)
    ,(3,100137,13360)
    ,(4,100340,79960)
    ,(5,100202,17080)
    ,(6,100210,61473)
    ,(7,100346,28310)
    ,(8,100344,50020)
    ,(9,100194,9240)
    ,(10,102647,19930)
    ,(11,100148,31850)
    ,(12,100264,61580)
    ,(13,100073,81199)
    ,(14,100196,81884)
    ,(15,100451,15650)
    ,(16,100031,70550)
    ,(17,100210,13090)
    ,(18,100202,28630)
    ,(19,102732,57260)
    ,(20,100113,62081)
    ,(21,100003,59810)
    ,(22,100186,62097)
    ,(23,102557,26560)
    ,(24,100003,55711)
    ,(25,100202,49566)
    ,(26,100011,48398)
    ,(27,100193,11520)
    ,(28,102746,83786)
    ,(29,100161,85260)
    ,(30,100023,16940)
    ,(31,100062,39456)
    ,(32,100016,48780)
    ,(33,100202,62079)
    ,(34,102720,21290)
    ,(35,100232,7730)
    ,(36,100048,80763)
    ,(37,100060,46061)
    ,(38,102719,28160)
    ,(39,100048,22340)
    ,(40,100203,61313)
    ,(41,100017,81122)
    ,(42,102615,18480)
    ,(43,100177,79970)
    ,(44,100089,29650)
    ,(45,100113,47235)
    ,(46,100487,7382)
    ,(47,100146,81576)
    ,(48,100194,8620)
    ,(49,100259,57962)
    ,(50,102574,60366)
    ,(51,100184,99254)
    ,(52,100225,55340)
    ,(53,102561,63290)
    ,(54,102717,56099)
    ,(55,102593,64421)
    ,(56,100016,68440)
    ,(57,100137,28140)
    ,(58,102561,34680)
    ,(59,100148,57493)
    ,(60,102555,67025)
    ,(61,100300,29266)
    ,(62,102736,12790)
    ,(63,100136,2150)
    ,(64,100060,46234)
    ,(65,102705,57493)
    ,(66,100011,79243)
    ,(67,100089,58872)
    ,(68,100236,74733)
    ,(69,100005,10225)
    ,(70,100481,49100)
    ,(71,100169,70290)
    ,(72,102699,29620)
    ,(73,100012,6080)
    ,(74,100269,57197)
    ,(75,100194,85100)
    ,(76,102732,47890)
    ,(77,100045,76045)
    ,(78,100132,31320)
    ,(79,102619,69560)
    ,(80,102703,2995)
    ,(81,100073,45280)
    ,(82,102729,36510)
    ,(83,100023,67140)
    ,(84,100346,60361)
    ,(85,102653,53501)
    ,(86,100132,57765)
    ,(87,100447,64380)
    ,(88,100173,70320)
    ,(89,102702,16920)
    ,(90,102701,99384)
    ,(91,100447,48920)
    ,(92,102747,1710)
    ,(93,100346,35670)
    ,(94,100341,30430)
    ,(95,102719,60980)
    ,(96,100111,54990)
    ,(97,100073,57152)
    ,(98,100292,57142)
    ,(99,100236,62318)
    ,(100,100236,59949)
    ,(101,100139,1558)
    ,(102,100048,76330)
    ,(103,100023,31890)
    ,(104,100060,38000)
    ,(105,100269,80457)
    ,(106,100186,66875)
    ,(107,100042,60155)
    ,(108,100194,56130)
    ,(109,100042,75751)
    ,(110,102745,74472)
    ,(111,100068,79234)
    ,(112,100078,44976)
    ,(113,102720,17280)
    ,(114,100239,59565)
    ,(115,100148,59540)
    ,(116,100242,58060)
    ,(117,102702,880)
    ,(118,100023,46579)
    ,(119,102704,77960)
    ,(120,100026,29557)
    ,(121,102638,58083)
    ,(122,102576,39850)
    ,(123,100045,71210)
    ,(124,100459,99380)
    ,(125,100002,61450)
    ,(126,100254,81718)
    ,(127,100002,20720)
    ,(128,100133,71331)
    ,(129,102699,20970)
    ,(130,100202,80485)
    ,(131,100224,50270)
    ,(132,100073,58099)
    ,(133,100133,61335)
    ,(134,102698,70677)
    ,(135,102552,45080)
    ,(136,102574,49358)
    ,(137,100242,69090)
    ,(138,100496,68502)
    ,(139,102719,58270)
    ,(140,102699,37980)
    ,(141,100346,70520)
    ,(142,100026,80437)
    ,(143,100229,62117)
    ,(144,100292,57902)
    ,(145,100073,17710)
    ,(146,100136,63640)
    ,(147,100111,62301)
    ,(148,100489,31610)
    ,(149,100012,59877)
    ,(150,100292,85960)
    ,(151,102745,24670)
    ,(152,102634,57140)
    ,(153,100148,57121)
    ,(154,100161,57407)
    ,(155,100289,5940)
    ,(156,102702,76226)
    ,(157,100078,57572)
    ,(158,102719,18020)
    ,(159,100018,23770)
    ,(160,100300,55929)
    ,(161,100496,25798)
    ,(162,102555,50030)
    ,(163,102615,71260)
    ,(164,100160,16760)
    ,(165,100239,39850)
    ,(166,102555,2264)
    ,(167,100161,76595)
    ,(168,100072,64290)
    ,(169,100048,64490)
    ,(170,100048,35332)
    ,(171,100269,63210)
    ,(172,102548,538)
    ,(173,102634,85110)
    ,(174,102561,79240)
    ,(175,102548,9990)
    ,(176,102634,52300)
    ,(177,102745,77738)
    ,(178,102720,81182)
    ,(179,100230,71220)
    ,(180,100133,55472)
    ,(181,100101,48990)
    ,(182,102732,105)
    ,(183,100023,61443)
    ,(184,100347,73637)
    ,(185,100495,99997)
    ,(186,100240,2830)
    ,(187,100511,65402)
    ,(188,100006,41134)
    ,(189,100496,57851)
    ,(190,100451,24720)
    ,(191,100511,23785)
    ,(192,100099,68065)
    ,(193,100249,18390)
    ,(194,100341,27360)
    ,(195,100229,68370)
    ,(196,100236,27180)
    ,(197,102548,81749)
    ,(198,100205,73108)
    ,(199,102717,76083)
    ,(200,102576,13350)
    ,(201,100297,57113)
    ,(202,100133,19500)
    ,(203,100062,68035)
    ,(204,100137,4220)
    ,(205,100169,7950)
    ,(206,102554,538)
    ,(207,100223,15570)
    ,(208,100473,55020)
    ,(209,100292,75901)
    ,(210,102746,74542)
    ,(211,100024,19480)
    ,(212,100230,58862)
    ,(213,100160,48950)
    ,(214,102636,30930)
    ,(215,100001,68875)
    ,(216,102576,79900)
    ,(217,102736,53978)
    ,(218,100252,84831)
    ,(219,100289,46430)
    ,(220,100196,81775)
    ,(221,102634,38850)
    ,(222,100001,37400)
    ,(223,100173,46331)
    ,(224,100136,59031)
    ,(225,100275,65620)
    ,(226,100259,68670)
    ,(227,102704,15040)
    ,(228,100162,46468)
    ,(229,100239,48630)
    ,(230,102703,67022)
    ,(231,100202,55702)
    ,(232,100193,24370)
    ,(233,102554,67960)
    ,(234,100003,10710)
    ,(235,100137,47420)
    ,(236,100242,74721)
    ,(237,100232,57611)
    ,(238,100186,69320)
    ,(239,102554,20041)
    ,(240,102745,39350)
    ,(241,100074,58061)
    ,(242,102574,74073)
    ,(243,102593,40892)
    ,(244,100045,1681)
    ,(245,100495,40040)
    ,(246,102719,64456)
    ,(247,100193,58170)
    ,(248,100230,42140)
    ,(249,100202,58000)
    ,(250,100473,58135)
    ,(251,100133,11390)
    ,(252,100173,55593)
    ,(253,100136,16850)
    ,(254,100009,47407)
    ,(255,100193,50370)
    ,(256,100062,74327)
    ,(257,100264,10710)
    ,(258,102734,70591)
    ,(259,100487,46575)
    ,(260,102581,76680)
    ,(261,100481,26510)
    ,(262,100072,46477)
    ,(263,100160,60585)
    ,(264,100336,75141)
    ,(265,102719,54800)
    ,(266,102746,69530)
    ,(267,100232,70679)
    ,(268,100230,80769)
    ,(269,100223,51410)
    ,(270,100074,10380)
    ,(271,100062,80485)
    ,(272,100481,62214)
    ,(273,100344,81850)
    ,(274,100275,59358)
    ,(275,102715,121)
    ,(276,102628,66700)
    ,(277,102705,61429)
    ,(278,102717,68471)
    ,(279,100136,3778)
    ,(280,100337,1681)
    ,(281,100162,13320)
    ,(282,102552,99470)
    ,(283,100203,15500)
    ,(284,102701,45023)
    ,(285,100196,81745)
    ,(286,100136,81190)
    ,(287,100169,47420)
    ,(288,100230,79238)
    ,(289,102732,72312)
    ,(290,102734,3250)
    ,(291,100236,36931)
    ,(292,100297,82796)
    ,(293,100236,56855)
    ,(294,100104,82682)
    ,(295,100133,67510)
    ,(296,102717,85904)
    ,(297,100239,6030)
    ,(298,100340,26370)
    ,(299,100300,13381)
    ,(300,100240,55948)
    ,(301,100496,19440)
    ,(302,102552,58135)
    ,(303,100289,47270)
    ,(304,100292,30520)
    ,(305,100042,36330)
    ,(306,102557,23872)
    ,(307,100487,77613)
    ,(308,100347,46165)
    ,(309,100074,19590)
    ,(310,100511,37120)
    ,(311,100347,53058)
    ,(312,100347,81542)
    ,(313,102636,84371)
    ,(314,100196,31210)
    ,(315,100062,45340)
    ,(316,100336,49720)
    ,(317,100048,22075)
    ,(318,100239,24570)
    ,(319,100236,619)
    ,(320,102634,41982)
    ,(321,100194,35420)
    ,(322,100344,35000)
    ,(323,100003,45442)
    ,(324,100240,72120)
    ,(325,100341,47719)
    ,(326,100099,84364)
    ,(327,102736,20600)
    ,(328,100219,46585)
    ,(329,100451,51350)
    ,(330,100104,85489)
    ,(331,100162,15190)
    ,(332,100232,66800)
    ,(333,100003,22200)
    ,(334,100060,58094)
    ,(335,100232,59310)
    ,(336,100489,74101)
    ,(337,100011,45651)
    ,(338,100068,81110)
    ,(339,100223,73286)
    ,(340,100012,11390)
    ,(341,102734,60922)
    ,(342,100137,7750)
    ,(343,102717,35250)
    ,(344,102745,27360)
    ,(345,100028,68592)
    ,(346,100229,27350)
    ,(347,100202,76300)
    ,(348,102615,38100)
    ,(349,100137,81448)
    ,(350,100060,81854)
    ,(351,102734,74396)
    ,(352,100239,70040)
    ,(353,100341,73813)
    ,(354,100104,39448)
    ,(355,102554,70720)
    ,(356,100337,19620)
    ,(357,102718,62339)
    ,(358,100139,30190)
    ,(359,102744,17850)
    ,(360,100072,58101)
    ,(361,102720,79856)
    ,(362,100345,50330)
    ,(363,100031,40020)
    ,(364,100210,41990)
    ,(365,100113,3950)
    ,(366,100290,48360)
    ,(367,100023,74542)
    ,(368,100223,52638)
    ,(369,100146,16730)
    ,(370,100004,81825)
    ,(371,100225,21290)
    ,(372,102732,70314)
    ,(373,102736,22510)
    ,(374,102703,61180)
    ,(375,102593,58170)
    ,(376,102746,81566)
    ,(377,100495,64956)
    ,(378,100347,83751)
    ,(379,100290,57155)
    ,(380,100487,46769)
    ,(381,100068,11690)
    ,(382,100275,55980)
    ,(383,100512,31610)
    ,(384,100196,51830)
    ,(385,102619,42500)
    ,(386,102548,28670)
    ,(387,100009,51350)
    ,(388,100011,83610)
    ,(389,102653,74758)
    ,(390,102702,48860)
    ,(391,102705,1120)
    ,(392,100203,68950)
    ,(393,100230,57320)
    ,(394,102729,77910)
    ,(395,100300,46610)
    ,(396,100146,53946)
    ,(397,102703,30390)
    ,(398,100236,81321)
    ,(399,100229,31430)
    ,(400,100148,13200)
    ,(401,100203,85902)
    ,(402,100062,30550)
    ,(403,100104,15201)
    ,(404,100012,6870)
    ,(405,100232,18020)
    ,(406,100205,17970)
    ,(407,102554,36110)
    ,(408,100012,84831)
    ,(409,100132,60359)
    ,(410,102747,45651)
    ,(411,100031,46233)
    ,(412,100137,37780)
    ,(413,102561,22120)
    ,(414,100289,58096)
    ,(415,102744,82195)
    ,(416,100292,8190)
    ,(417,102561,46234)
    ,(418,100018,46590)
    ,(419,100205,75320)
    ,(420,100219,68409)
    ,(421,102634,99261)
    ,(422,102647,260)
    ,(423,100210,41850)
    ,(424,100133,13320)
    ,(425,100345,60250)
    ,(426,100254,85067)
    ,(427,102636,65680)
    ,(428,100139,70820)
    ,(429,100026,71490)
    ,(430,100004,11920)
    ,(431,100002,81852)
    ,(432,102552,35660)
    ,(433,102634,61490)
    ,(434,102703,6540)
    ,(435,100003,57141)
    ,(436,100169,17680)
    ,(437,102653,69620)
    ,(438,100275,5486)
    ,(439,100009,37900)
    ,(440,102574,57156)
    ,(441,100210,72310)
    ,(442,100016,71490)
    ,(443,100225,80437)
    ,(444,100289,58760)
    ,(445,102593,72040)
    ,(446,100263,50730)
    ,(447,102576,68594)
    ,(448,102593,72326)
    ,(449,100228,12460)
    ,(450,100337,79854)
    ,(451,100068,32440)
    ,(452,102698,8641)
    ,(453,102555,47370)
    ,(454,100264,6050)
    ,(455,102704,68035)
    ,(456,102703,19978)
    ,(457,100263,99497)
    ,(458,100223,70460)
    ,(459,102717,12070)
    ,(460,102638,18402)
    ,(461,100062,9050)
    ,(462,100002,8550)
    ,(463,100042,13760)
    ,(464,100459,71420)
    ,(465,100459,70151)
    ,(466,100031,35850)
    ,(467,100346,31210)
    ,(468,100039,3380)
    ,(469,102715,76216)
    ,(470,100139,47203)
    ,(471,100011,52639)
    ,(472,100272,56878)
    ,(473,100230,31720)
    ,(474,100005,53720)
    ,(475,100193,64557)
    ,(476,102561,71140)
    ,(477,100337,74741)
    ,(478,100512,73240)
    ,(479,100016,58118)
    ,(480,100337,46479)
    ,(481,102554,81735)
    ,(482,100017,38220)
    ,(483,102732,82854)
    ,(484,102636,71500)
    ,(485,100489,10083)
    ,(486,100225,59550)
    ,(487,100232,39480)
    ,(488,102701,64845)
    ,(489,102734,11040)
    ,(490,102732,37490)
    ,(491,100459,52261)
    ,(492,102619,7950)
    ,(493,100481,81755)
    ,(494,102557,45023)
    ,(495,100074,11390)
    ,(496,100146,64468)
    ,(497,100228,81117)
    ,(498,100148,47590)
    ,(499,100210,36525)
    ,(500,100048,24910)
    ,(501,100242,58121)
    ,(502,100009,21590)
    ,(503,102638,10110)
    ,(504,102548,62230)
    ,(505,100023,65287)
    ,(506,100481,32441)
    ,(507,102705,72329)
    ,(508,102576,10840)
    ,(509,100224,58180)
    ,(510,102652,50145)
    ,(511,100240,80982)
    ,(512,100346,64468)
    ,(513,100111,24420)
    ,(514,100006,59390)
    ,(515,100236,54780)
    ,(516,100001,68530)
    ,(517,100002,57300)
    ,(518,100074,29950)
    ,(519,100132,47630)
    ,(520,100447,35691)
    ,(521,102702,22180)
    ,(522,100275,64308)
    ,(523,100113,99483)
    ,(524,100259,58600)
    ,(525,102718,4325)
    ,(526,102647,57522)
    ,(527,100005,48550)
    ,(528,102718,13370)
    ,(529,102704,70516)
    ,(530,102746,65926)
    ,(531,100139,30490)
    ,(532,100074,7498)
    ,(533,100039,70843)
    ,(534,102704,54880)
    ,(535,100252,64466)
    ,(536,100481,49730)
    ,(537,102699,60372)
    ,(538,100186,40058)
    ,(539,100275,28410)
    ,(540,100297,48630)
    ,(541,102729,6360)
    ,(542,102548,64835)
    ,(543,102615,10640)
    ,(544,100346,57410)
    ,(545,102634,32427)
    ,(546,102701,73020)
    ,(547,100254,82429)
    ,(548,100219,59948)
    ,(549,100023,13230)
    ,(550,100136,57169)
    ,(551,100089,69920)
    ,(552,100139,12280)
    ,(553,100263,2640)
    ,(554,102746,49450)
    ,(555,100161,25840)
    ,(556,100336,71322)
    ,(557,100297,63462)
    ,(558,100009,82780)
    ,(559,100489,85090)
    ,(560,102615,46822)
    ,(561,100169,21720)
    ,(562,102702,62301)
    ,(563,102729,40058)
    ,(564,100148,21910)
    ,(565,100512,70230)
    ,(566,100074,53504)
    ,(567,100337,40880)
    ,(568,100031,2150)
    ,(569,102574,56300)
    ,(570,100236,46478)
    ,(571,102744,69027)
    ,(572,100068,36300)
    ,(573,102557,59565)
    ,(574,102736,81399)
    ,(575,100252,79933)
    ,(576,100249,72050)
    ,(577,100473,58114)
    ,(578,102745,13390)
    ,(579,100254,3160)
    ,(580,100136,85781)
    ,(581,102593,51310)
    ,(582,102747,38260)
    ,(583,100228,49580)
    ,(584,100068,20990)
    ,(585,100137,72319)
    ,(586,100225,30690)
    ,(587,100210,70310)
    ,(588,100210,60157)
    ,(589,100184,4020)
    ,(590,102615,91699)
    ,(591,100132,59612)
    ,(592,102557,60729)
    ,(593,100336,46504)
    ,(594,100078,71320)
    ,(595,102636,73391)
    ,(596,100074,5980)
    ,(597,102703,71270)
    ,(598,100162,53508)
    ,(599,102619,65510)
    ,(600,100028,16660)
    ,(601,102729,46579)
    ,(602,100259,69600)
    ,(603,100031,72156)
    ,(604,102732,46819)
    ,(605,100337,46590)
    ,(606,102744,61453)
    ,(607,100074,71678)
    ,(608,102703,19750)
    ,(609,100214,39860)
    ,(610,102718,38530)
    ,(611,100239,21680)
    ,(612,100229,60457)
    ,(613,100225,50772)
    ,(614,102555,58094)
    ,(615,102732,27290)
    ,(616,100300,61490)
    ,(617,100148,70006)
    ,(618,100459,37980)
    ,(619,100012,34770)
    ,(620,100001,82175)
    ,(621,100249,38870)
    ,(622,100489,81726)
    ,(623,100173,79892)
    ,(624,100496,49561)
    ,(625,100039,49730)
    ,(626,100005,19000)
    ,(627,100290,75407)
    ,(628,100341,64845)
    ,(629,100030,46565)
    ,(630,100132,8990)
    ,(631,102653,68540)
    ,(632,100272,20110)
    ,(633,100292,3200)
    ,(634,100111,13262)
    ,(635,102744,55945)
    ,(636,100004,23060)
    ,(637,100132,38567)
    ,(638,102729,18180)
    ,(639,100009,68740)
    ,(640,102555,74451)
    ,(641,100169,55060)
    ,(642,102719,51301)
    ,(643,100489,17698)
    ,(644,102729,82681)
    ,(645,102638,3320)
    ,(646,100148,45303)
    ,(647,100004,4280)
    ,(648,100228,58080)
    ,(649,100336,75565)
    ,(650,100259,27570)
    ,(651,100161,75405)
    ,(652,100024,30170)
    ,(653,100289,72329)
    ,(654,100225,31900)
    ,(655,100101,60373)
    ,(656,100184,58135)
    ,(657,100297,81841)
    ,(658,100136,26980)
    ,(659,100009,99428)
    ,(660,100005,11620)
    ,(661,100473,59760)
    ,(662,100489,82273)
    ,(663,100099,7080)
    ,(664,102636,72458)
    ,(665,100489,62214)
    ,(666,102698,82775)
    ,(667,100042,59613)
    ,(668,100451,67150)
    ,(669,102744,72391)
    ,(670,100297,69950)
    ,(671,102561,72887)
    ,(672,102628,64910)
    ,(673,100042,71270)
    ,(674,100062,26100)
    ,(675,100001,75780)
    ,(676,100346,7040)
    ,(677,100184,19861)
    ,(678,102628,57182)
    ,(679,100269,63500)
    ,(680,102704,48974)
    ,(681,100340,70587)
    ,(682,100205,76770)
    ,(683,100039,70850)
    ,(684,102576,58811)
    ,(685,102552,40097)
    ,(686,100173,55371)
    ,(687,100246,59550)
    ,(688,100336,73130)
    ,(689,102747,47205)
    ,(690,100009,48972)
    ,(691,100202,77490)
    ,(692,100336,15030)
    ,(693,100005,43714)
    ,(694,100224,45910)
    ,(695,100224,13640)
    ,(696,100269,24700)
    ,(697,100009,57459)
    ,(698,102574,60806)
    ,(699,100473,38670)
    ,(700,100018,14200)
    ,(701,100177,58085)
    ,(702,100289,42210)
    ,(703,102638,99752)
    ,(704,100346,81186)
    ,(705,100205,7630)
    ,(706,100068,65720)
    ,(707,100104,62303)
    ,(708,102634,82160)
    ,(709,100016,34980)
    ,(710,100249,29236)
    ,(711,100002,29431)
    ,(712,102703,28180)
    ,(713,100169,56164)
    ,(714,100223,32610)
    ,(715,102554,74202)
    ,(716,100162,71355)
    ,(717,102705,26020)
    ,(718,102619,22264)
    ,(719,100344,61230)
    ,(720,100249,62081)
    ,(721,100184,13500)
    ,(722,100177,99330)
    ,(723,100111,2630)
    ,(724,100136,1490)
    ,(725,100263,41950)
    ,(726,100292,25880)
    ,(727,100228,11820)
    ,(728,100045,14280)
    ,(729,100004,83704)
    ,(730,100290,5910)
    ,(731,102574,75320)
    ,(732,100001,16890)
    ,(733,102548,42390)
    ,(734,102729,56795)
    ,(735,100099,35540)
    ,(736,100512,41123)
    ,(737,102744,29680)
    ,(738,102552,75992)
    ,(739,100341,70003)
    ,(740,100009,2120)
    ,(741,100006,85040)
    ,(742,100177,8403)
    ,(743,100006,64456)
    ,(744,100300,76830)
    ,(745,100039,15570)
    ,(746,102704,39428)
    ,(747,102581,60840)
    ,(748,100275,35660)
    ,(749,102638,18180)
    ,(750,100133,76309)
    ,(751,100263,31220)
    ,(752,100292,73953)
    ,(753,102638,51651)
    ,(754,102652,60568)
    ,(755,100113,67420)
    ,(756,102555,81731)
    ,(757,100205,62096)
    ,(758,100002,74560)
    ,(759,100132,74451)
    ,(760,102574,59370)
    ,(761,100246,64760)
    ,(762,102593,46730)
    ,(763,102718,25140)
    ,(764,100074,75982)
    ,(765,100072,99460)
    ,(766,102729,80486)
    ,(767,100337,7140)
    ,(768,100068,58079)
    ,(769,100336,84015)
    ,(770,102552,69550)
    ,(771,100146,55943)
    ,(772,100073,42550)
    ,(773,100336,19830)
    ,(774,100269,6420)
    ,(775,102552,24440)
    ,(776,100203,18465)
    ,(777,100009,45023)
    ,(778,100023,56872)
    ,(779,100132,9976)
    ,(780,102720,62216)
    ,(781,100005,2370)
    ,(782,102719,58500)
    ,(783,102720,27590)
    ,(784,100137,60186)
    ,(785,100177,68460)
    ,(786,100487,26870)
    ,(787,100336,52051)
    ,(788,100028,64840)
    ,(789,100078,16200)
    ,(790,100487,72060)
    ,(791,100078,85855)
    ,(792,102619,58148)
    ,(793,100132,49770)
    ,(794,100139,1651)
    ,(795,100239,57218)
    ,(796,100459,80680)
    ,(797,100341,57156)
    ,(798,100249,74347)
    ,(799,100336,55661)
    ,(800,102702,22557)
    ,(801,100062,82720)
    ,(802,100003,11480)
    ,(803,100031,12496)
    ,(804,102732,64285)
    ,(805,100017,82140)
    ,(806,102719,8485)
    ,(807,102702,55370)
    ,(808,100229,70676)
    ,(809,102746,40030)
    ,(810,100214,2255)
    ,(811,100473,81838)
    ,(812,102746,71133)
    ,(813,100481,24920)
    ,(814,100340,31560)
    ,(815,100290,81234)
    ,(816,100137,81243)
    ,(817,100039,16240)
    ,(818,100224,48660)
    ,(819,102557,80890)
    ,(820,100292,26400)
    ,(821,100024,80051)
    ,(822,102615,74318)
    ,(823,102576,70590)
    ,(824,100236,80700)
    ,(825,100210,32433)
    ,(826,100111,25765)
    ,(827,102615,64375)
    ,(828,100487,12842)
    ,(829,100297,1551)
    ,(830,100030,62117)
    ,(831,100039,59876)
    ,(832,100202,69874)
    ,(833,102557,6770)
    ,(834,100254,55944)
    ,(835,102552,27670)
    ,(836,100269,81724)
    ,(837,100242,79540)
    ,(838,100249,50712)
    ,(839,100173,123)
    ,(840,100459,970)
    ,(841,102720,74002)
    ,(842,100292,62212)
    ,(843,100113,82540)
    ,(844,100249,58340)
    ,(845,100340,80669)
    ,(846,100224,57438)
    ,(847,102554,38962)
    ,(848,102554,61453)
    ,(849,100489,81428)
    ,(850,100340,71347)
    ,(851,100048,14190)
    ,(852,100002,59036)
    ,(853,100496,58960)
    ,(854,102638,30530)
    ,(855,102561,6693)
    ,(856,100132,36791)
    ,(857,100203,17780)
    ,(858,100264,85393)
    ,(859,102736,59555)
    ,(860,102699,77480)
    ,(861,100264,59568)
    ,(862,102652,81144)
    ,(863,100062,70280)
    ,(864,100184,16390)
    ,(865,100487,50350)
    ,(866,102548,61510)
    ,(867,102702,60646)
    ,(868,100236,12450)
    ,(869,102745,31670)
    ,(870,102699,65928)
    ,(871,102555,1652)
    ,(872,100489,24500)
    ,(873,100272,82540)
    ,(874,100003,27660)
    ,(875,100001,65042)
    ,(876,100017,109)
    ,(877,102720,46221)
    ,(878,102699,99476)
    ,(879,100341,42540)
    ,(880,100074,99420)
    ,(881,100028,3710)
    ,(882,100229,50075)
    ,(883,100347,25792)
    ,(884,100447,35100)
    ,(885,100289,3920)
    ,(886,102574,47110)
    ,(887,100042,49490)
    ,(888,102744,17698)
    ,(889,102715,70828)
    ,(890,102647,11700)
    ,(891,100136,57856)
    ,(892,102718,40873)
    ,(893,100002,6685)
    ,(894,100042,1073)
    ,(895,100232,36525)
    ,(896,100300,43712)
    ,(897,100263,81462)
    ,(898,100026,12841)
    ,(899,100337,49520)
    ,(900,100219,64290)
    ,(901,102554,12460)
    ,(902,100045,39469)
    ,(903,102718,57440)
    ,(904,102736,64650)
    ,(905,102652,68180)
    ,(906,100289,65300)
    ,(907,100511,47255)
    ,(908,102554,58050)
    ,(909,100078,36320)
    ,(910,100060,60902)
    ,(911,102555,29301)
    ,(912,102746,25890)
    ,(913,102628,59096)
    ,(914,100203,28376)
    ,(915,100196,39473)
    ,(916,100481,82247)
    ,(917,100136,30380)
    ,(918,100023,42120)
    ,(919,100272,68599)
    ,(920,100489,40807)
    ,(921,100162,41010)
    ,(922,100003,41955)
    ,(923,100017,79521)
    ,(924,102747,46600)
    ,(925,100473,83620)
    ,(926,100042,73042)
    ,(927,100072,20910)
    ,(928,100487,36110)
    ,(929,102699,31530)
    ,(930,100290,22510)
    ,(931,100160,58779)
    ,(932,100004,69670)
    ,(933,100132,29247)
    ,(934,102715,49732)
    ,(935,100232,22490)
    ,(936,102745,47430)
    ,(937,100473,76620)
    ,(938,100060,39476)
    ,(939,100017,17830)
    ,(940,100229,30310)
    ,(941,102652,74476)
    ,(942,102647,36430)
    ,(943,100048,17900)
    ,(944,102574,18320)
    ,(945,102557,32630)
    ,(946,102628,17180)
    ,(947,100177,39440)
    ,(948,102703,65660)
    ,(949,102628,45145)
    ,(950,100290,64435)
    ,(951,100045,77570)
    ,(952,102747,60576)
    ,(953,102746,17460)
    ,(954,102715,91699)
    ,(955,100193,65500)
    ,(956,100346,61082)
    ,(957,100073,16390)
    ,(958,100184,43095)
    ,(959,100239,59872)
    ,(960,102576,64490)
    ,(961,100018,57183)
    ,(962,102747,72522)
    ,(963,102718,60527)
    ,(964,100039,27335)
    ,(965,100344,61453)
    ,(966,100252,8040)
    ,(967,100264,3240)
    ,(968,100487,51380)
    ,(969,102734,57892)
    ,(970,102554,73600)
    ,(971,100011,19980)
    ,(972,100006,22050)
    ,(973,102747,65460)
    ,(974,102574,6850)
    ,(975,100246,36580)
    ,(976,102736,85210)
    ,(977,102552,61530)
    ,(978,100300,58900)
    ,(979,100203,57203)
    ,(980,100089,21350)
    ,(981,100495,13420)
    ,(982,100186,67022)
    ,(983,100347,950)
    ,(984,102718,56480)
    ,(985,100045,70826)
    ,(986,102720,31134)
    ,(987,102581,76234)
    ,(988,100018,76790)
    ,(989,102561,30960)
    ,(990,100224,52081)
    ,(991,102647,26770)
    ,(992,100225,50445)
    ,(993,100292,29700)
    ,(994,100045,2870)
    ,(995,100003,16920)
    ,(996,102548,85090)
    ,(997,100089,18840)
    ,(998,100451,104)
    ,(999,100240,9612)
    ,(1000,100011,76030);
SET IDENTITY_INSERT route_stations off

SET IDENTITY_INSERT buses on
INSERT INTO buses(bus_id,bus_type,bus_driver_id) 
VALUES
    (1,'double decker',5)
    ,(2,'short coach',76)
    ,(3,'hybrid bus',130)
    ,(4,'long coach',193)
    ,(5,'hybrid bus',129)
    ,(6,'short coach',6)
    ,(7,'mini bus',179)
    ,(8,'long coach',8)
    ,(9,'hybrid bus',263)
    ,(10,'long coach',25)
    ,(11,'long coach',194)
    ,(12,'electric bus',204)
    ,(13,'electric bus',157)
    ,(14,'long coach',18)
    ,(15,'short coach',71)
    ,(16,'hybrid bus',70)
    ,(17,'long coach',270)
    ,(18,'long coach',91)
    ,(19,'electric bus',135)
    ,(20,'hybrid bus',74)
    ,(21,'mini bus',187)
    ,(22,'double decker',254)
    ,(23,'mini bus',140)
    ,(24,'double decker',18)
    ,(25,'double decker',79)
    ,(26,'mini bus',267)
    ,(27,'mini bus',174)
    ,(28,'long coach',49)
    ,(29,'electric bus',21)
    ,(30,'electric bus',165)
    ,(31,'mini bus',259)
    ,(32,'electric bus',231)
    ,(33,'double decker',27)
    ,(34,'electric bus',45)
    ,(35,'short coach',297)
    ,(36,'hybrid bus',287)
    ,(37,'long coach',236)
    ,(38,'double decker',70)
    ,(39,'mini bus',244)
    ,(40,'short coach',256)
    ,(41,'electric bus',10)
    ,(42,'double decker',135)
    ,(43,'long coach',44)
    ,(44,'double decker',146)
    ,(45,'hybrid bus',192)
    ,(46,'short coach',63)
    ,(47,'short coach',206)
    ,(48,'electric bus',78)
    ,(49,'double decker',281)
    ,(50,'short coach',149)
    ,(51,'mini bus',165)
    ,(52,'hybrid bus',64)
    ,(53,'mini bus',300)
    ,(54,'long coach',293)
    ,(55,'short coach',26)
    ,(56,'double decker',253)
    ,(57,'double decker',44)
    ,(58,'electric bus',268)
    ,(59,'short coach',54)
    ,(60,'electric bus',219)
    ,(61,'short coach',137)
    ,(62,'short coach',260)
    ,(63,'electric bus',158)
    ,(64,'short coach',230)
    ,(65,'double decker',216)
    ,(66,'electric bus',44)
    ,(67,'short coach',240)
    ,(68,'electric bus',182)
    ,(69,'double decker',271)
    ,(70,'double decker',24)
    ,(71,'double decker',19)
    ,(72,'electric bus',94)
    ,(73,'short coach',138)
    ,(74,'hybrid bus',130)
    ,(75,'long coach',222)
    ,(76,'short coach',155)
    ,(77,'electric bus',15)
    ,(78,'mini bus',21)
    ,(79,'hybrid bus',120)
    ,(80,'mini bus',12)
    ,(81,'long coach',176)
    ,(82,'mini bus',224)
    ,(83,'mini bus',238)
    ,(84,'short coach',121)
    ,(85,'mini bus',9)
    ,(86,'long coach',284)
    ,(87,'mini bus',197)
    ,(88,'double decker',252)
    ,(89,'long coach',36)
    ,(90,'mini bus',27)
    ,(91,'short coach',224)
    ,(92,'double decker',186)
    ,(93,'double decker',81)
    ,(94,'long coach',103)
    ,(95,'hybrid bus',282)
    ,(96,'long coach',147)
    ,(97,'short coach',138)
    ,(98,'hybrid bus',19)
    ,(99,'hybrid bus',40)
    ,(100,'short coach',129)
    ,(101,'mini bus',163)
    ,(102,'hybrid bus',252)
    ,(103,'electric bus',88)
    ,(104,'mini bus',78)
    ,(105,'electric bus',50)
    ,(106,'short coach',128)
    ,(107,'short coach',157)
    ,(108,'long coach',264)
    ,(109,'long coach',219)
    ,(110,'short coach',221)
    ,(111,'double decker',290)
    ,(112,'long coach',153)
    ,(113,'hybrid bus',102)
    ,(114,'mini bus',65)
    ,(115,'double decker',155)
    ,(116,'electric bus',23)
    ,(117,'electric bus',116)
    ,(118,'long coach',203)
    ,(119,'electric bus',19)
    ,(120,'hybrid bus',235)
    ,(121,'mini bus',250)
    ,(122,'long coach',138)
    ,(123,'hybrid bus',30)
    ,(124,'mini bus',199)
    ,(125,'hybrid bus',187)
    ,(126,'mini bus',13)
    ,(127,'electric bus',253)
    ,(128,'hybrid bus',58)
    ,(129,'short coach',135)
    ,(130,'electric bus',184)
    ,(131,'mini bus',96)
    ,(132,'hybrid bus',110)
    ,(133,'double decker',295)
    ,(134,'mini bus',197)
    ,(135,'hybrid bus',177)
    ,(136,'short coach',237)
    ,(137,'double decker',85)
    ,(138,'double decker',263)
    ,(139,'electric bus',282)
    ,(140,'short coach',169)
    ,(141,'mini bus',108)
    ,(142,'mini bus',242)
    ,(143,'double decker',151)
    ,(144,'mini bus',137)
    ,(145,'long coach',22)
    ,(146,'hybrid bus',79)
    ,(147,'hybrid bus',296)
    ,(148,'long coach',86)
    ,(149,'electric bus',234)
    ,(150,'hybrid bus',299)
    ,(151,'hybrid bus',128)
    ,(152,'electric bus',34)
    ,(153,'short coach',226)
    ,(154,'hybrid bus',233)
    ,(155,'electric bus',138)
    ,(156,'double decker',21)
    ,(157,'mini bus',22)
    ,(158,'electric bus',250)
    ,(159,'mini bus',247)
    ,(160,'hybrid bus',35)
    ,(161,'mini bus',173)
    ,(162,'short coach',281)
    ,(163,'short coach',113)
    ,(164,'mini bus',147)
    ,(165,'short coach',239)
    ,(166,'hybrid bus',157)
    ,(167,'double decker',50)
    ,(168,'hybrid bus',35)
    ,(169,'hybrid bus',293)
    ,(170,'long coach',209)
    ,(171,'hybrid bus',34)
    ,(172,'double decker',132)
    ,(173,'short coach',45)
    ,(174,'double decker',137)
    ,(175,'hybrid bus',218)
    ,(176,'electric bus',161)
    ,(177,'double decker',32)
    ,(178,'mini bus',262)
    ,(179,'long coach',220)
    ,(180,'double decker',17)
    ,(181,'electric bus',275)
    ,(182,'long coach',38)
    ,(183,'double decker',19)
    ,(184,'electric bus',196)
    ,(185,'short coach',286)
    ,(186,'short coach',166)
    ,(187,'long coach',174)
    ,(188,'electric bus',61)
    ,(189,'short coach',205)
    ,(190,'hybrid bus',63)
    ,(191,'hybrid bus',167)
    ,(192,'electric bus',249)
    ,(193,'double decker',1)
    ,(194,'electric bus',224)
    ,(195,'mini bus',242)
    ,(196,'hybrid bus',3)
    ,(197,'short coach',235)
    ,(198,'hybrid bus',254)
    ,(199,'short coach',267)
    ,(200,'hybrid bus',1)
    ,(201,'mini bus',93)
    ,(202,'mini bus',149)
    ,(203,'long coach',257)
    ,(204,'double decker',25)
    ,(205,'hybrid bus',145)
    ,(206,'electric bus',3)
    ,(207,'mini bus',180)
    ,(208,'mini bus',292)
    ,(209,'short coach',27)
    ,(210,'electric bus',244)
    ,(211,'hybrid bus',265)
    ,(212,'long coach',21)
    ,(213,'hybrid bus',22)
    ,(214,'mini bus',31)
    ,(215,'double decker',93)
    ,(216,'short coach',67)
    ,(217,'hybrid bus',60)
    ,(218,'electric bus',71)
    ,(219,'long coach',56)
    ,(220,'long coach',281)
    ,(221,'double decker',189)
    ,(222,'electric bus',77)
    ,(223,'mini bus',88)
    ,(224,'electric bus',48)
    ,(225,'mini bus',46)
    ,(226,'short coach',244)
    ,(227,'short coach',66)
    ,(228,'hybrid bus',90)
    ,(229,'short coach',264)
    ,(230,'electric bus',281)
    ,(231,'short coach',228)
    ,(232,'electric bus',28)
    ,(233,'long coach',18)
    ,(234,'hybrid bus',178)
    ,(235,'double decker',192)
    ,(236,'hybrid bus',287)
    ,(237,'double decker',62)
    ,(238,'long coach',120)
    ,(239,'double decker',102)
    ,(240,'double decker',27)
    ,(241,'long coach',162)
    ,(242,'short coach',212)
    ,(243,'electric bus',290)
    ,(244,'double decker',100)
    ,(245,'short coach',271)
    ,(246,'long coach',157)
    ,(247,'short coach',44)
    ,(248,'electric bus',86)
    ,(249,'long coach',208)
    ,(250,'electric bus',222)
    ,(251,'mini bus',185)
    ,(252,'long coach',195)
    ,(253,'mini bus',117)
    ,(254,'double decker',1)
    ,(255,'long coach',218)
    ,(256,'electric bus',151)
    ,(257,'long coach',268)
    ,(258,'electric bus',155)
    ,(259,'mini bus',196)
    ,(260,'double decker',129)
    ,(261,'double decker',175)
    ,(262,'double decker',33)
    ,(263,'long coach',53)
    ,(264,'electric bus',118)
    ,(265,'mini bus',41)
    ,(266,'mini bus',72)
    ,(267,'short coach',95)
    ,(268,'mini bus',67)
    ,(269,'short coach',89)
    ,(270,'double decker',181)
    ,(271,'mini bus',102)
    ,(272,'long coach',26)
    ,(273,'electric bus',20)
    ,(274,'double decker',244)
    ,(275,'hybrid bus',55)
    ,(276,'long coach',168)
    ,(277,'electric bus',7)
    ,(278,'long coach',299)
    ,(279,'short coach',25)
    ,(280,'electric bus',294)
    ,(281,'hybrid bus',280)
    ,(282,'short coach',15)
    ,(283,'long coach',181)
    ,(284,'electric bus',169)
    ,(285,'long coach',38)
    ,(286,'long coach',57)
    ,(287,'double decker',209)
    ,(288,'short coach',133)
    ,(289,'hybrid bus',205)
    ,(290,'short coach',43)
    ,(291,'electric bus',266)
    ,(292,'mini bus',171)
    ,(293,'double decker',87)
    ,(294,'electric bus',157)
    ,(295,'mini bus',218)
    ,(296,'short coach',151)
    ,(297,'electric bus',131)
    ,(298,'double decker',227)
    ,(299,'electric bus',287)
    ,(300,'electric bus',292);
SET IDENTITY_INSERT buses off

SET IDENTITY_INSERT bus_driver on
INSERT INTO bus_driver(bus_driver_id,bus_driver_firstname,bus_driver_lastname) 
VALUES
    (1,'Karyn','Tomlins')
    ,(2,'Hermine','Mariyushkin')
    ,(3,'Kendricks','Wanklin')
    ,(4,'Bernetta','Fell')
    ,(5,'Penelopa','Pugh')
    ,(6,'Lyndy','Stickells')
    ,(7,'Vitoria','Simonett')
    ,(8,'Jillana','Maymand')
    ,(9,'Garrik','Geldard')
    ,(10,'Nobe','Brandt')
    ,(11,'Wendel','Timmons')
    ,(12,'Estrella','Kidstoun')
    ,(13,'Kristoforo','Rushbrooke')
    ,(14,'Ema','Dike')
    ,(15,'Myrlene','Layne')
    ,(16,'Hatti','Thon')
    ,(17,'Lenna','Caldecot')
    ,(18,'Danika','Slora')
    ,(19,'Hilary','Rottgers')
    ,(20,'Darill','Julien')
    ,(21,'Helen-elizabeth','Bjerkan')
    ,(22,'Stern','Neiland')
    ,(23,'Robers','Rowsell')
    ,(24,'Isiahi','Tarquinio')
    ,(25,'Sherlock','Vasilenko')
    ,(26,'Leonerd','Meran')
    ,(27,'Maure','De Vries')
    ,(28,'Andrei','Greenhalgh')
    ,(29,'Tades','Tooby')
    ,(30,'Jonathan','Klimaszewski')
    ,(31,'Cassi','Rame')
    ,(32,'Des','Cattanach')
    ,(33,'Genvieve','Bamfield')
    ,(34,'Gallard','Jewson')
    ,(35,'Tonie','Thrustle')
    ,(36,'Rusty','Jopp')
    ,(37,'Obidiah','Marqyes')
    ,(38,'Essy','Beechcraft')
    ,(39,'Skip','Ortner')
    ,(40,'Guillermo','Brevetor')
    ,(41,'Mort','Bodker')
    ,(42,'Mariel','Keay')
    ,(43,'Goran','Dougherty')
    ,(44,'Rip','Bunson')
    ,(45,'Georgie','Cassells')
    ,(46,'Louise','Mines')
    ,(47,'Zack','Clohisey')
    ,(48,'Jethro','McGurk')
    ,(49,'Ingram','Feyer')
    ,(50,'Fawne','Gennrich')
    ,(51,'Camellia','Marnes')
    ,(52,'Birk','Flear')
    ,(53,'Herve','Ussher')
    ,(54,'Lindsay','Aubry')
    ,(55,'Graig','Martinets')
    ,(56,'Gregory','Measen')
    ,(57,'Pancho','Barry')
    ,(58,'Laurianne','Tullot')
    ,(59,'Elianora','Jantot')
    ,(60,'Lois','Gheorghie')
    ,(61,'Jessey','de Tocqueville')
    ,(62,'Sutherland','Linton')
    ,(63,'Herta','Bratty')
    ,(64,'Halsy','Inwood')
    ,(65,'Eryn','Dunphy')
    ,(66,'Julianna','Brothwell')
    ,(67,'Sophronia','Tebbett')
    ,(68,'Indira','Chadburn')
    ,(69,'Torrie','Tassell')
    ,(70,'Nola','Eglington')
    ,(71,'Casi','Jarrell')
    ,(72,'Sidonnie','Paige')
    ,(73,'Raimundo','Mahoney')
    ,(74,'Rorke','Bramall')
    ,(75,'Patin','O''Feeny')
    ,(76,'Sammy','O''Leagham')
    ,(77,'Moina','Geer')
    ,(78,'Dieter','Dempster')
    ,(79,'Raphaela','Sharvell')
    ,(80,'Brook','Ashlin')
    ,(81,'Marlee','Stancliffe')
    ,(82,'Collete','Bartolomeu')
    ,(83,'Faber','Gisbourn')
    ,(84,'Emylee','Coonan')
    ,(85,'Manya','Vice')
    ,(86,'Lincoln','Fleet')
    ,(87,'Winifield','Witt')
    ,(88,'Howard','Cristofolo')
    ,(89,'Rozanna','Schuricht')
    ,(90,'Cloris','Chellingworth')
    ,(91,'Aloin','Stille')
    ,(92,'Cara','Carn')
    ,(93,'Brett','Milan')
    ,(94,'Maiga','Smithyman')
    ,(95,'Drusilla','Miall')
    ,(96,'Vonnie','Brettel')
    ,(97,'Gwynne','Denson')
    ,(98,'Farris','Sillito')
    ,(99,'Isahella','Road')
    ,(100,'Brendon','Kembley')
    ,(101,'Charo','Lauridsen')
    ,(102,'Quintina','Sage')
    ,(103,'Chalmers','Offen')
    ,(104,'Annelise','Arbor')
    ,(105,'Gabi','Dobey')
    ,(106,'Marna','O''Cridigan')
    ,(107,'Kerry','Blastock')
    ,(108,'Adolphus','Iacovini')
    ,(109,'Cosme','Smithe')
    ,(110,'Shelli','Morcombe')
    ,(111,'Morey','Ricarde')
    ,(112,'Moore','Hefford')
    ,(113,'Moise','Fallowfield')
    ,(114,'Wesley','Wedge')
    ,(115,'Pandora','Ubanks')
    ,(116,'Batsheva','Brinkler')
    ,(117,'Leland','Taylder')
    ,(118,'Paddie','Kissock')
    ,(119,'Clarinda','Farlham')
    ,(120,'Lawrence','Youtead')
    ,(121,'Giselbert','Baxter')
    ,(122,'Waldo','Aysik')
    ,(123,'Annemarie','Roglieri')
    ,(124,'Angel','Lawtie')
    ,(125,'Emlynne','McFetridge')
    ,(126,'Averil','McLanachan')
    ,(127,'Geraldine','Esch')
    ,(128,'Carleen','Mowat')
    ,(129,'Adelaide','Bassford')
    ,(130,'Harriette','Luney')
    ,(131,'Saxon','Prendeville')
    ,(132,'Vivian','Fountaine')
    ,(133,'Prudy','Python')
    ,(134,'Shawnee','Di Batista')
    ,(135,'Mercie','Fleeman')
    ,(136,'Maurene','Sawrey')
    ,(137,'Noah','Cumo')
    ,(138,'Gwenneth','Moffett')
    ,(139,'Luigi','Kollas')
    ,(140,'Dyann','Lyst')
    ,(141,'Osgood','Ennew')
    ,(142,'Clarke','Pietzner')
    ,(143,'Lorena','Paradin')
    ,(144,'Guendolen','Laskey')
    ,(145,'Dulcine','Bratt')
    ,(146,'Peirce','Zmitruk')
    ,(147,'Nadya','Measures')
    ,(148,'Lucinda','Sarjeant')
    ,(149,'Wald','Haylands')
    ,(150,'Almeta','Gierek')
    ,(151,'Delcina','Nieass')
    ,(152,'Abran','Sylvester')
    ,(153,'Alla','Hardware')
    ,(154,'Edgardo','Haythornthwaite')
    ,(155,'Ariel','Breeze')
    ,(156,'Abran','Pactat')
    ,(157,'Geri','Braizier')
    ,(158,'Wenonah','Gatland')
    ,(159,'Lillian','Hackney')
    ,(160,'Barrie','Sherwin')
    ,(161,'Bradan','Kohnemann')
    ,(162,'Abbey','Hernik')
    ,(163,'Levon','Choudhury')
    ,(164,'Brett','Mylechreest')
    ,(165,'Iona','Tarquinio')
    ,(166,'Magdalene','Goghin')
    ,(167,'Marnia','Dillistone')
    ,(168,'Joy','Heinish')
    ,(169,'Chrissy','Kirkebye')
    ,(170,'Rolando','Moule')
    ,(171,'Sidonia','Shropsheir')
    ,(172,'Kimberlyn','Trippick')
    ,(173,'Shamus','Durward')
    ,(174,'Vonny','Mulryan')
    ,(175,'Arielle','Paylor')
    ,(176,'Clotilda','MacNair')
    ,(177,'Kenna','Winkworth')
    ,(178,'Theodor','Batie')
    ,(179,'Delphine','Mannion')
    ,(180,'Amby','Sewall')
    ,(181,'Hildegarde','Bergin')
    ,(182,'Colin','Mc Trusty')
    ,(183,'Jo','McElvine')
    ,(184,'Mandi','Elgy')
    ,(185,'Norrie','Wrightim')
    ,(186,'Ty','Benton')
    ,(187,'Bill','Suller')
    ,(188,'Ardra','Fasler')
    ,(189,'Judy','Chagg')
    ,(190,'Augustina','Winteringham')
    ,(191,'Germaine','Danieli')
    ,(192,'Zilvia','Pattinson')
    ,(193,'Willyt','Sewart')
    ,(194,'Kirsti','Pegram')
    ,(195,'Alisander','Gormley')
    ,(196,'Dom','Millea')
    ,(197,'Cris','Beechcraft')
    ,(198,'Darren','Fessier')
    ,(199,'Ramona','Lettington')
    ,(200,'Griswold','Fendlen')
    ,(201,'Manda','Cocozza')
    ,(202,'Townie','Zanutti')
    ,(203,'Nancey','Danilowicz')
    ,(204,'Oneida','Winscomb')
    ,(205,'Russ','Islep')
    ,(206,'Laverna','Sauvan')
    ,(207,'Westleigh','Wetheril')
    ,(208,'Gael','Goodisson')
    ,(209,'Arlina','Mauchlen')
    ,(210,'Netta','Billsberry')
    ,(211,'Mae','Orpyne')
    ,(212,'Willdon','Farey')
    ,(213,'Humphrey','Soulsby')
    ,(214,'Goldia','Cheyney')
    ,(215,'Hilly','Snoden')
    ,(216,'Dalenna','MacCulloch')
    ,(217,'Mac','Bynold')
    ,(218,'Davina','Basham')
    ,(219,'Glad','Shoorbrooke')
    ,(220,'Athena','Kirdsch')
    ,(221,'Rolland','Johnsey')
    ,(222,'Gauthier','Gorbell')
    ,(223,'Wallis','Willimott')
    ,(224,'Ottilie','Milberry')
    ,(225,'Marin','Whitebrook')
    ,(226,'Jacquelynn','Iskower')
    ,(227,'Almira','Guard')
    ,(228,'Burlie','Fleischmann')
    ,(229,'Dunc','Clelle')
    ,(230,'Enrichetta','Elfe')
    ,(231,'Eamon','Acedo')
    ,(232,'Codee','Belfield')
    ,(233,'Gloriana','Fowlie')
    ,(234,'Frants','todor')
    ,(235,'Davon','Bratley')
    ,(236,'Delainey','Bartolomeoni')
    ,(237,'Danna','Shird')
    ,(238,'Eba','Allsep')
    ,(239,'Neil','McCrossan')
    ,(240,'Wendell','Chung')
    ,(241,'Tuck','Reynolds')
    ,(242,'Rina','Fernely')
    ,(243,'Aurora','Littleproud')
    ,(244,'Martguerita','Mussared')
    ,(245,'Keen','Kevis')
    ,(246,'Marleen','Tallow')
    ,(247,'Ava','Castagne')
    ,(248,'Kent','Effnert')
    ,(249,'Hillery','Hentzer')
    ,(250,'Timmie','Filippone')
    ,(251,'Lavena','Hanselmann')
    ,(252,'Hatty','Yendall')
    ,(253,'Hedwig','Barnard')
    ,(254,'Jan','Siemons')
    ,(255,'Nestor','Venditti')
    ,(256,'Clement','Keppel')
    ,(257,'Udale','Tomkin')
    ,(258,'Netta','Chilcott')
    ,(259,'Dominick','Garey')
    ,(260,'Catlin','Saxelby')
    ,(261,'Harman','Duthie')
    ,(262,'Lezlie','Plevey')
    ,(263,'Jemie','Griffin')
    ,(264,'Lena','Henstone')
    ,(265,'Johnathan','Backwell')
    ,(266,'Edyth','Moizer')
    ,(267,'Artus','Geraldi')
    ,(268,'Itch','Helstrip')
    ,(269,'Basil','Simmonett')
    ,(270,'Tallie','Braganca')
    ,(271,'Micky','Balls')
    ,(272,'Mariska','Nuccii')
    ,(273,'Jereme','Kuhlen')
    ,(274,'Giacobo','Felgate')
    ,(275,'Laughton','McCaw')
    ,(276,'Christoper','Culkin')
    ,(277,'Lyndsie','Skedgell')
    ,(278,'Sherwood','Kennagh')
    ,(279,'Raimundo','Menci')
    ,(280,'Kelbee','Petracco')
    ,(281,'Lynnell','Beardsley')
    ,(282,'Ryann','Boddice')
    ,(283,'Marylynne','Britten')
    ,(284,'Augy','Hanigan')
    ,(285,'Inglis','Sneaker')
    ,(286,'Alano','Cowterd')
    ,(287,'Dexter','Kristufek')
    ,(288,'Eugenius','Woolatt')
    ,(289,'Whitney','Amys')
    ,(290,'Pablo','Dibson')
    ,(291,'Roseline','Schlagman')
    ,(292,'Benyamin','Guerreau')
    ,(293,'Domeniga','Girkin')
    ,(294,'Linda','Yeld')
    ,(295,'Sarah','Lowthorpe')
    ,(296,'Blondie','Beedie')
    ,(297,'Sheryl','Keoghan')
    ,(298,'Onfre','Diviney')
    ,(299,'Packston','Wardley')
    ,(300,'Hillyer','Lightollers');
SET IDENTITY_INSERT bus_driver off

SET IDENTITY_INSERT trip_details on
INSERT INTO trip_details(trip_detail_id,bus_id,trip_start_time,trip_end_time,route_id,rider_id) 
VALUES
    (1,263,'9/19/2024 7:35','9/19/2024 9:06',100024,954)
    ,(2,202,'9/23/2023 21:21','9/23/2023 22:26',100009,751)
    ,(3,5,'7/21/2024 22:52','7/21/2024 23:49',100074,878)
    ,(4,66,'12/14/2023 7:24','12/14/2023 8:15',102734,625)
    ,(5,150,'8/2/2023 20:15','8/2/2023 21:55',100002,412)
    ,(6,104,'9/9/2023 0:04','9/9/2023 0:39',100496,428)
    ,(7,1,'5/30/2024 6:11','5/30/2024 7:50',100210,913)
    ,(8,144,'3/14/2024 1:38','3/14/2024 2:50',100210,740)
    ,(9,170,'2/12/2024 16:03','2/12/2024 16:43',100048,965)
    ,(10,117,'8/12/2023 15:49','8/12/2023 16:43',102647,926)
    ,(11,285,'4/22/2024 0:45','4/22/2024 1:36',100011,304)
    ,(12,194,'6/25/2024 19:50','6/25/2024 20:11',102744,194)
    ,(13,147,'6/11/2024 23:00','6/11/2024 23:07',100160,916)
    ,(14,282,'9/12/2024 21:13','9/12/2024 22:44',100230,322)
    ,(15,28,'5/19/2024 21:22','5/19/2024 21:46',102705,155)
    ,(16,296,'7/7/2024 23:42','7/8/2024 0:21',100031,44)
    ,(17,133,'7/8/2024 1:55','7/8/2024 3:14',100290,177)
    ,(18,97,'3/14/2024 11:01','3/14/2024 12:10',100139,115)
    ,(19,141,'9/15/2024 17:52','9/15/2024 18:48',102717,681)
    ,(20,243,'2/19/2024 3:40','2/19/2024 4:15',100229,314)
    ,(21,158,'8/23/2024 3:37','8/23/2024 5:19',102628,857)
    ,(22,18,'6/29/2024 14:39','6/29/2024 14:48',102720,273)
    ,(23,255,'7/20/2023 10:03','7/20/2023 11:36',100254,904)
    ,(24,184,'9/4/2023 12:24','9/4/2023 13:06',100101,357)
    ,(25,164,'10/27/2023 15:27','10/27/2023 15:39',100073,662)
    ,(26,58,'4/20/2024 4:23','4/20/2024 5:50',100139,829)
    ,(27,146,'7/21/2023 15:36','7/21/2023 16:14',100347,311)
    ,(28,175,'9/10/2024 8:09','9/10/2024 8:30',100487,479)
    ,(29,80,'8/10/2023 1:53','8/10/2023 3:29',102746,607)
    ,(30,165,'7/18/2023 16:10','7/18/2023 17:50',102746,99)
    ,(31,156,'12/13/2023 0:30','12/13/2023 1:12',100132,45)
    ,(32,136,'4/16/2024 3:59','4/16/2024 5:06',102615,96)
    ,(33,35,'1/26/2024 11:44','1/26/2024 12:36',102636,762)
    ,(34,30,'9/18/2024 7:43','9/18/2024 8:14',100161,501)
    ,(35,139,'11/1/2024 2:58','11/1/2024 3:09',100242,448)
    ,(36,109,'7/18/2023 13:01','7/18/2023 13:35',102717,778)
    ,(37,199,'9/4/2024 8:23','9/4/2024 9:41',100447,967)
    ,(38,48,'7/23/2024 6:49','7/23/2024 7:25',100202,622)
    ,(39,132,'8/14/2024 2:52','8/14/2024 3:39',100016,28)
    ,(40,15,'5/29/2024 7:33','5/29/2024 8:27',100072,495)
    ,(41,138,'11/2/2024 9:16','11/2/2024 10:30',100184,488)
    ,(42,59,'9/17/2024 0:02','9/17/2024 1:15',102718,605)
    ,(43,53,'7/4/2024 15:35','7/4/2024 15:45',100026,476)
    ,(44,217,'8/9/2024 0:05','8/9/2024 1:47',100347,993)
    ,(45,29,'10/5/2023 4:40','10/5/2023 6:26',100263,282)
    ,(46,69,'10/21/2023 23:01','10/22/2023 0:38',100028,225)
    ,(47,249,'8/11/2023 20:01','8/11/2023 21:21',100160,470)
    ,(48,255,'8/23/2023 0:23','8/23/2023 1:35',100173,586)
    ,(49,270,'6/7/2023 18:22','6/7/2023 18:42',100239,409)
    ,(50,21,'12/24/2023 21:31','12/24/2023 22:41',100048,539)
    ,(51,193,'1/8/2024 4:39','1/8/2024 5:47',100146,192)
    ,(52,219,'5/16/2024 17:30','5/16/2024 18:53',100068,782)
    ,(53,299,'8/29/2023 10:34','8/29/2023 11:39',102555,850)
    ,(54,57,'8/28/2023 22:00','8/28/2023 23:01',102628,700)
    ,(55,155,'3/12/2024 20:18','3/12/2024 21:06',100210,991)
    ,(56,56,'9/4/2023 3:24','9/4/2023 3:45',102699,126)
    ,(57,9,'7/4/2024 19:15','7/4/2024 19:35',102593,733)
    ,(58,182,'6/25/2023 11:33','6/25/2023 12:33',102576,443)
    ,(59,82,'8/29/2023 9:46','8/29/2023 11:03',100263,420)
    ,(60,126,'10/18/2023 14:21','10/18/2023 15:52',100162,924)
    ,(61,121,'8/29/2024 22:17','8/29/2024 23:24',102698,913)
    ,(62,165,'4/10/2024 4:48','4/10/2024 4:56',100139,144)
    ,(63,191,'5/20/2024 17:47','5/20/2024 18:18',100196,17)
    ,(64,54,'11/8/2024 19:05','11/8/2024 20:52',102699,75)
    ,(65,230,'9/6/2023 0:32','9/6/2023 1:12',100337,80)
    ,(66,105,'9/28/2024 10:57','9/28/2024 11:47',100104,461)
    ,(67,289,'8/7/2023 14:05','8/7/2023 15:11',100264,435)
    ,(68,101,'12/15/2023 6:39','12/15/2023 7:06',100459,224)
    ,(69,190,'3/3/2024 20:46','3/3/2024 21:04',100068,703)
    ,(70,284,'10/28/2023 17:25','10/28/2023 17:30',102628,822)
    ,(71,107,'9/9/2023 15:32','9/9/2023 15:58',102746,255)
    ,(72,159,'6/18/2024 11:20','6/18/2024 11:46',100068,277)
    ,(73,282,'3/18/2024 15:08','3/18/2024 16:44',100451,416)
    ,(74,185,'2/17/2024 18:51','2/17/2024 20:32',100023,580)
    ,(75,12,'7/27/2023 2:21','7/27/2023 2:57',100101,53)
    ,(76,57,'10/10/2024 7:42','10/10/2024 7:53',100101,957)
    ,(77,103,'11/5/2023 14:57','11/5/2023 16:01',100228,214)
    ,(78,16,'7/24/2024 8:25','7/24/2024 8:55',100214,616)
    ,(79,280,'1/15/2024 16:08','1/15/2024 16:24',100214,991)
    ,(80,177,'4/14/2024 12:14','4/14/2024 13:29',100062,547)
    ,(81,31,'6/20/2023 9:43','6/20/2023 10:15',102576,132)
    ,(82,234,'2/19/2024 5:44','2/19/2024 5:53',102628,983)
    ,(83,140,'2/27/2024 16:15','2/27/2024 17:43',102638,330)
    ,(84,187,'9/25/2024 8:13','9/25/2024 9:07',102732,279)
    ,(85,153,'9/10/2024 9:05','9/10/2024 9:06',100031,154)
    ,(86,85,'8/12/2023 20:45','8/12/2023 21:09',100045,71)
    ,(87,164,'5/21/2024 13:54','5/21/2024 14:39',100473,511)
    ,(88,146,'8/29/2023 14:39','8/29/2023 15:52',100161,449)
    ,(89,212,'6/15/2023 1:01','6/15/2023 2:44',100511,174)
    ,(90,271,'4/23/2024 0:18','4/23/2024 0:24',100214,299)
    ,(91,33,'5/15/2024 14:25','5/15/2024 14:47',100005,169)
    ,(92,281,'2/26/2024 9:41','2/26/2024 10:04',100487,602)
    ,(93,74,'8/22/2023 2:19','8/22/2023 3:37',100003,414)
    ,(94,205,'10/7/2023 19:09','10/7/2023 19:47',102745,291)
    ,(95,263,'8/4/2024 18:10','8/4/2024 18:33',102636,647)
    ,(96,293,'9/6/2024 23:01','9/7/2024 0:37',100242,487)
    ,(97,75,'8/3/2023 4:00','8/3/2023 4:49',102717,891)
    ,(98,105,'10/19/2024 7:36','10/19/2024 7:38',100078,633)
    ,(99,289,'11/2/2024 11:46','11/2/2024 12:22',100259,102)
    ,(100,258,'9/7/2024 9:45','9/7/2024 9:58',102734,117)
    ,(101,285,'11/25/2023 11:09','11/25/2023 11:11',102628,296)
    ,(102,111,'12/6/2023 3:52','12/6/2023 5:24',100031,471)
    ,(103,165,'9/16/2024 15:59','9/16/2024 16:49',100005,691)
    ,(104,37,'7/31/2024 22:50','8/1/2024 0:27',102552,595)
    ,(105,31,'1/21/2024 18:47','1/21/2024 20:24',100290,806)
    ,(106,146,'10/30/2023 4:22','10/30/2023 5:01',102615,737)
    ,(107,147,'9/3/2023 14:12','9/3/2023 15:31',102704,361)
    ,(108,144,'7/7/2023 14:11','7/7/2023 14:34',102561,536)
    ,(109,214,'1/25/2024 18:43','1/25/2024 18:43',100101,959)
    ,(110,128,'8/5/2024 9:56','8/5/2024 11:32',100161,135)
    ,(111,296,'7/7/2023 5:52','7/7/2023 7:39',102548,20)
    ,(112,57,'10/7/2023 11:25','10/7/2023 11:47',102734,678)
    ,(113,132,'10/26/2023 11:50','10/26/2023 12:06',100139,255)
    ,(114,32,'2/20/2024 16:29','2/20/2024 17:47',102552,437)
    ,(115,84,'8/13/2024 6:01','8/13/2024 7:13',100016,146)
    ,(116,243,'1/12/2024 16:52','1/12/2024 18:19',100203,770)
    ,(117,5,'2/6/2024 0:49','2/6/2024 1:33',100263,862)
    ,(118,220,'7/18/2023 20:07','7/18/2023 21:28',100023,459)
    ,(119,162,'11/9/2024 2:56','11/9/2024 3:36',100177,549)
    ,(120,73,'12/29/2023 18:47','12/29/2023 19:08',100089,28)
    ,(121,275,'11/30/2023 17:10','11/30/2023 18:32',102734,559)
    ,(122,213,'6/30/2024 22:17','6/30/2024 22:31',102703,847)
    ,(123,93,'9/18/2023 19:26','9/18/2023 19:51',100224,937)
    ,(124,71,'12/21/2023 3:06','12/21/2023 3:17',100242,645)
    ,(125,2,'5/18/2024 14:04','5/18/2024 14:07',102653,326)
    ,(126,270,'7/31/2024 15:33','7/31/2024 16:58',100133,676)
    ,(127,297,'6/3/2024 14:22','6/3/2024 14:40',102718,421)
    ,(128,173,'11/13/2023 7:10','11/13/2023 7:24',100447,285)
    ,(129,171,'9/18/2023 21:27','9/18/2023 21:56',100336,945)
    ,(130,11,'5/31/2024 23:24','6/1/2024 1:04',102705,537)
    ,(131,194,'5/11/2024 18:19','5/11/2024 18:48',100225,177)
    ,(132,288,'3/16/2024 4:59','3/16/2024 6:03',100230,875)
    ,(133,47,'1/26/2024 15:28','1/26/2024 15:55',100177,46)
    ,(134,233,'7/20/2024 1:10','7/20/2024 2:57',100078,406)
    ,(135,267,'10/17/2024 0:19','10/17/2024 1:23',102744,598)
    ,(136,58,'1/25/2024 0:13','1/25/2024 1:11',100148,59)
    ,(137,109,'7/8/2023 23:23','7/9/2023 0:35',100133,271)
    ,(138,149,'8/18/2024 0:29','8/18/2024 1:47',102719,188)
    ,(139,192,'8/16/2024 9:44','8/16/2024 10:21',102653,613)
    ,(140,9,'8/4/2023 19:18','8/4/2023 20:50',100173,418)
    ,(141,140,'11/10/2023 8:52','11/10/2023 10:00',100264,663)
    ,(142,189,'7/11/2024 11:26','7/11/2024 11:52',100068,844)
    ,(143,131,'8/17/2024 5:11','8/17/2024 5:22',102619,309)
    ,(144,117,'12/14/2023 2:51','12/14/2023 3:22',100223,81)
    ,(145,6,'8/6/2024 1:29','8/6/2024 1:56',100137,56)
    ,(146,110,'8/20/2023 11:25','8/20/2023 12:06',100205,649)
    ,(147,44,'11/21/2023 19:02','11/21/2023 20:23',102703,377)
    ,(148,112,'11/16/2023 19:53','11/16/2023 20:22',102653,17)
    ,(149,96,'10/28/2024 15:09','10/28/2024 15:42',100229,102)
    ,(150,286,'7/19/2023 17:52','7/19/2023 18:41',100246,40)
    ,(151,118,'11/11/2023 0:08','11/11/2023 1:42',100169,333)
    ,(152,56,'8/8/2023 6:50','8/8/2023 8:26',100002,73)
    ,(153,237,'9/5/2023 2:45','9/5/2023 4:11',102746,136)
    ,(154,18,'10/7/2023 10:15','10/7/2023 11:16',102746,937)
    ,(155,214,'7/26/2023 20:46','7/26/2023 22:20',100240,493)
    ,(156,193,'8/9/2023 18:03','8/9/2023 19:41',100224,545)
    ,(157,136,'9/16/2024 10:21','9/16/2024 12:06',100113,250)
    ,(158,179,'6/13/2024 20:15','6/13/2024 21:34',100074,254)
    ,(159,277,'8/4/2024 13:08','8/4/2024 14:54',102719,474)
    ,(160,46,'11/14/2024 23:50','11/15/2024 1:23',100089,192)
    ,(161,243,'4/10/2024 16:36','4/10/2024 17:10',100225,490)
    ,(162,82,'6/24/2024 11:26','6/24/2024 12:12',102747,504)
    ,(163,135,'3/6/2024 5:39','3/6/2024 6:32',102702,109)
    ,(164,169,'10/22/2024 22:52','10/22/2024 23:33',100346,457)
    ,(165,156,'6/6/2023 23:35','6/6/2023 23:46',100340,118)
    ,(166,267,'6/30/2024 17:10','6/30/2024 18:32',102638,313)
    ,(167,228,'9/19/2024 13:34','9/19/2024 14:25',100264,67)
    ,(168,189,'6/28/2024 20:23','6/28/2024 20:33',100214,866)
    ,(169,205,'8/7/2024 9:33','8/7/2024 11:17',100133,387)
    ,(170,63,'9/30/2023 12:52','9/30/2023 14:00',102746,28)
    ,(171,112,'2/19/2024 0:52','2/19/2024 2:15',102593,583)
    ,(172,110,'5/3/2024 14:27','5/3/2024 15:44',100048,138)
    ,(173,94,'1/16/2024 18:07','1/16/2024 19:15',100300,283)
    ,(174,145,'10/2/2023 17:20','10/2/2023 18:10',102747,743)
    ,(175,204,'4/16/2024 6:30','4/16/2024 7:37',100236,433)
    ,(176,76,'6/11/2023 0:20','6/11/2023 1:49',100214,937)
    ,(177,233,'8/6/2023 17:58','8/6/2023 18:52',102698,842)
    ,(178,5,'10/28/2023 3:50','10/28/2023 3:56',102557,580)
    ,(179,79,'11/10/2023 16:23','11/10/2023 17:02',102704,681)
    ,(180,56,'9/22/2023 6:21','9/22/2023 7:09',100073,776)
    ,(181,293,'4/21/2024 17:46','4/21/2024 19:16',100202,40)
    ,(182,129,'2/12/2024 7:41','2/12/2024 8:24',100099,593)
    ,(183,249,'10/20/2023 4:41','10/20/2023 6:04',100169,276)
    ,(184,217,'5/21/2024 21:22','5/21/2024 22:59',102615,821)
    ,(185,165,'3/26/2024 6:04','3/26/2024 6:40',100113,87)
    ,(186,6,'7/14/2024 0:14','7/14/2024 1:22',100205,169)
    ,(187,220,'11/9/2024 19:13','11/9/2024 19:35',102704,422)
    ,(188,79,'10/30/2023 13:47','10/30/2023 13:54',100060,637)
    ,(189,78,'4/17/2024 20:46','4/17/2024 22:06',102747,517)
    ,(190,272,'6/9/2024 22:32','6/9/2024 22:58',100160,212)
    ,(191,234,'6/9/2023 23:28','6/10/2023 1:14',100132,554)
    ,(192,133,'7/2/2023 8:12','7/2/2023 9:44',100345,819)
    ,(193,225,'10/26/2023 3:50','10/26/2023 4:29',102636,399)
    ,(194,281,'7/19/2024 5:29','7/19/2024 6:13',102699,65)
    ,(195,178,'7/25/2023 1:04','7/25/2023 2:52',100072,766)
    ,(196,200,'9/29/2023 23:41','9/30/2023 0:40',102593,87)
    ,(197,159,'5/27/2024 4:43','5/27/2024 6:22',102647,844)
    ,(198,5,'10/13/2023 12:26','10/13/2023 14:03',100011,4)
    ,(199,195,'1/16/2024 16:07','1/16/2024 17:00',100060,533)
    ,(200,92,'10/30/2023 4:45','10/30/2023 5:25',100005,224)
    ,(201,66,'8/27/2023 3:27','8/27/2023 4:01',100060,350)
    ,(202,126,'10/25/2023 22:39','10/26/2023 0:26',100345,89)
    ,(203,138,'1/20/2024 17:03','1/20/2024 17:15',100202,813)
    ,(204,190,'5/13/2024 21:48','5/13/2024 23:03',102636,962)
    ,(205,251,'9/5/2024 19:55','9/5/2024 20:57',102576,227)
    ,(206,148,'8/21/2024 12:44','8/21/2024 13:03',102729,854)
    ,(207,262,'6/22/2023 10:37','6/22/2023 11:01',102557,782)
    ,(208,136,'7/6/2024 7:17','7/6/2024 8:34',100337,858)
    ,(209,94,'2/18/2024 15:38','2/18/2024 15:46',100205,327)
    ,(210,248,'3/20/2024 12:16','3/20/2024 13:30',100297,244)
    ,(211,17,'9/1/2023 12:01','9/1/2023 13:05',100272,369)
    ,(212,193,'3/10/2024 3:03','3/10/2024 3:18',100489,175)
    ,(213,1,'12/30/2023 21:03','12/30/2023 22:42',100161,134)
    ,(214,204,'7/1/2024 22:41','7/1/2024 23:07',100225,52)
    ,(215,280,'10/19/2023 21:11','10/19/2023 21:15',102746,271)
    ,(216,279,'6/17/2023 22:47','6/18/2023 0:33',100101,448)
    ,(217,142,'3/14/2024 18:54','3/14/2024 19:28',100078,133)
    ,(218,191,'8/2/2023 21:37','8/2/2023 22:14',100101,656)
    ,(219,255,'4/20/2024 12:27','4/20/2024 12:48',102628,108)
    ,(220,258,'8/1/2023 0:27','8/1/2023 0:49',102634,23)
    ,(221,46,'1/4/2024 6:36','1/4/2024 7:33',100104,613)
    ,(222,280,'8/11/2024 7:07','8/11/2024 7:57',100346,963)
    ,(223,149,'8/9/2024 12:21','8/9/2024 12:49',100160,497)
    ,(224,212,'7/30/2024 16:09','7/30/2024 16:49',102554,58)
    ,(225,213,'3/29/2024 23:49','3/30/2024 0:09',100006,891)
    ,(226,116,'4/3/2024 23:37','4/4/2024 1:11',100269,493)
    ,(227,26,'4/5/2024 14:25','4/5/2024 15:23',100104,348)
    ,(228,35,'7/27/2023 14:33','7/27/2023 16:11',102555,422)
    ,(229,243,'7/18/2024 13:59','7/18/2024 15:42',100340,406)
    ,(230,262,'6/6/2023 21:41','6/6/2023 23:03',100045,590)
    ,(231,239,'4/3/2024 13:43','4/3/2024 14:58',100236,485)
    ,(232,246,'4/17/2024 2:02','4/17/2024 3:15',102720,273)
    ,(233,196,'11/9/2024 20:56','11/9/2024 21:41',100489,831)
    ,(234,76,'9/29/2024 22:15','9/29/2024 23:38',100012,477)
    ,(235,40,'4/6/2024 21:43','4/6/2024 23:30',100451,754)
    ,(236,254,'8/1/2023 23:17','8/2/2023 0:35',102593,4)
    ,(237,69,'10/26/2024 12:13','10/26/2024 13:31',100031,694)
    ,(238,58,'2/15/2024 16:34','2/15/2024 17:23',100219,844)
    ,(239,106,'9/16/2023 4:16','9/16/2023 4:40',100341,839)
    ,(240,250,'7/24/2023 20:37','7/24/2023 21:38',100232,403)
    ,(241,247,'3/9/2024 6:43','3/9/2024 8:02',100099,568)
    ,(242,17,'12/22/2023 12:32','12/22/2023 12:53',100017,927)
    ,(243,227,'4/8/2024 0:14','4/8/2024 1:02',100473,737)
    ,(244,142,'7/19/2023 14:00','7/19/2023 15:33',100113,802)
    ,(245,3,'9/11/2024 3:49','9/11/2024 4:10',100031,992)
    ,(246,127,'12/29/2023 9:36','12/29/2023 11:20',100039,343)
    ,(247,133,'3/20/2024 6:27','3/20/2024 6:53',100162,41)
    ,(248,98,'5/8/2024 2:45','5/8/2024 3:19',102701,132)
    ,(249,136,'12/15/2023 0:16','12/15/2023 0:19',100073,357)
    ,(250,176,'8/10/2024 9:45','8/10/2024 10:37',100194,999)
    ,(251,288,'9/6/2024 14:44','9/6/2024 15:05',100011,798)
    ,(252,127,'5/22/2024 10:27','5/22/2024 10:44',100447,73)
    ,(253,281,'4/27/2024 22:24','4/27/2024 23:27',100223,188)
    ,(254,227,'2/8/2024 21:47','2/8/2024 21:53',100072,825)
    ,(255,74,'10/12/2024 1:13','10/12/2024 2:17',102715,185)
    ,(256,276,'9/26/2023 1:01','9/26/2023 1:54',100012,423)
    ,(257,169,'7/2/2024 7:30','7/2/2024 8:15',100496,929)
    ,(258,262,'6/8/2023 6:42','6/8/2023 8:21',102702,156)
    ,(259,287,'6/12/2023 17:36','6/12/2023 18:25',100225,67)
    ,(260,225,'8/2/2024 16:02','8/2/2024 17:28',102701,414)
    ,(261,177,'1/19/2024 10:16','1/19/2024 11:33',100006,586)
    ,(262,72,'6/16/2024 7:39','6/16/2024 9:21',102704,959)
    ,(263,264,'11/13/2023 23:29','11/14/2023 0:22',102718,532)
    ,(264,280,'11/28/2023 23:52','11/28/2023 23:59',102552,163)
    ,(265,207,'10/16/2023 17:08','10/16/2023 17:37',100496,724)
    ,(266,95,'11/3/2024 22:10','11/3/2024 23:13',102652,43)
    ,(267,117,'11/13/2023 16:22','11/13/2023 16:43',100224,2)
    ,(268,82,'1/27/2024 18:11','1/27/2024 19:39',100162,480)
    ,(269,163,'6/18/2023 9:33','6/18/2023 10:00',100113,413)
    ,(270,14,'9/22/2023 8:06','9/22/2023 8:29',100003,353)
    ,(271,8,'8/25/2024 14:05','8/25/2024 15:14',100009,675)
    ,(272,249,'8/8/2024 7:05','8/8/2024 7:08',100228,436)
    ,(273,20,'10/5/2024 2:12','10/5/2024 3:06',100289,863)
    ,(274,87,'7/29/2023 13:14','7/29/2023 13:48',100232,780)
    ,(275,68,'7/18/2023 22:36','7/18/2023 22:50',100101,943)
    ,(276,203,'12/9/2023 17:22','12/9/2023 19:08',100229,397)
    ,(277,12,'9/1/2023 5:10','9/1/2023 6:10',100496,26)
    ,(278,150,'7/26/2023 18:45','7/26/2023 18:54',100161,844)
    ,(279,132,'11/9/2024 14:40','11/9/2024 14:46',100194,782)
    ,(280,210,'6/3/2024 10:21','6/3/2024 10:49',100451,745)
    ,(281,61,'6/1/2024 20:30','6/1/2024 21:06',102634,654)
    ,(282,139,'9/18/2023 7:34','9/18/2023 8:12',100133,167)
    ,(283,248,'3/3/2024 12:37','3/3/2024 14:07',100024,116)
    ,(284,39,'12/21/2023 23:10','12/22/2023 0:46',100002,690)
    ,(285,172,'9/3/2023 0:21','9/3/2023 0:36',100074,275)
    ,(286,193,'11/29/2023 18:20','11/29/2023 18:21',100511,20)
    ,(287,222,'4/17/2024 23:38','4/18/2024 0:44',100146,632)
    ,(288,12,'6/1/2024 20:37','6/1/2024 21:31',100495,335)
    ,(289,6,'10/20/2023 18:09','10/20/2023 19:52',102699,703)
    ,(290,177,'7/25/2023 15:38','7/25/2023 16:56',100001,359)
    ,(291,295,'9/9/2024 22:24','9/9/2024 22:31',100210,469)
    ,(292,243,'9/15/2024 15:02','9/15/2024 16:36',100511,467)
    ,(293,181,'11/15/2023 5:06','11/15/2023 5:07',102729,394)
    ,(294,48,'3/8/2024 5:06','3/8/2024 6:22',100345,543)
    ,(295,91,'9/5/2023 5:51','9/5/2023 5:55',100060,683)
    ,(296,186,'5/18/2024 10:23','5/18/2024 10:38',100300,769)
    ,(297,120,'8/31/2024 11:43','8/31/2024 13:03',100259,607)
    ,(298,220,'2/3/2024 10:25','2/3/2024 11:46',100511,602)
    ,(299,10,'11/23/2023 6:46','11/23/2023 7:54',100072,850)
    ,(300,98,'6/18/2024 8:00','6/18/2024 9:06',102715,28)
    ,(301,53,'3/31/2024 10:10','3/31/2024 10:37',100072,804)
    ,(302,144,'5/8/2024 14:37','5/8/2024 14:41',100229,497)
    ,(303,299,'10/30/2023 16:19','10/30/2023 16:22',100009,819)
    ,(304,262,'6/6/2024 7:48','6/6/2024 9:27',100073,361)
    ,(305,1,'12/24/2023 10:36','12/24/2023 11:33',102552,219)
    ,(306,185,'12/3/2023 1:36','12/3/2023 3:23',100162,83)
    ,(307,228,'12/8/2023 18:05','12/8/2023 19:50',100297,85)
    ,(308,196,'7/19/2023 22:48','7/19/2023 23:23',100161,473)
    ,(309,164,'4/6/2024 17:51','4/6/2024 18:52',100340,668)
    ,(310,189,'1/19/2024 1:00','1/19/2024 2:00',102746,707)
    ,(311,254,'9/1/2024 7:57','9/1/2024 8:41',100239,374)
    ,(312,71,'10/14/2023 21:12','10/14/2023 21:34',100137,86)
    ,(313,234,'3/19/2024 21:43','3/19/2024 22:20',100017,842)
    ,(314,35,'4/6/2024 19:28','4/6/2024 20:19',102719,145)
    ,(315,168,'5/19/2024 6:54','5/19/2024 7:20',100133,310)
    ,(316,262,'8/3/2023 11:27','8/3/2023 12:14',100161,533)
    ,(317,203,'9/7/2024 21:51','9/7/2024 22:30',102734,351)
    ,(318,219,'1/6/2024 15:57','1/6/2024 17:06',100023,449)
    ,(319,268,'4/30/2024 21:53','4/30/2024 23:25',102593,290)
    ,(320,13,'1/23/2024 9:13','1/23/2024 10:52',102719,281)
    ,(321,73,'7/29/2023 6:50','7/29/2023 7:53',100249,589)
    ,(322,110,'10/19/2023 0:11','10/19/2023 0:18',100224,712)
    ,(323,21,'12/20/2023 9:02','12/20/2023 10:13',102729,550)
    ,(324,11,'10/16/2023 21:15','10/16/2023 22:26',100193,383)
    ,(325,193,'10/6/2023 20:02','10/6/2023 21:31',102593,930)
    ,(326,10,'1/10/2024 0:41','1/10/2024 2:27',100089,109)
    ,(327,151,'1/18/2024 7:55','1/18/2024 8:25',100337,568)
    ,(328,259,'8/2/2024 13:42','8/2/2024 14:13',100074,307)
    ,(329,28,'9/8/2023 3:59','9/8/2023 5:14',100232,935)
    ,(330,66,'1/2/2024 12:51','1/2/2024 13:48',100003,179)
    ,(331,38,'2/17/2024 16:15','2/17/2024 17:10',100186,708)
    ,(332,3,'9/13/2024 17:09','9/13/2024 18:37',102636,968)
    ,(333,109,'6/15/2024 8:15','6/15/2024 9:47',100018,577)
    ,(334,17,'7/30/2023 20:11','7/30/2023 21:59',102732,735)
    ,(335,2,'9/2/2024 21:58','9/2/2024 22:04',100101,762)
    ,(336,160,'7/22/2023 10:53','7/22/2023 11:40',102717,675)
    ,(337,293,'4/10/2024 15:54','4/10/2024 16:18',102653,961)
    ,(338,173,'12/21/2023 22:07','12/21/2023 23:48',100048,254)
    ,(339,147,'5/12/2024 1:43','5/12/2024 2:38',100214,519)
    ,(340,5,'8/29/2023 1:57','8/29/2023 2:52',100148,63)
    ,(341,64,'12/10/2023 10:45','12/10/2023 10:50',102653,242)
    ,(342,73,'2/5/2024 10:13','2/5/2024 10:18',100005,522)
    ,(343,92,'1/10/2024 9:51','1/10/2024 10:48',100341,422)
    ,(344,142,'8/11/2024 11:06','8/11/2024 11:21',100113,960)
    ,(345,167,'7/17/2024 18:59','7/17/2024 19:42',102615,983)
    ,(346,18,'10/10/2024 14:29','10/10/2024 15:51',100074,710)
    ,(347,77,'11/27/2023 12:07','11/27/2023 12:57',102720,909)
    ,(348,273,'7/1/2023 4:19','7/1/2023 4:57',102746,971)
    ,(349,160,'7/19/2024 3:28','7/19/2024 5:08',100345,516)
    ,(350,196,'2/28/2024 4:52','2/28/2024 6:09',100224,695)
    ,(351,13,'5/19/2024 20:49','5/19/2024 22:35',100344,884)
    ,(352,154,'10/12/2023 6:08','10/12/2023 6:30',100099,795)
    ,(353,265,'8/19/2023 1:42','8/19/2023 2:15',100028,92)
    ,(354,20,'12/8/2023 9:46','12/8/2023 11:04',100242,162)
    ,(355,47,'7/20/2023 11:01','7/20/2023 11:46',100173,174)
    ,(356,298,'7/20/2023 3:42','7/20/2023 4:20',100340,358)
    ,(357,223,'1/20/2024 5:34','1/20/2024 7:07',102698,303)
    ,(358,155,'5/5/2024 5:14','5/5/2024 5:22',100254,721)
    ,(359,22,'8/9/2024 12:40','8/9/2024 14:17',100263,65)
    ,(360,149,'7/31/2023 22:45','7/31/2023 23:55',100290,820)
    ,(361,211,'3/24/2024 5:57','3/24/2024 6:56',100173,464)
    ,(362,252,'2/25/2024 3:24','2/25/2024 5:06',100229,650)
    ,(363,125,'4/20/2024 5:19','4/20/2024 6:49',102638,684)
    ,(364,59,'10/17/2023 9:01','10/17/2023 9:02',100225,147)
    ,(365,148,'9/30/2023 4:20','9/30/2023 5:12',100184,127)
    ,(366,251,'8/20/2024 13:49','8/20/2024 15:05',100297,344)
    ,(367,180,'5/5/2024 19:06','5/5/2024 19:13',100017,988)
    ,(368,70,'9/11/2023 22:22','9/11/2023 22:37',100252,968)
    ,(369,201,'10/13/2023 22:57','10/14/2023 0:00',100289,282)
    ,(370,224,'9/23/2024 13:45','9/23/2024 14:39',102636,949)
    ,(371,275,'12/8/2023 17:17','12/8/2023 18:07',100336,402)
    ,(372,80,'8/21/2024 9:29','8/21/2024 10:24',100347,929)
    ,(373,57,'2/10/2024 15:09','2/10/2024 16:49',102704,195)
    ,(374,94,'9/24/2023 20:57','9/24/2023 21:30',100023,217)
    ,(375,263,'3/6/2024 10:19','3/6/2024 11:16',100028,829)
    ,(376,82,'8/4/2023 6:16','8/4/2023 7:29',100060,675)
    ,(377,50,'8/21/2023 18:32','8/21/2023 19:20',102698,619)
    ,(378,91,'8/16/2023 16:57','8/16/2023 17:43',100023,317)
    ,(379,106,'7/2/2024 23:36','7/3/2024 0:12',100177,202)
    ,(380,95,'7/2/2023 3:08','7/2/2023 3:11',100048,965)
    ,(381,153,'8/4/2024 9:45','8/4/2024 10:14',100136,471)
    ,(382,63,'5/4/2024 8:12','5/4/2024 9:05',100074,709)
    ,(383,269,'12/21/2023 21:26','12/21/2023 23:14',100344,268)
    ,(384,89,'12/7/2023 20:52','12/7/2023 21:32',102736,16)
    ,(385,295,'8/5/2024 0:15','8/5/2024 1:54',100252,55)
    ,(386,34,'3/24/2024 5:09','3/24/2024 6:01',100347,504)
    ,(387,126,'3/7/2024 18:21','3/7/2024 20:08',100210,938)
    ,(388,219,'9/2/2024 2:43','9/2/2024 4:08',102718,745)
    ,(389,122,'4/17/2024 0:33','4/17/2024 1:58',100512,803)
    ,(390,121,'12/15/2023 23:13','12/16/2023 0:42',100018,809)
    ,(391,168,'3/15/2024 18:07','3/15/2024 18:14',100203,123)
    ,(392,296,'6/18/2024 13:28','6/18/2024 13:54',100030,90)
    ,(393,240,'1/12/2024 11:16','1/12/2024 12:25',102720,230)
    ,(394,149,'11/15/2023 12:02','11/15/2023 13:26',100018,233)
    ,(395,140,'2/8/2024 4:12','2/8/2024 5:43',100024,257)
    ,(396,264,'12/26/2023 23:13','12/27/2023 0:10',102717,127)
    ,(397,23,'6/27/2023 9:27','6/27/2023 10:22',100136,399)
    ,(398,274,'8/5/2024 12:35','8/5/2024 13:43',100193,1)
    ,(399,130,'9/27/2023 22:26','9/27/2023 23:39',100512,394)
    ,(400,221,'8/17/2023 20:22','8/17/2023 21:16',100193,612)
    ,(401,177,'10/12/2024 5:40','10/12/2024 5:43',100160,47)
    ,(402,253,'9/15/2024 16:34','9/15/2024 17:09',100024,955)
    ,(403,1,'9/25/2023 14:19','9/25/2023 15:03',100512,680)
    ,(404,174,'6/18/2024 3:49','6/18/2024 4:36',100173,346)
    ,(405,208,'1/25/2024 20:07','1/25/2024 20:35',100341,368)
    ,(406,287,'2/11/2024 12:21','2/11/2024 12:59',100263,543)
    ,(407,57,'2/18/2024 3:45','2/18/2024 4:30',100259,246)
    ,(408,209,'5/11/2024 8:15','5/11/2024 9:31',100252,230)
    ,(409,71,'10/10/2024 14:32','10/10/2024 15:43',102653,949)
    ,(410,249,'6/6/2023 21:16','6/6/2023 22:18',100005,130)
    ,(411,116,'8/25/2023 21:31','8/25/2023 23:17',102557,827)
    ,(412,80,'6/15/2024 1:14','6/15/2024 2:15',100489,529)
    ,(413,244,'12/26/2023 5:16','12/26/2023 6:23',102561,151)
    ,(414,193,'5/30/2024 2:09','5/30/2024 2:40',100186,312)
    ,(415,36,'9/8/2023 5:10','9/8/2023 5:55',100297,943)
    ,(416,77,'12/4/2023 10:51','12/4/2023 11:06',100345,150)
    ,(417,199,'8/6/2023 19:31','8/6/2023 20:15',100447,211)
    ,(418,128,'6/20/2023 17:23','6/20/2023 18:59',102653,318)
    ,(419,90,'8/10/2024 9:13','8/10/2024 9:28',100341,822)
    ,(420,271,'6/9/2023 15:02','6/9/2023 15:29',100099,636)
    ,(421,154,'5/29/2024 2:49','5/29/2024 4:06',102703,147)
    ,(422,113,'3/22/2024 1:09','3/22/2024 1:20',102552,572)
    ,(423,97,'11/22/2023 17:23','11/22/2023 18:18',100023,20)
    ,(424,133,'5/18/2024 0:28','5/18/2024 0:31',102636,425)
    ,(425,214,'12/15/2023 14:51','12/15/2023 16:14',102634,285)
    ,(426,226,'1/17/2024 20:26','1/17/2024 20:52',102746,88)
    ,(427,134,'4/29/2024 22:44','4/29/2024 23:39',100269,715)
    ,(428,117,'8/4/2024 3:09','8/4/2024 4:41',100290,685)
    ,(429,45,'9/26/2023 17:18','9/26/2023 18:20',102699,558)
    ,(430,292,'12/9/2023 16:18','12/9/2023 17:48',102720,703)
    ,(431,5,'4/3/2024 0:48','4/3/2024 1:36',100162,672)
    ,(432,4,'5/25/2024 2:55','5/25/2024 2:58',100292,623)
    ,(433,289,'6/18/2024 12:12','6/18/2024 13:30',100186,884)
    ,(434,43,'12/28/2023 1:21','12/28/2023 2:10',100003,247)
    ,(435,227,'6/27/2023 4:34','6/27/2023 5:50',100346,409)
    ,(436,93,'9/23/2023 16:36','9/23/2023 17:53',100511,519)
    ,(437,242,'11/11/2024 19:20','11/11/2024 20:26',100481,225)
    ,(438,5,'10/2/2023 10:59','10/2/2023 12:19',102561,591)
    ,(439,239,'10/15/2023 2:44','10/15/2023 3:59',102745,321)
    ,(440,135,'7/4/2024 8:28','7/4/2024 9:12',100009,628)
    ,(441,190,'7/26/2023 4:59','7/26/2023 5:15',100263,520)
    ,(442,25,'6/2/2024 15:56','6/2/2024 17:30',100447,66)
    ,(443,218,'6/15/2024 17:55','6/15/2024 18:57',100031,980)
    ,(444,160,'3/27/2024 5:15','3/27/2024 5:30',100005,602)
    ,(445,15,'11/10/2023 21:03','11/10/2023 21:35',100345,983)
    ,(446,38,'9/26/2023 5:26','9/26/2023 6:09',100030,604)
    ,(447,1,'7/28/2024 1:18','7/28/2024 2:14',100224,848)
    ,(448,202,'5/12/2024 21:14','5/12/2024 21:31',100254,179)
    ,(449,221,'9/26/2023 0:28','9/26/2023 1:05',100347,534)
    ,(450,252,'9/23/2024 18:07','9/23/2024 19:33',102734,614)
    ,(451,163,'9/23/2023 19:07','9/23/2023 20:31',100169,676)
    ,(452,133,'10/9/2023 7:37','10/9/2023 8:37',100045,476)
    ,(453,63,'8/5/2023 2:02','8/5/2023 3:11',100196,706)
    ,(454,36,'2/25/2024 16:06','2/25/2024 17:22',102717,267)
    ,(455,123,'1/14/2024 10:56','1/14/2024 11:35',100473,260)
    ,(456,250,'5/3/2024 19:30','5/3/2024 21:06',100249,852)
    ,(457,267,'4/25/2024 16:58','4/25/2024 17:08',100011,89)
    ,(458,220,'2/14/2024 22:50','2/14/2024 22:57',100236,43)
    ,(459,124,'8/17/2023 10:23','8/17/2023 10:34',100068,162)
    ,(460,200,'9/24/2023 11:13','9/24/2023 11:53',102647,698)
    ,(461,149,'9/6/2023 7:31','9/6/2023 9:06',102746,555)
    ,(462,266,'5/6/2024 18:20','5/6/2024 18:33',100297,948)
    ,(463,175,'6/10/2024 6:38','6/10/2024 8:19',100011,814)
    ,(464,248,'4/7/2024 19:42','4/7/2024 20:14',100042,640)
    ,(465,164,'8/11/2024 22:41','8/11/2024 23:03',100252,608)
    ,(466,245,'8/5/2023 0:23','8/5/2023 1:05',100249,918)
    ,(467,77,'4/5/2024 7:20','4/5/2024 8:32',100337,945)
    ,(468,132,'8/25/2024 5:21','8/25/2024 5:46',100028,723)
    ,(469,175,'11/30/2023 4:36','11/30/2023 5:51',102747,361)
    ,(470,107,'9/18/2023 15:36','9/18/2023 16:36',100048,347)
    ,(471,202,'1/28/2024 14:00','1/28/2024 15:16',100344,824)
    ,(472,74,'9/17/2023 11:17','9/17/2023 12:21',100016,24)
    ,(473,238,'4/17/2024 0:39','4/17/2024 1:03',100146,823)
    ,(474,28,'5/20/2024 0:55','5/20/2024 2:14',100104,555)
    ,(475,180,'5/1/2024 0:20','5/1/2024 1:16',100263,424)
    ,(476,24,'3/25/2024 4:44','3/25/2024 4:44',100104,799)
    ,(477,296,'6/10/2024 1:35','6/10/2024 2:20',102561,111)
    ,(478,88,'8/21/2024 6:17','8/21/2024 7:34',100012,262)
    ,(479,85,'1/23/2024 17:37','1/23/2024 18:51',102615,244)
    ,(480,15,'5/22/2024 15:48','5/22/2024 16:13',100113,466)
    ,(481,16,'9/11/2024 17:10','9/11/2024 18:22',100297,87)
    ,(482,274,'5/18/2024 3:47','5/18/2024 5:23',100062,147)
    ,(483,105,'10/22/2024 21:07','10/22/2024 22:01',100496,737)
    ,(484,254,'6/11/2024 6:41','6/11/2024 6:56',100132,39)
    ,(485,283,'9/20/2023 10:28','9/20/2023 10:45',100193,695)
    ,(486,204,'1/10/2024 10:37','1/10/2024 12:04',100111,53)
    ,(487,212,'10/15/2023 11:47','10/15/2023 12:57',100023,473)
    ,(488,43,'7/29/2023 0:12','7/29/2023 0:41',100068,70)
    ,(489,141,'11/28/2023 21:53','11/28/2023 22:57',102634,258)
    ,(490,52,'10/27/2024 20:05','10/27/2024 21:18',100072,829)
    ,(491,255,'12/25/2023 12:09','12/25/2023 13:27',100062,768)
    ,(492,166,'2/8/2024 1:27','2/8/2024 1:47',100345,88)
    ,(493,121,'9/28/2023 16:23','9/28/2023 17:00',102555,602)
    ,(494,94,'10/24/2023 3:59','10/24/2023 5:47',100292,833)
    ,(495,260,'12/7/2023 13:46','12/7/2023 14:34',100297,648)
    ,(496,11,'5/29/2024 6:16','5/29/2024 7:26',100016,895)
    ,(497,22,'10/22/2023 4:55','10/22/2023 5:26',100028,10)
    ,(498,124,'8/31/2023 21:10','8/31/2023 22:04',100275,658)
    ,(499,249,'7/30/2023 23:16','7/31/2023 0:10',100341,512)
    ,(500,34,'12/27/2023 22:44','12/28/2023 0:13',100004,562)
    ,(501,103,'10/17/2023 9:20','10/17/2023 9:57',100340,664)
    ,(502,17,'7/21/2024 13:59','7/21/2024 14:05',100230,659)
    ,(503,114,'6/8/2024 0:24','6/8/2024 1:40',100459,429)
    ,(504,175,'9/27/2023 1:17','9/27/2023 2:57',100005,64)
    ,(505,14,'12/4/2023 18:18','12/4/2023 19:13',100346,444)
    ,(506,59,'4/29/2024 14:26','4/29/2024 14:46',100205,144)
    ,(507,213,'10/15/2023 11:48','10/15/2023 12:09',100012,638)
    ,(508,129,'9/26/2023 9:15','9/26/2023 10:10',100136,566)
    ,(509,58,'5/11/2024 7:02','5/11/2024 7:51',100139,737)
    ,(510,113,'6/23/2024 12:25','6/23/2024 13:37',102698,826)
    ,(511,210,'5/20/2024 14:41','5/20/2024 16:23',102554,521)
    ,(512,60,'3/27/2024 9:48','3/27/2024 10:44',100003,739)
    ,(513,162,'11/2/2023 12:54','11/2/2023 14:07',100337,974)
    ,(514,117,'8/25/2023 8:24','8/25/2023 8:42',100048,476)
    ,(515,187,'7/10/2023 14:28','7/10/2023 16:11',100236,76)
    ,(516,256,'7/7/2024 3:28','7/7/2024 4:36',100072,386)
    ,(517,254,'7/14/2024 8:46','7/14/2024 9:41',100012,99)
    ,(518,85,'11/6/2024 14:21','11/6/2024 14:26',100099,825)
    ,(519,88,'2/1/2024 1:54','2/1/2024 3:23',100345,82)
    ,(520,293,'4/12/2024 4:14','4/12/2024 4:33',100292,586)
    ,(521,278,'5/11/2024 3:38','5/11/2024 5:09',100137,837)
    ,(522,131,'10/18/2024 15:05','10/18/2024 15:46',100026,56)
    ,(523,61,'6/17/2024 8:38','6/17/2024 9:21',100511,390)
    ,(524,11,'7/28/2024 19:20','7/28/2024 19:40',102698,915)
    ,(525,72,'8/12/2024 1:36','8/12/2024 1:55',100004,674)
    ,(526,130,'8/30/2023 10:30','8/30/2023 12:08',100236,324)
    ,(527,161,'10/21/2024 0:45','10/21/2024 1:40',102581,571)
    ,(528,195,'1/1/2024 6:32','1/1/2024 7:23',100451,549)
    ,(529,6,'11/22/2023 5:16','11/22/2023 6:25',100028,513)
    ,(530,91,'12/24/2023 19:59','12/24/2023 20:54',100099,149)
    ,(531,33,'10/19/2023 13:54','10/19/2023 14:14',100017,336)
    ,(532,150,'7/13/2023 4:44','7/13/2023 5:16',100045,446)
    ,(533,133,'8/13/2024 2:14','8/13/2024 3:47',100039,207)
    ,(534,76,'2/23/2024 3:58','2/23/2024 4:11',100240,127)
    ,(535,234,'4/4/2024 7:13','4/4/2024 7:38',102647,838)
    ,(536,44,'11/12/2023 10:04','11/12/2023 11:35',100489,246)
    ,(537,287,'6/6/2023 13:31','6/6/2023 14:54',102718,343)
    ,(538,100,'2/25/2024 7:05','2/25/2024 7:26',100139,663)
    ,(539,279,'5/4/2024 5:35','5/4/2024 7:04',100186,642)
    ,(540,176,'2/23/2024 16:45','2/23/2024 17:26',100224,862)
    ,(541,156,'8/16/2024 21:04','8/16/2024 22:26',102555,955)
    ,(542,284,'2/2/2024 16:52','2/2/2024 17:18',100239,355)
    ,(543,225,'9/22/2024 21:52','9/22/2024 21:58',102593,5)
    ,(544,152,'7/19/2023 17:26','7/19/2023 18:51',100254,600)
    ,(545,26,'11/20/2023 3:51','11/20/2023 4:56',100347,835)
    ,(546,8,'10/8/2024 15:28','10/8/2024 15:36',100203,438)
    ,(547,73,'1/24/2024 21:37','1/24/2024 21:43',100205,222)
    ,(548,105,'1/6/2024 7:02','1/6/2024 8:37',100292,944)
    ,(549,242,'2/8/2024 12:58','2/8/2024 14:15',102554,251)
    ,(550,251,'7/28/2024 2:12','7/28/2024 2:39',102701,339)
    ,(551,186,'11/7/2024 14:19','11/7/2024 15:40',100016,233)
    ,(552,228,'12/22/2023 23:43','12/22/2023 23:52',100009,585)
    ,(553,24,'10/18/2023 0:54','10/18/2023 2:30',100489,277)
    ,(554,252,'6/12/2024 13:27','6/12/2024 14:57',102715,550)
    ,(555,207,'4/3/2024 11:50','4/3/2024 12:30',100230,303)
    ,(556,240,'12/20/2023 9:25','12/20/2023 10:36',100205,802)
    ,(557,131,'2/23/2024 5:42','2/23/2024 6:52',102729,980)
    ,(558,108,'11/4/2024 15:45','11/4/2024 15:48',100297,412)
    ,(559,211,'12/27/2023 16:25','12/27/2023 16:28',100264,73)
    ,(560,99,'11/6/2024 4:13','11/6/2024 5:03',100297,564)
    ,(561,213,'1/28/2024 0:07','1/28/2024 0:27',102729,284)
    ,(562,82,'9/18/2024 10:05','9/18/2024 11:45',100289,584)
    ,(563,284,'9/9/2023 9:18','9/9/2023 10:19',100177,411)
    ,(564,37,'10/30/2023 8:47','10/30/2023 9:44',100031,214)
    ,(565,111,'12/17/2023 22:33','12/18/2023 0:00',100289,741)
    ,(566,146,'12/8/2023 17:59','12/8/2023 18:58',100026,770)
    ,(567,6,'3/7/2024 22:45','3/7/2024 23:03',100263,916)
    ,(568,238,'9/13/2024 9:09','9/13/2024 10:27',102703,496)
    ,(569,135,'6/24/2023 7:17','6/24/2023 8:55',100272,717)
    ,(570,273,'5/31/2024 6:51','5/31/2024 8:32',100009,315)
    ,(571,275,'1/27/2024 13:56','1/27/2024 14:12',102548,664)
    ,(572,212,'8/26/2024 2:03','8/26/2024 2:43',100275,518)
    ,(573,18,'1/23/2024 14:55','1/23/2024 15:10',100194,845)
    ,(574,116,'3/19/2024 5:04','3/19/2024 5:13',102720,854)
    ,(575,207,'8/9/2024 13:16','8/9/2024 14:03',100186,740)
    ,(576,1,'3/20/2024 1:00','3/20/2024 2:20',100074,28)
    ,(577,148,'12/28/2023 2:42','12/28/2023 4:00',100228,991)
    ,(578,16,'3/3/2024 5:10','3/3/2024 6:49',100194,144)
    ,(579,40,'1/31/2024 22:44','2/1/2024 0:25',100230,484)
    ,(580,23,'4/16/2024 10:10','4/16/2024 11:04',100101,860)
    ,(581,64,'9/24/2024 21:35','9/24/2024 22:18',100252,591)
    ,(582,206,'10/28/2023 21:01','10/28/2023 22:33',100447,776)
    ,(583,36,'1/8/2024 21:14','1/8/2024 21:46',100481,712)
    ,(584,31,'3/10/2024 18:08','3/10/2024 19:47',102555,728)
    ,(585,176,'12/10/2023 2:02','12/10/2023 3:47',100481,723)
    ,(586,86,'8/6/2024 5:22','8/6/2024 6:52',100160,401)
    ,(587,42,'9/5/2023 9:00','9/5/2023 10:43',100060,820)
    ,(588,14,'8/23/2024 6:26','8/23/2024 7:03',100186,921)
    ,(589,26,'12/15/2023 9:07','12/15/2023 10:33',102719,283)
    ,(590,187,'1/23/2024 0:56','1/23/2024 2:17',102719,768)
    ,(591,247,'4/6/2024 10:13','4/6/2024 11:10',100078,569)
    ,(592,2,'1/11/2024 12:27','1/11/2024 12:48',100512,491)
    ,(593,28,'7/27/2024 21:49','7/27/2024 23:05',100030,290)
    ,(594,19,'11/3/2024 2:10','11/3/2024 3:20',100048,910)
    ,(595,257,'11/27/2023 3:47','11/27/2023 4:37',102593,286)
    ,(596,248,'7/14/2024 19:53','7/14/2024 20:42',100162,823)
    ,(597,297,'10/4/2023 6:06','10/4/2023 7:00',100016,296)
    ,(598,242,'1/21/2024 14:31','1/21/2024 15:49',102704,650)
    ,(599,223,'6/30/2023 14:30','6/30/2023 16:02',100511,143)
    ,(600,79,'5/31/2024 16:42','5/31/2024 17:14',100173,11)
    ,(601,46,'4/19/2024 4:10','4/19/2024 5:45',100031,812)
    ,(602,126,'10/27/2023 17:36','10/27/2023 18:51',100345,925)
    ,(603,186,'9/10/2024 13:32','9/10/2024 13:56',102653,273)
    ,(604,176,'10/15/2024 17:59','10/15/2024 19:00',100205,457)
    ,(605,292,'12/15/2023 13:08','12/15/2023 13:08',102746,271)
    ,(606,154,'11/9/2024 10:22','11/9/2024 11:26',100300,781)
    ,(607,260,'5/20/2024 20:31','5/20/2024 22:16',100184,466)
    ,(608,235,'7/2/2024 16:52','7/2/2024 18:13',102548,520)
    ,(609,82,'9/1/2023 18:27','9/1/2023 19:43',100214,62)
    ,(610,299,'6/7/2023 15:35','6/7/2023 15:55',100214,112)
    ,(611,125,'6/24/2024 17:18','6/24/2024 18:16',102593,934)
    ,(612,255,'3/20/2024 5:01','3/20/2024 5:28',102703,415)
    ,(613,173,'5/22/2024 11:39','5/22/2024 12:48',102703,208)
    ,(614,145,'3/13/2024 20:51','3/13/2024 21:54',100048,819)
    ,(615,104,'2/15/2024 10:19','2/15/2024 10:47',102746,45)
    ,(616,47,'9/7/2023 0:34','9/7/2023 2:03',100186,97)
    ,(617,153,'6/19/2023 23:40','6/20/2023 0:14',102704,612)
    ,(618,225,'9/3/2024 15:31','9/3/2024 16:12',100017,238)
    ,(619,181,'10/8/2023 19:15','10/8/2023 20:09',100194,47)
    ,(620,196,'6/22/2023 2:11','6/22/2023 3:30',100186,102)
    ,(621,177,'4/19/2024 10:09','4/19/2024 10:18',100249,650)
    ,(622,148,'8/11/2023 14:05','8/11/2023 14:44',100042,758)
    ,(623,69,'8/29/2024 1:31','8/29/2024 3:06',100161,145)
    ,(624,144,'6/16/2024 5:47','6/16/2024 7:07',102593,982)
    ,(625,35,'4/7/2024 19:38','4/7/2024 21:00',100297,79)
    ,(626,24,'10/26/2024 20:49','10/26/2024 21:32',102729,694)
    ,(627,270,'10/20/2024 2:45','10/20/2024 3:23',102701,626)
    ,(628,202,'1/22/2024 6:51','1/22/2024 7:29',102732,442)
    ,(629,156,'8/8/2024 21:59','8/8/2024 22:14',100012,279)
    ,(630,164,'10/27/2023 16:24','10/27/2023 16:28',100169,661)
    ,(631,93,'6/22/2023 3:37','6/22/2023 5:06',102701,504)
    ,(632,173,'6/12/2024 4:04','6/12/2024 5:15',100203,857)
    ,(633,92,'6/2/2024 10:07','6/2/2024 10:17',100017,907)
    ,(634,245,'8/16/2023 16:12','8/16/2023 17:00',100099,205)
    ,(635,161,'1/15/2024 7:37','1/15/2024 8:37',100111,979)
    ,(636,259,'2/7/2024 16:47','2/7/2024 18:35',100214,180)
    ,(637,119,'10/20/2024 2:28','10/20/2024 3:30',100099,48)
    ,(638,251,'8/11/2024 20:50','8/11/2024 22:05',100228,105)
    ,(639,174,'9/4/2024 18:50','9/4/2024 19:51',100292,882)
    ,(640,78,'3/23/2024 8:50','3/23/2024 10:22',100300,383)
    ,(641,114,'7/2/2024 16:19','7/2/2024 17:51',100173,644)
    ,(642,20,'3/18/2024 15:55','3/18/2024 16:13',100184,430)
    ,(643,220,'10/3/2024 19:17','10/3/2024 20:07',100459,869)
    ,(644,1,'6/13/2024 10:19','6/13/2024 10:54',100009,884)
    ,(645,55,'3/14/2024 9:58','3/14/2024 10:28',102581,638)
    ,(646,95,'12/6/2023 18:47','12/6/2023 19:56',100139,757)
    ,(647,27,'9/1/2024 23:20','9/2/2024 0:23',100341,241)
    ,(648,99,'9/20/2024 7:13','9/20/2024 8:55',100246,161)
    ,(649,287,'10/11/2024 13:55','10/11/2024 15:35',100194,373)
    ,(650,224,'6/19/2023 22:47','6/19/2023 23:11',102717,653)
    ,(651,59,'8/25/2023 19:19','8/25/2023 19:36',100487,22)
    ,(652,163,'11/19/2023 0:30','11/19/2023 0:30',100269,518)
    ,(653,52,'6/7/2024 14:59','6/7/2024 15:16',100228,639)
    ,(654,221,'10/8/2024 12:00','10/8/2024 12:39',100239,18)
    ,(655,43,'8/27/2024 4:24','8/27/2024 5:09',102638,423)
    ,(656,183,'10/6/2023 5:09','10/6/2023 5:37',100104,432)
    ,(657,35,'9/9/2023 20:16','9/9/2023 21:37',100230,966)
    ,(658,143,'8/27/2024 9:09','8/27/2024 9:12',100290,134)
    ,(659,86,'10/11/2024 21:18','10/11/2024 21:59',102701,240)
    ,(660,109,'3/6/2024 18:19','3/6/2024 18:48',100136,646)
    ,(661,11,'9/18/2023 2:50','9/18/2023 2:55',100451,290)
    ,(662,292,'4/20/2024 16:17','4/20/2024 17:41',100073,848)
    ,(663,206,'9/8/2024 14:59','9/8/2024 16:06',100162,665)
    ,(664,131,'7/20/2024 4:45','7/20/2024 4:48',100089,617)
    ,(665,197,'5/14/2024 20:42','5/14/2024 21:03',102705,33)
    ,(666,249,'6/21/2024 23:40','6/22/2024 1:07',100078,589)
    ,(667,186,'7/4/2024 2:12','7/4/2024 3:30',102548,310)
    ,(668,170,'3/10/2024 15:51','3/10/2024 17:22',100030,357)
    ,(669,244,'10/3/2023 6:15','10/3/2023 7:13',100162,206)
    ,(670,96,'11/8/2023 4:29','11/8/2023 6:13',102715,171)
    ,(671,66,'3/26/2024 23:56','3/27/2024 0:52',102628,545)
    ,(672,139,'6/12/2023 7:33','6/12/2023 8:17',100161,991)
    ,(673,67,'8/9/2024 17:49','8/9/2024 19:03',102554,841)
    ,(674,13,'6/14/2024 22:44','6/15/2024 0:12',100487,796)
    ,(675,100,'5/20/2024 5:19','5/20/2024 5:54',102719,255)
    ,(676,187,'10/29/2023 23:56','10/30/2023 0:35',102647,11)
    ,(677,23,'12/10/2023 3:07','12/10/2023 3:27',102718,662)
    ,(678,41,'6/20/2024 19:36','6/20/2024 20:53',100269,458)
    ,(679,271,'9/4/2024 3:27','9/4/2024 3:33',100148,625)
    ,(680,236,'9/1/2023 16:39','9/1/2023 18:03',100101,253)
    ,(681,74,'10/21/2023 9:17','10/21/2023 9:26',100447,98)
    ,(682,168,'6/16/2024 22:39','6/16/2024 23:36',100346,299)
    ,(683,89,'1/25/2024 21:35','1/25/2024 21:52',102636,677)
    ,(684,254,'3/21/2024 23:03','3/21/2024 23:09',100177,417)
    ,(685,219,'6/21/2023 6:16','6/21/2023 7:19',102703,182)
    ,(686,251,'6/28/2023 5:08','6/28/2023 5:45',102652,930)
    ,(687,158,'7/8/2023 6:27','7/8/2023 7:14',100133,707)
    ,(688,155,'8/9/2023 17:05','8/9/2023 17:17',100347,499)
    ,(689,255,'10/19/2024 2:13','10/19/2024 3:08',100099,599)
    ,(690,106,'4/15/2024 16:02','4/15/2024 16:22',100263,913)
    ,(691,246,'11/10/2024 19:34','11/10/2024 20:27',100223,152)
    ,(692,142,'8/4/2023 12:20','8/4/2023 13:52',100005,776)
    ,(693,1,'8/17/2023 3:57','8/17/2023 4:34',100104,608)
    ,(694,45,'4/9/2024 12:05','4/9/2024 13:30',100005,748)
    ,(695,278,'3/8/2024 2:42','3/8/2024 2:54',100246,889)
    ,(696,281,'2/21/2024 0:56','2/21/2024 2:12',100160,459)
    ,(697,239,'4/3/2024 17:37','4/3/2024 19:17',100196,647)
    ,(698,135,'5/13/2024 13:48','5/13/2024 14:07',100184,806)
    ,(699,100,'9/14/2024 14:19','9/14/2024 15:07',100160,511)
    ,(700,275,'6/24/2023 4:15','6/24/2023 5:19',100104,233)
    ,(701,234,'7/19/2023 2:49','7/19/2023 3:10',100196,401)
    ,(702,290,'9/28/2023 21:37','9/28/2023 23:02',100239,351)
    ,(703,215,'11/2/2023 12:15','11/2/2023 13:00',100026,501)
    ,(704,13,'4/28/2024 3:53','4/28/2024 4:15',100289,684)
    ,(705,202,'9/21/2024 6:44','9/21/2024 7:43',100104,19)
    ,(706,268,'10/1/2023 0:31','10/1/2023 1:08',100236,267)
    ,(707,263,'7/20/2023 19:01','7/20/2023 19:30',100039,108)
    ,(708,81,'12/24/2023 14:55','12/24/2023 15:21',100062,394)
    ,(709,38,'8/3/2023 15:36','8/3/2023 16:56',100346,453)
    ,(710,140,'6/17/2024 6:24','6/17/2024 7:48',102574,489)
    ,(711,258,'11/7/2024 10:37','11/7/2024 11:19',100073,606)
    ,(712,265,'12/3/2023 2:03','12/3/2023 3:25',100139,678)
    ,(713,260,'8/15/2024 22:42','8/15/2024 23:21',100340,210)
    ,(714,206,'12/15/2023 13:04','12/15/2023 14:04',100009,545)
    ,(715,227,'9/9/2024 23:48','9/10/2024 0:57',100489,955)
    ,(716,190,'8/10/2023 6:00','8/10/2023 7:35',100232,822)
    ,(717,74,'2/7/2024 16:12','2/7/2024 16:35',100136,618)
    ,(718,280,'4/24/2024 3:37','4/24/2024 4:38',102628,722)
    ,(719,52,'1/31/2024 14:58','1/31/2024 16:27',100011,558)
    ,(720,28,'6/10/2024 10:31','6/10/2024 11:56',100193,427)
    ,(721,55,'6/4/2024 11:39','6/4/2024 12:16',100341,744)
    ,(722,90,'8/21/2024 9:35','8/21/2024 9:37',102745,9)
    ,(723,84,'8/18/2024 1:25','8/18/2024 2:29',100072,123)
    ,(724,215,'8/1/2024 21:09','8/1/2024 21:15',100078,479)
    ,(725,45,'6/20/2024 17:50','6/20/2024 18:42',100194,453)
    ,(726,116,'11/30/2023 13:00','11/30/2023 14:12',100113,432)
    ,(727,100,'5/11/2024 10:11','5/11/2024 11:31',100210,446)
    ,(728,222,'3/25/2024 21:42','3/25/2024 23:07',100269,877)
    ,(729,106,'6/25/2023 23:14','6/25/2023 23:18',102744,273)
    ,(730,187,'11/2/2024 0:23','11/2/2024 1:48',100018,76)
    ,(731,160,'6/9/2023 7:51','6/9/2023 8:42',102548,837)
    ,(732,119,'7/17/2023 21:09','7/17/2023 22:11',102615,103)
    ,(733,226,'5/5/2024 5:15','5/5/2024 6:06',100011,443)
    ,(734,37,'5/5/2024 7:44','5/5/2024 8:29',100009,376)
    ,(735,23,'8/31/2024 10:19','8/31/2024 11:17',100263,469)
    ,(736,183,'10/26/2023 2:38','10/26/2023 3:21',100002,213)
    ,(737,122,'7/28/2023 19:02','7/28/2023 19:37',100511,838)
    ,(738,289,'6/27/2024 17:41','6/27/2024 19:03',100024,474)
    ,(739,172,'5/27/2024 2:51','5/27/2024 3:29',100133,416)
    ,(740,109,'7/16/2023 10:17','7/16/2023 11:45',100194,739)
    ,(741,272,'6/28/2023 19:59','6/28/2023 21:28',100139,409)
    ,(742,297,'9/22/2023 8:38','9/22/2023 9:37',100289,801)
    ,(743,104,'7/25/2024 3:19','7/25/2024 3:28',100004,48)
    ,(744,217,'10/23/2023 23:36','10/24/2023 0:53',100259,669)
    ,(745,218,'11/1/2024 19:38','11/1/2024 21:13',100232,975)
    ,(746,292,'8/3/2023 6:24','8/3/2023 7:28',102574,306)
    ,(747,62,'9/22/2023 8:00','9/22/2023 8:18',102744,9)
    ,(748,148,'1/6/2024 17:27','1/6/2024 18:09',102734,725)
    ,(749,88,'8/22/2024 15:18','8/22/2024 16:44',100186,258)
    ,(750,203,'4/10/2024 4:54','4/10/2024 5:42',100512,561)
    ,(751,254,'2/27/2024 14:24','2/27/2024 14:32',100495,584)
    ,(752,21,'11/11/2024 6:55','11/11/2024 8:36',100223,771)
    ,(753,212,'6/9/2023 0:57','6/9/2023 2:19',100012,360)
    ,(754,185,'10/19/2024 16:28','10/19/2024 17:28',100133,942)
    ,(755,253,'3/23/2024 10:28','3/23/2024 11:21',100073,881)
    ,(756,43,'4/22/2024 19:54','4/22/2024 21:33',100345,454)
    ,(757,228,'1/11/2024 17:02','1/11/2024 18:45',100473,244)
    ,(758,9,'6/15/2023 1:54','6/15/2023 3:28',100459,422)
    ,(759,297,'8/31/2023 8:46','8/31/2023 10:21',100072,500)
    ,(760,66,'9/17/2024 10:19','9/17/2024 11:59',100272,797)
    ,(761,2,'1/16/2024 16:11','1/16/2024 16:48',100133,124)
    ,(762,74,'7/3/2023 9:30','7/3/2023 10:55',102574,954)
    ,(763,90,'1/9/2024 5:42','1/9/2024 6:12',100045,484)
    ,(764,296,'10/23/2023 15:44','10/23/2023 16:02',100004,10)
    ,(765,256,'7/1/2023 2:05','7/1/2023 3:52',100111,515)
    ,(766,276,'3/9/2024 18:14','3/9/2024 19:03',102720,290)
    ,(767,28,'3/22/2024 19:54','3/22/2024 20:07',102619,744)
    ,(768,117,'2/24/2024 8:06','2/24/2024 8:25',100099,544)
    ,(769,264,'11/10/2024 12:55','11/10/2024 13:39',100162,85)
    ,(770,114,'10/23/2024 15:52','10/23/2024 17:08',100224,793)
    ,(771,105,'10/11/2023 4:39','10/11/2023 6:12',100487,146)
    ,(772,5,'5/21/2024 10:55','5/21/2024 12:07',100459,874)
    ,(773,29,'6/6/2024 16:55','6/6/2024 17:34',102705,442)
    ,(774,109,'8/24/2024 17:16','8/24/2024 17:59',100246,408)
    ,(775,177,'4/7/2024 1:11','4/7/2024 2:20',100481,487)
    ,(776,56,'8/11/2023 7:26','8/11/2023 8:17',100162,351)
    ,(777,1,'9/23/2024 12:27','9/23/2024 14:14',100160,229)
    ,(778,298,'10/25/2023 14:02','10/25/2023 15:07',100068,474)
    ,(779,2,'10/10/2024 17:36','10/10/2024 18:38',100011,238)
    ,(780,61,'11/23/2023 15:46','11/23/2023 17:17',100186,129)
    ,(781,278,'6/22/2023 9:07','6/22/2023 9:55',102652,118)
    ,(782,148,'6/26/2024 14:25','6/26/2024 14:31',100016,832)
    ,(783,124,'3/11/2024 3:18','3/11/2024 4:21',100512,166)
    ,(784,83,'3/17/2024 15:54','3/17/2024 16:29',100242,473)
    ,(785,73,'3/7/2024 0:05','3/7/2024 0:55',100240,329)
    ,(786,244,'4/5/2024 0:36','4/5/2024 2:01',100024,440)
    ,(787,138,'10/20/2024 11:42','10/20/2024 12:40',100016,664)
    ,(788,31,'9/23/2024 18:26','9/23/2024 19:08',100042,438)
    ,(789,74,'4/27/2024 2:50','4/27/2024 3:10',100459,573)
    ,(790,41,'3/5/2024 23:03','3/5/2024 23:34',100186,682)
    ,(791,76,'9/17/2024 2:02','9/17/2024 3:26',100290,273)
    ,(792,203,'11/16/2023 6:43','11/16/2023 7:06',100011,711)
    ,(793,208,'6/19/2024 13:13','6/19/2024 14:10',102576,957)
    ,(794,126,'1/23/2024 6:49','1/23/2024 7:51',100003,648)
    ,(795,51,'8/9/2023 15:21','8/9/2023 16:21',100289,617)
    ,(796,299,'5/10/2024 15:36','5/10/2024 17:13',100259,576)
    ,(797,204,'12/1/2023 8:14','12/1/2023 8:46',102734,598)
    ,(798,237,'9/16/2023 10:37','9/16/2023 11:42',102628,611)
    ,(799,283,'5/9/2024 4:49','5/9/2024 6:20',100028,802)
    ,(800,172,'2/11/2024 0:35','2/11/2024 1:32',100459,743)
    ,(801,52,'5/1/2024 17:27','5/1/2024 17:50',100263,404)
    ,(802,239,'3/31/2024 7:50','3/31/2024 9:35',100001,969)
    ,(803,194,'10/19/2024 11:53','10/19/2024 12:42',100030,940)
    ,(804,93,'3/27/2024 13:24','3/27/2024 14:18',100512,294)
    ,(805,9,'11/5/2024 23:42','11/5/2024 23:42',100133,318)
    ,(806,297,'4/15/2024 0:18','4/15/2024 1:19',102720,38)
    ,(807,201,'7/10/2024 3:10','7/10/2024 3:14',100511,3)
    ,(808,220,'5/9/2024 20:34','5/9/2024 20:34',102746,693)
    ,(809,265,'12/11/2023 8:55','12/11/2023 10:31',100023,269)
    ,(810,117,'12/11/2023 6:17','12/11/2023 7:51',100101,195)
    ,(811,288,'7/2/2024 18:38','7/2/2024 19:44',102720,516)
    ,(812,128,'11/3/2023 6:07','11/3/2023 7:21',100511,153)
    ,(813,115,'8/17/2024 14:48','8/17/2024 16:33',100072,633)
    ,(814,25,'3/3/2024 13:46','3/3/2024 15:02',102576,464)
    ,(815,17,'8/25/2023 11:56','8/25/2023 13:14',100089,493)
    ,(816,214,'4/6/2024 19:49','4/6/2024 21:31',100031,757)
    ,(817,73,'5/5/2024 19:59','5/5/2024 21:05',102698,296)
    ,(818,78,'2/22/2024 12:47','2/22/2024 13:25',102732,568)
    ,(819,200,'5/26/2024 21:06','5/26/2024 21:13',102701,915)
    ,(820,169,'6/13/2023 16:33','6/13/2023 16:51',100017,326)
    ,(821,81,'1/22/2024 19:03','1/22/2024 20:24',100028,822)
    ,(822,264,'1/26/2024 5:20','1/26/2024 5:26',102702,656)
    ,(823,162,'2/18/2024 23:23','2/19/2024 0:00',100078,271)
    ,(824,46,'3/3/2024 20:39','3/3/2024 21:59',100004,149)
    ,(825,104,'9/16/2024 4:15','9/16/2024 4:18',100246,50)
    ,(826,175,'11/4/2024 0:16','11/4/2024 1:25',100137,769)
    ,(827,56,'5/3/2024 1:31','5/3/2024 2:20',100225,523)
    ,(828,285,'8/4/2023 16:52','8/4/2023 18:04',100259,721)
    ,(829,253,'3/24/2024 3:02','3/24/2024 3:45',100346,713)
    ,(830,188,'2/3/2024 15:43','2/3/2024 16:11',100481,620)
    ,(831,250,'11/12/2023 21:25','11/12/2023 23:10',100078,416)
    ,(832,98,'5/18/2024 13:42','5/18/2024 15:08',100177,699)
    ,(833,60,'5/26/2024 3:10','5/26/2024 3:57',100042,293)
    ,(834,251,'12/17/2023 14:42','12/17/2023 15:26',100136,339)
    ,(835,31,'10/9/2023 22:58','10/9/2023 23:18',100030,887)
    ,(836,192,'10/30/2023 1:51','10/30/2023 2:00',100223,414)
    ,(837,270,'12/12/2023 12:35','12/12/2023 13:40',100161,420)
    ,(838,51,'8/15/2024 3:34','8/15/2024 4:29',102574,752)
    ,(839,290,'7/15/2023 4:21','7/15/2023 4:47',100290,20)
    ,(840,43,'6/12/2023 21:35','6/12/2023 22:07',102561,549)
    ,(841,132,'11/25/2023 5:41','11/25/2023 7:22',100214,354)
    ,(842,45,'5/30/2024 23:38','5/31/2024 0:19',102619,461)
    ,(843,250,'4/5/2024 0:45','4/5/2024 1:09',100219,625)
    ,(844,271,'7/13/2024 19:10','7/13/2024 19:27',100146,682)
    ,(845,284,'11/2/2023 1:20','11/2/2023 1:24',100496,539)
    ,(846,177,'10/25/2024 21:56','10/25/2024 23:38',102736,136)
    ,(847,157,'7/9/2023 17:01','7/9/2023 18:16',102554,295)
    ,(848,2,'8/22/2024 0:49','8/22/2024 1:15',100345,703)
    ,(849,182,'8/27/2023 11:56','8/27/2023 13:07',100148,389)
    ,(850,189,'3/6/2024 3:42','3/6/2024 4:48',100078,220)
    ,(851,167,'8/8/2024 1:16','8/8/2024 1:53',100024,828)
    ,(852,107,'10/11/2023 12:04','10/11/2023 13:42',102719,914)
    ,(853,69,'7/18/2023 14:30','7/18/2023 15:00',100002,726)
    ,(854,36,'9/2/2023 4:45','9/2/2023 6:06',100072,536)
    ,(855,62,'9/28/2024 12:25','9/28/2024 13:05',100074,481)
    ,(856,97,'4/4/2024 17:09','4/4/2024 17:30',102746,11)
    ,(857,199,'10/25/2024 5:55','10/25/2024 6:10',100133,333)
    ,(858,113,'3/9/2024 22:36','3/9/2024 23:26',102636,408)
    ,(859,185,'3/26/2024 23:38','3/27/2024 0:35',102548,424)
    ,(860,207,'6/9/2024 19:22','6/9/2024 19:38',100031,231)
    ,(861,18,'3/7/2024 0:07','3/7/2024 1:26',100345,151)
    ,(862,221,'3/16/2024 23:18','3/16/2024 23:34',102720,929)
    ,(863,114,'5/31/2024 12:57','5/31/2024 14:21',100511,232)
    ,(864,181,'4/23/2024 6:04','4/23/2024 7:21',100451,743)
    ,(865,175,'5/23/2024 14:23','5/23/2024 15:19',100133,611)
    ,(866,6,'1/13/2024 22:32','1/13/2024 22:51',100023,347)
    ,(867,252,'12/11/2023 13:45','12/11/2023 15:09',102628,986)
    ,(868,50,'4/23/2024 5:09','4/23/2024 5:49',100511,964)
    ,(869,158,'12/5/2023 6:47','12/5/2023 7:51',100300,669)
    ,(870,139,'10/21/2024 14:21','10/21/2024 16:01',100246,920)
    ,(871,209,'6/25/2024 19:19','6/25/2024 20:05',100345,908)
    ,(872,64,'7/22/2024 14:23','7/22/2024 14:41',100272,696)
    ,(873,144,'1/4/2024 7:25','1/4/2024 8:48',100229,9)
    ,(874,293,'8/10/2024 3:23','8/10/2024 3:25',100060,477)
    ,(875,260,'8/19/2024 10:19','8/19/2024 10:56',100162,278)
    ,(876,263,'10/6/2023 2:30','10/6/2023 3:35',100009,961)
    ,(877,177,'11/12/2024 19:57','11/12/2024 21:14',102699,679)
    ,(878,100,'12/23/2023 18:04','12/23/2023 18:57',100023,178)
    ,(879,172,'2/1/2024 2:41','2/1/2024 3:25',100026,265)
    ,(880,204,'12/26/2023 0:27','12/26/2023 0:46',100242,121)
    ,(881,62,'1/31/2024 19:59','1/31/2024 21:40',100297,331)
    ,(882,279,'10/10/2023 7:27','10/10/2023 8:08',100292,311)
    ,(883,115,'7/18/2024 19:43','7/18/2024 21:02',100347,287)
    ,(884,70,'9/20/2023 23:23','9/21/2023 0:39',100512,191)
    ,(885,261,'11/17/2023 14:39','11/17/2023 15:17',102647,251)
    ,(886,73,'7/3/2023 8:43','7/3/2023 8:56',100012,964)
    ,(887,297,'4/23/2024 20:56','4/23/2024 22:32',100072,959)
    ,(888,6,'2/4/2024 13:55','2/4/2024 13:58',100177,951)
    ,(889,78,'11/21/2023 7:29','11/21/2023 8:02',102705,325)
    ,(890,116,'5/19/2024 11:21','5/19/2024 11:34',100002,115)
    ,(891,24,'6/9/2024 6:47','6/9/2024 6:52',100113,207)
    ,(892,12,'6/8/2023 3:54','6/8/2023 5:04',102744,732)
    ,(893,188,'1/4/2024 15:19','1/4/2024 16:56',100101,769)
    ,(894,203,'10/23/2024 16:21','10/23/2024 17:24',100214,431)
    ,(895,133,'4/29/2024 6:57','4/29/2024 7:20',100104,308)
    ,(896,82,'9/4/2023 19:34','9/4/2023 20:13',100297,408)
    ,(897,102,'11/14/2023 12:05','11/14/2023 13:40',100078,167)
    ,(898,253,'5/26/2024 22:06','5/26/2024 23:15',100246,621)
    ,(899,112,'8/28/2023 7:36','8/28/2023 8:53',102745,635)
    ,(900,225,'9/14/2023 12:28','9/14/2023 13:34',100263,585)
    ,(901,36,'6/24/2023 8:54','6/24/2023 9:01',100202,39)
    ,(902,128,'8/13/2023 1:10','8/13/2023 1:59',100048,298)
    ,(903,256,'8/2/2023 0:11','8/2/2023 1:11',100487,251)
    ,(904,260,'9/2/2023 15:53','9/2/2023 16:51',100214,118)
    ,(905,263,'2/17/2024 21:20','2/17/2024 23:01',100223,77)
    ,(906,7,'11/6/2023 7:02','11/6/2023 7:06',100169,214)
    ,(907,191,'9/27/2023 22:08','9/27/2023 23:06',102701,618)
    ,(908,156,'8/17/2024 7:31','8/17/2024 8:32',100252,27)
    ,(909,294,'6/7/2023 3:58','6/7/2023 4:37',102652,573)
    ,(910,175,'11/14/2024 16:20','11/14/2024 16:52',100246,374)
    ,(911,98,'7/12/2023 18:45','7/12/2023 18:59',100023,164)
    ,(912,121,'4/25/2024 15:05','4/25/2024 15:11',100030,79)
    ,(913,212,'9/10/2023 11:10','9/10/2023 12:54',102715,426)
    ,(914,259,'11/17/2023 6:16','11/17/2023 6:43',100459,83)
    ,(915,131,'7/17/2023 20:40','7/17/2023 21:59',100169,838)
    ,(916,106,'7/9/2023 0:57','7/9/2023 1:34',100511,296)
    ,(917,38,'6/30/2023 18:41','6/30/2023 20:03',100249,124)
    ,(918,132,'4/6/2024 2:18','4/6/2024 4:00',102747,166)
    ,(919,127,'6/29/2024 13:20','6/29/2024 14:30',100344,152)
    ,(920,146,'6/10/2024 0:53','6/10/2024 1:34',102628,865)
    ,(921,24,'9/27/2023 5:00','9/27/2023 5:10',100089,460)
    ,(922,166,'4/9/2024 13:03','4/9/2024 14:43',102729,84)
    ,(923,39,'6/3/2024 7:14','6/3/2024 8:54',100219,677)
    ,(924,59,'6/14/2023 11:41','6/14/2023 13:12',100203,498)
    ,(925,266,'4/1/2024 6:57','4/1/2024 7:09',102552,627)
    ,(926,144,'10/26/2023 6:37','10/26/2023 7:40',100473,692)
    ,(927,179,'10/27/2023 20:28','10/27/2023 20:55',100113,822)
    ,(928,188,'7/22/2024 8:18','7/22/2024 8:25',100099,418)
    ,(929,249,'5/17/2024 1:54','5/17/2024 2:41',100005,95)
    ,(930,34,'9/16/2024 1:35','9/16/2024 2:52',102576,722)
    ,(931,73,'2/1/2024 18:51','2/1/2024 19:37',100232,426)
    ,(932,284,'9/4/2024 3:44','9/4/2024 4:51',102702,628)
    ,(933,173,'3/4/2024 5:54','3/4/2024 7:12',100048,947)
    ,(934,87,'8/6/2024 18:04','8/6/2024 19:18',102701,623)
    ,(935,274,'12/9/2023 19:56','12/9/2023 20:14',100512,412)
    ,(936,132,'1/8/2024 20:45','1/8/2024 21:14',100048,973)
    ,(937,97,'7/15/2023 21:20','7/15/2023 21:35',100512,569)
    ,(938,192,'2/7/2024 10:56','2/7/2024 11:11',102557,213)
    ,(939,122,'1/28/2024 6:47','1/28/2024 6:55',100173,470)
    ,(940,142,'8/25/2023 11:16','8/25/2023 12:59',100026,951)
    ,(941,168,'11/19/2023 7:11','11/19/2023 7:22',102747,49)
    ,(942,276,'7/2/2024 9:41','7/2/2024 10:06',100042,489)
    ,(943,252,'9/5/2023 12:22','9/5/2023 13:07',102615,890)
    ,(944,240,'10/25/2023 6:59','10/25/2023 8:33',100249,796)
    ,(945,211,'6/16/2023 20:50','6/16/2023 21:08',102718,289)
    ,(946,1,'2/8/2024 23:58','2/9/2024 0:22',100099,833)
    ,(947,151,'12/16/2023 18:00','12/16/2023 18:16',100344,456)
    ,(948,115,'2/5/2024 11:57','2/5/2024 13:41',100228,178)
    ,(949,119,'9/26/2024 5:07','9/26/2024 6:02',102653,676)
    ,(950,166,'9/20/2024 0:25','9/20/2024 1:01',100259,40)
    ,(951,70,'10/27/2024 15:17','10/27/2024 16:13',100030,237)
    ,(952,190,'6/15/2024 8:54','6/15/2024 9:54',100169,9)
    ,(953,233,'3/31/2024 10:55','3/31/2024 12:17',100161,690)
    ,(954,26,'9/24/2024 9:16','9/24/2024 9:55',100089,340)
    ,(955,291,'2/4/2024 17:46','2/4/2024 18:52',102703,930)
    ,(956,268,'7/24/2023 3:54','7/24/2023 4:18',100193,124)
    ,(957,182,'7/4/2023 12:13','7/4/2023 12:35',100496,37)
    ,(958,260,'8/17/2024 23:45','8/18/2024 0:52',100230,758)
    ,(959,199,'7/11/2023 19:12','7/11/2023 19:42',102636,118)
    ,(960,218,'3/13/2024 7:47','3/13/2024 8:03',100495,184)
    ,(961,222,'11/6/2024 23:39','11/7/2024 1:05',100346,631)
    ,(962,70,'8/18/2023 6:21','8/18/2023 7:38',100001,997)
    ,(963,141,'9/5/2023 10:14','9/5/2023 10:50',102704,991)
    ,(964,136,'10/25/2024 14:25','10/25/2024 15:14',100012,548)
    ,(965,138,'6/29/2024 22:37','6/30/2024 0:09',100160,566)
    ,(966,122,'6/16/2024 21:14','6/16/2024 21:42',100004,202)
    ,(967,215,'6/25/2023 13:28','6/25/2023 15:00',100297,99)
    ,(968,269,'6/11/2023 20:22','6/11/2023 21:18',102574,208)
    ,(969,182,'9/3/2023 8:52','9/3/2023 9:38',100194,345)
    ,(970,96,'1/5/2024 23:32','1/5/2024 23:34',100203,136)
    ,(971,155,'7/23/2023 18:19','7/23/2023 18:37',100005,43)
    ,(972,192,'5/10/2024 3:28','5/10/2024 5:08',100232,294)
    ,(973,79,'7/1/2024 4:29','7/1/2024 5:16',102615,733)
    ,(974,267,'10/17/2024 7:17','10/17/2024 8:07',100259,78)
    ,(975,85,'4/30/2024 10:40','4/30/2024 12:19',100269,979)
    ,(976,243,'7/30/2024 12:29','7/30/2024 12:39',102548,445)
    ,(977,294,'9/2/2023 0:06','9/2/2023 0:41',100236,487)
    ,(978,128,'3/28/2024 8:48','3/28/2024 10:24',100018,213)
    ,(979,239,'8/6/2023 11:16','8/6/2023 11:31',100184,775)
    ,(980,147,'10/15/2023 5:39','10/15/2023 5:45',100252,623)
    ,(981,99,'8/11/2023 9:29','8/11/2023 9:36',100005,204)
    ,(982,288,'6/18/2024 21:16','6/18/2024 21:34',100133,395)
    ,(983,279,'6/29/2024 23:25','6/29/2024 23:47',100496,238)
    ,(984,80,'7/18/2024 3:10','7/18/2024 4:15',102552,386)
    ,(985,271,'6/10/2024 16:47','6/10/2024 17:10',100269,378)
    ,(986,211,'6/20/2024 23:21','6/20/2024 23:41',100202,436)
    ,(987,59,'9/20/2024 8:13','9/20/2024 8:21',100074,634)
    ,(988,209,'8/2/2023 3:06','8/2/2023 4:09',100026,310)
    ,(989,74,'7/16/2024 1:42','7/16/2024 2:21',100193,462)
    ,(990,198,'10/30/2023 23:50','10/31/2023 0:45',100173,1000)
    ,(991,15,'5/17/2024 12:12','5/17/2024 13:12',100023,694)
    ,(992,263,'7/18/2023 4:41','7/18/2023 5:56',100060,324)
    ,(993,225,'7/9/2023 17:15','7/9/2023 17:36',102593,287)
    ,(994,278,'12/28/2023 1:23','12/28/2023 3:06',100203,448)
    ,(995,241,'10/28/2024 16:55','10/28/2024 18:16',102732,186)
    ,(996,78,'10/26/2023 13:34','10/26/2023 14:41',102746,217)
    ,(997,234,'7/14/2023 21:40','7/14/2023 22:34',100269,531)
    ,(998,217,'11/14/2024 8:07','11/14/2024 8:18',100073,465)
    ,(999,186,'10/21/2024 19:12','10/21/2024 19:41',102555,944)
    ,(1000,76,'3/12/2024 19:43','3/12/2024 20:44',102548,658);
SET IDENTITY_INSERT trip_details off




--FK
alter table ticket
add CONSTRAINT ticket_fk_agency_id
FOREIGN KEY (agency_id) REFERENCES agency(agency_id)

alter table rider_ticket
add CONSTRAINT rider_ticket_fk_ticket_id
FOREIGN KEY (ticket_id) REFERENCES ticket(ticket_id)


alter table rider_ticket
add CONSTRAINT rider_ticket_fk_rider_id
FOREIGN KEY (rider_id) REFERENCES rider(rider_id)

alter table routes
add CONSTRAINT routes_fk_agency_id
FOREIGN KEY (agency_id) REFERENCES agency(agency_id)

alter table route_stations
add CONSTRAINT route_stations_fk_route_id
FOREIGN KEY (route_id) REFERENCES routes(route_id)

alter table route_stations
add CONSTRAINT route_stations_fk_stations_id
FOREIGN KEY (stations_id) REFERENCES stations(stations_id)

alter table buses
add CONSTRAINT buses_fk_bus_driver_id
FOREIGN KEY (bus_driver_id) REFERENCES bus_driver(bus_driver_id)

alter table trip_details
add CONSTRAINT trip_details_fk_bus_id
FOREIGN KEY (bus_id) REFERENCES buses(bus_id)

alter table trip_details
add CONSTRAINT trip_details_fk_route_id
FOREIGN KEY (route_id) REFERENCES routes(route_id)

alter table trip_details
add CONSTRAINT trip_details_fk_rider_id
FOREIGN KEY (rider_id) REFERENCES rider(rider_id)

--Database Objects
--Garrett Zhu
GO
-- Create the stored procedure in the specified schema
CREATE or alter PROCEDURE dbo.add_bus_driver(
    @first_name varchar(max),
    @last_name varchar(max)
)
-- add more stored procedure parameters here
AS
BEGIN
    -- body of the stored procedure
    if exists (select * from bus_driver where bus_driver_firstname = @first_name and bus_driver_lastname = @last_name)
    begin 
        throw 50005,'Driver already exists.',1;
    end
    else 
    BEGIN
        begin TRANSACTION
        insert into bus_driver(bus_driver_firstname,bus_driver_lastname)
        values(@first_name,@last_name)
        commit TRANSACTION
    end
END
GO
-- example to execute the stored procedure we just created
EXECUTE dbo.add_bus_driver @first_name = 'Kendricks', @last_name  = 'Wanklin'
GO 


alter table ticket
add CONSTRAINT cost_limit check (
    cost < 15.00
);

alter table trip_details
add total_time as DATEDIFF(minute,trip_start_time,trip_end_time) 

--Database Objects
--Gavin Morrow
GO
CREATE OR ALTER PROCEDURE dbo.add_station (
    @stations_street varchar(max)
)
AS
BEGIN
    IF EXISTS (SELECT * FROM stations WHERE stations.stations_street = @stations_street)
    BEGIN
        throw 50005,'Station already exists',1;
    END
    ELSE 
    BEGIN 
        BEGIN TRANSACTION
        INSERT INTO stations(stations_street)
        values(@stations_street)
        COMMIT TRANSACTION
    END
END

--Testing error throws properly
GO 
EXECUTE dbo.add_station @stations_street = 'Texas Way & W Government Way'

--Checking to make sure a phone number is the right length
ALTER TABLE rider
ADD CONSTRAINT valid_phone_number_length check (
    len(rider_contact_number) >= 9
)

--Assuming someone goes both ways 5 days a week with the individual bus
ALTER TABLE ticket
add commute_cost AS 10 * cost

--Author: Gavin Morrow
/* ========================================================================================
This stored procedure with Select is used to allow someone to see how many stops a
specific route might have assuming they ask for a route that does exist in King County Metro
otherwise we will give an error. With our Queries we can see that Route 1 has 7 stops
and Route 45 has 8 stops granted this might be outdated and only accounts for the Route
Going ONE WAY.
   ======================================================================================== */
GO
CREATE OR ALTER PROCEDURE dbo.route_num_stations (
    @route_name varchar(50)
)
AS 
BEGIN 
    IF NOT EXISTS (SELECT * FROM routes WHERE routes.route_short_name = @route_name)
    BEGIN
        THROW 50004, 'Route Does not Exist', 1;
    END
    ELSE
    BEGIN
        SELECT @route_name AS [Route], (SELECT COUNT(DISTINCT s.stations_id)
                                        FROM routes r
                                        JOIN route_stations rs ON r.route_id = rs.route_id
                                        JOIN stations s ON rs.stations_id = s.stations_id
                                        WHERE r.route_short_name = @route_name) AS num_stops
    END
END
GO

--Checking the stops for the 1 bus line NOT THE ONE LINE
GO
EXECUTE dbo.route_num_stations @route_name = '1'

--Checking stops for the 45
GO
EXECUTE dbo.route_num_stations @route_name = '45'

--Checking to make sure our error throw works
GO 
EXECUTE dbo.route_num_stations @route_name = 'fake route'


/* ===================================================================================
   With Climate change on the rise I wanted to see which agencies were using the most 
   electric or hybrid which would use mostly electricity and comapre them by ranking. 
   First we put these percentages into a temp table and upon inspection they are close
   but Sound Transit uses the most electric or partially electric vehicles at 11.22%.
   We figure this out using two Ctes, the first to get only the electric and hybrid
   percentages, and the second to sum those up into an electric and hybrid percent.
   Finally we do the ranking in our Select statement to get our results.
   =================================================================================== */ 
DROP TABLE IF EXISTS #temp_bus_type_percentages
CREATE TABLE #temp_bus_type_percentages ( 
    agency_name VARCHAR(255), 
    bus_type VARCHAR(50), 
    total_buses INT, 
    percent_by_type DECIMAL(5, 2) 
)
INSERT INTO #temp_bus_type_percentages 
SELECT a.agency_name, b.bus_type, COUNT(b.bus_id) AS total_buses, 
CAST(100.0 * COUNT(b.bus_id) / SUM(COUNT(b.bus_id)) OVER (PARTITION BY a.agency_name) AS DECIMAL(5, 2)) AS percent_by_type 
FROM Buses b 
JOIN trip_details td ON b.bus_id = td.bus_id
JOIN Routes r ON td.route_id = r.route_id 
JOIN Agency a ON r.agency_id = a.agency_id
GROUP BY ROLLUP(a.agency_name, b.bus_type) 
ORDER BY a.agency_name, b.bus_type;

WITH cte_electric_buses
AS (SELECT agency_name, bus_type, percent_by_type FROM #temp_bus_type_percentages
    WHERE bus_type = 'electric bus'
    OR bus_type = 'hybrid'),

cte_electric_and_hybrid_percent
AS (SELECT agency_name, SUM(percent_by_type) AS electric_and_hybrid_percent
    FROM cte_electric_buses
    GROUP BY agency_name)

SELECT *, RANK() OVER (ORDER BY electric_and_hybrid_percent DESC) AS agency_electricity_rank
FROM cte_electric_and_hybrid_percent

SELECT * FROM #temp_bus_type_percentages

